session_id,user_id,session_start,session_end,session_duration_seconds
SES0000001,U00001,2024-06-28T17:55:18Z,28/06/2024 17:55,0
SES0000002,U00001,23/05/2024 20:20,2024-05-23 20:20:17,0
SES0000003,U00003,25/04/2024 06:09,25/04/2024 06:14,250
SES0000004,U00003,2024-04-07 08:56:03,07/04/2024 08:57,101
SES0000005,U00003,11/04/2024 09:30,11/04/2024 09:31,87
SES0000006,U00003,2024-05-14 13:55:48,2024-05-14T13:56:37Z,49
SES0000007,U00003,2024-05-04 04:04:43,2024-05-04 04:06:44,121
SES0000008,U00004,2023-07-19T17:42:41Z,2023-07-19 17:46:15,214
SES0000009,U00004,2023-07-18T01:31:05Z,2023-07-18T01:35:33Z,268
SES0000010,U00004,22/10/2023 16:28,22/10/2023 16:31,134
SES0000011,U00004,2023-12-09T10:35:48Z,09/12/2023 10:38,143
SES0000012,U00004,2023-10-28T01:29:43Z,28/10/2023 01:36,407
SES0000013,U00004,2023-10-22T23:23:11Z,2023-10-22T23:26:02Z,171
SES0000014,U00004,2023-12-10 18:48:46,2023-12-10T18:49:17Z,31
SES0000015,U00004,2023-10-27 12:16:33,2023-10-27 12:23:58,445
SES0000016,U00004,10/10/2023 19:23,10/10/2023 19:31,446
SES0000017,U00004,20/09/2023 04:40,2023-09-20T04:42:35Z,133
SES0000018,U00004,13/09/2023 23:01,13/09/2023 23:31,1808
SES0000019,U00004,09/09/2023 20:14,09/09/2023 20:18,222
SES0000020,U00004,01/11/2023 17:43,2023-11-01T17:44:36Z,72
SES0000021,U00004,2023-07-25 05:01:12,2023-07-25T05:14:49Z,817
SES0000022,U00004,2023-11-01 03:20:26,2023-11-01 03:22:09,103
SES0000023,U00004,29/08/2023 11:02,2023-08-29 11:03:52,102
SES0000024,U00004,2023-07-04T05:11:55Z,04/07/2023 05:28,977
SES0000025,U00004,15/10/2023 18:50,15/10/2023 18:50,8
SES0000026,U00004,2023-12-05T20:12:22Z,2023-12-05 20:17:29,307
SES0000027,U00004,03/09/2023 19:15,03/09/2023 19:19,212
SES0000028,U00005,2024-05-03T08:36:35Z,2024-05-03 08:43:40,425
SES0000029,U00007,2023-05-17T13:53:20Z,2023-05-17T13:57:47Z,267
SES0000030,U00007,12/05/2023 13:03,2023-05-12 13:04:25,55
SES0000031,U00007,2023-05-07T11:39:13Z,07/05/2023 11:43,231
SES0000032,U00007,2023-05-10 16:15:55,2023-05-10 16:16:27,32
SES0000033,U00007,2023-05-06T21:43:27Z,2023-05-06 21:44:33,66
SES0000034,U00007,19/05/2023 18:03,2023-05-19T18:04:34Z,84
SES0000035,U00007,2023-05-14 04:32:20,2023-05-14T04:45:07Z,767
SES0000036,U00007,11/05/2023 07:13,11/05/2023 07:22,511
SES0000037,U00007,2023-05-15 09:57:36,2023-05-15 09:58:55,
SES0000038,U00007,15/05/2023 21:19,15/05/2023 21:19,17
SES0000039,U00007,2023-05-10T10:40:12Z,2023-05-10T10:41:32Z,80
SES0000040,U00007,2023-05-16 02:09:15,2023-05-16 02:11:47,152
SES0000041,U00007,2023-05-19T09:39:42Z,2023-05-19 09:46:57,435
SES0000042,U00007,09/05/2023 17:07,2023-05-09 17:31:58,1474
SES0000043,U00007,17/05/2023 07:21,2023-05-17 07:21:38,11
SES0000044,U00007,09/05/2023 23:10,09/05/2023 23:10,30
SES0000045,U00007,2023-05-09 20:54:20,2023-05-09 20:55:32,72
SES0000046,U00007,2023-05-09 06:19:05,09/05/2023 06:20,
SES0000047,U00007,15/05/2023 21:50,15/05/2023 21:53,138
SES0000048,U00007,06/05/2023 06:14,2023-05-06 06:16:10,118
SES0000049,U00009,2023-03-20T10:36:21Z,2023-03-20 10:39:14,173
SES0000050,U00010,2023-02-16T03:04:04Z,2023-02-16 03:08:48,284
SES0000051,U00010,2023-02-08T23:11:28Z,08/02/2023 23:15,217
SES0000052,U00010,11/02/2023 06:50,2023-02-11T06:55:50Z,307
SES0000053,U00011,26/10/2023 03:51,2023-10-26 03:53:13,92
SES0000054,U00011,2023-10-27T16:31:23Z,27/10/2023 16:32,79
SES0000055,U00012,24/03/2024 18:40,24/03/2024 18:40,56
SES0000056,U00013,2023-07-07 04:23:11,2023-07-07 04:24:07,56
SES0000057,U00013,2023-07-03T10:05:48Z,2023-07-03T10:06:08Z,20
SES0000058,U00014,20/12/2023 14:33,2023-12-20T15:34:22Z,N/A
SES0000059,U00014,20/12/2023 10:30,2023-12-20 10:33:27,202
SES0000060,U00014,2023-12-23 20:43:23,2023-12-23 20:44:09,46
SES0000061,U00014,2023-12-21T08:54:35Z,21/12/2023 08:56,98
SES0000062,U00014,22/12/2023 08:01,2023-12-24T20:35:50Z,218049
SES0000063,U00014,24/12/2023 00:17,2023-12-26T03:32:23Z,184491
SES0000064,U00014,2023-12-24 05:45:31,24/12/2023 05:45,24
SES0000065,U00014,2023-12-25 04:24:47,25/12/2023 04:28,210
SES0000066,U00014,2023-12-22T05:52:52Z,2023-12-22 05:54:54,122
SES0000067,U00014,2023-12-20 05:06:28,2023-12-20 05:07:02,34
SES0000068,U00014,24/12/2023 11:26,2023-12-24 11:46:11,1167
SES0000069,U00014,20/12/2023 12:14,2023-12-20 12:15:34,51
SES0000070,U00014,25/12/2023 14:56,2023-12-25T15:11:57Z,941
SES0000071,U00014,2023-12-22T04:23:43Z,2023-12-22T04:24:15Z,32
SES0000072,U00014,2023-12-26 16:33:21,2023-12-26 16:34:59,98
SES0000073,U00015,2023-10-06 17:22:32,2023-10-06 17:26:36,244
SES0000074,U00015,2023-10-04T22:12:54Z,2023-10-04 22:14:36,102
SES0000075,U00015,2023-10-09 06:49:52,2023-10-09T06:52:51Z,N/A
SES0000076,U00016,2024-04-18T02:07:46Z,2024-04-18T03:06:10Z,3504
SES0000077,U00016,2024-04-18T18:07:31Z,18/04/2024 18:09,115
SES0000078,U00017,24/06/2023 20:18,2023-06-24T20:42:19Z,1448
SES0000079,U00018,20/07/2023 04:06,2023-07-23 06:22:19,267325
SES0000080,U00018,2023-07-28T16:43:19Z,2023-07-28T16:44:36Z,77
SES0000081,U00018,04/07/2023 10:23,2023-07-04T10:24:50Z,78
SES0000082,U00018,2023-07-24 13:49:12,2023-07-24 13:50:07,55
SES0000083,U00018,2023-07-19 23:18:21,2023-07-19T23:20:27Z,
SES0000084,U00018,06/07/2023 19:55,2023-07-06 19:57:58,N/A
SES0000085,U00018,2023-07-12T02:45:02Z,2023-07-12T02:45:50Z,48
SES0000086,U00018,06/07/2023 20:33,2023-07-06T20:38:20Z,299
SES0000087,U00018,2023-07-19T23:32:39Z,2023-07-19 23:33:20,41
SES0000088,U00018,23/07/2023 08:24,23/07/2023 08:28,214
SES0000089,U00018,03/07/2023 01:03,2023-07-03 01:05:46,153
SES0000090,U00018,2023-07-18 07:17:42,2023-07-18 07:19:53,131
SES0000091,U00018,2023-07-06 12:38:57,2023-07-06T12:51:22Z,745
SES0000092,U00018,2023-07-25T05:48:10Z,2023-07-25T06:23:59Z,2149
SES0000093,U00018,02/07/2023 01:45,02/07/2023 01:47,161
SES0000094,U00018,2023-07-22T22:23:46Z,2023-07-22 22:25:01,75
SES0000095,U00018,2023-06-29 07:18:34,29/06/2023 07:21,205
SES0000096,U00018,2023-07-28T10:51:19Z,28/07/2023 10:53,122
SES0000097,U00018,2023-07-27 03:13:51,2023-07-27T03:32:50Z,1139
SES0000098,U00018,29/06/2023 19:22,2023-06-29 19:23:42,45
SES0000099,U00018,2023-07-28T16:36:25Z,2023-07-28T16:51:14Z,889
SES0000100,U00018,27/07/2023 19:06,2023-07-27T19:48:09Z,2526
SES0000101,U00018,29/06/2023 10:31,29/06/2023 10:51,1182
SES0000102,U00018,22/07/2023 01:37,2023-07-22T01:37:48Z,21
SES0000103,U00018,2023-07-18T05:47:22Z,18/07/2023 05:49,137
SES0000104,U00018,2023-07-11T08:59:30Z,2023-07-11 09:03:08,218
SES0000105,U00018,28/07/2023 12:40,2023-07-28 12:41:11,33
SES0000106,U00018,2023-07-18T08:28:54Z,2023-07-18T08:35:51Z,417
SES0000107,U00018,30/06/2023 08:34,2023-06-30 08:35:22,73
SES0000108,U00018,14/07/2023 20:35,2023-07-14T20:36:10Z,N/A
SES0000109,U00018,2023-07-11T06:22:24Z,2023-07-11 06:24:11,107
SES0000110,U00018,2023-06-30T23:56:31Z,30/06/2023 23:58,89
SES0000111,U00018,2023-07-11 17:08:56,2023-07-11 17:44:52,2156
SES0000112,U00018,2023-07-06T06:02:13Z,07/07/2023 06:04,86565
SES0000113,U00018,2023-07-17T22:49:21Z,2023-07-17 22:55:24,363
SES0000114,U00018,2023-06-29T20:08:28Z,2023-06-29T20:10:22Z,114
SES0000115,U00018,2023-07-13 06:45:21,2023-07-13T06:47:08Z,107
SES0000116,U00018,2023-07-04 17:50:49,04/07/2023 17:53,N/A
SES0000117,U00018,17/07/2023 01:49,2023-07-17T01:50:18Z,22
SES0000118,U00018,2023-07-18 11:02:47,2023-07-18 11:09:50,423
SES0000119,U00019,2023-08-01 07:02:56,2023-08-01 07:08:56,360
SES0000120,U00020,07/09/2023 16:11,2023-09-07T16:11:24Z,19
SES0000121,U00021,2023-07-03 07:20:55,2023-07-03T07:25:00Z,245
SES0000122,U00021,04/06/2023 17:37,2023-06-04 17:38:23,69
SES0000123,U00021,2023-05-11 17:37:04,2023-05-11T17:42:40Z,336
SES0000124,U00021,2023-09-20 07:01:17,20/09/2023 07:02,70
SES0000125,U00021,2023-09-18T23:38:56Z,2023-09-18T23:39:35Z,39
SES0000126,U00021,23/06/2023 09:02,2023-06-23 09:04:55,169
SES0000127,U00021,2023-09-07 09:54:04,07/09/2023 09:54,30
SES0000128,U00021,16/10/2023 21:58,2023-10-16 21:59:03,38
SES0000129,U00021,2023-09-17T11:41:38Z,2023-09-17T11:43:22Z,104
SES0000130,U00021,04/10/2023 16:04,2023-10-04T16:09:12Z,254
SES0000131,U00022,2024-04-17T08:43:33Z,2024-04-17T08:43:38Z,5
SES0000132,U00022,2024-03-31T22:34:10Z,2024-03-31 22:35:27,77
SES0000133,U00022,2024-04-21T06:24:55Z,21/04/2024 06:34,601
SES0000134,U00023,08/02/2024 18:11,2024-02-08T18:11:04Z,0
SES0000135,U00023,2024-02-02 18:13:55,02/02/2024 18:15,95
SES0000136,U00023,2024-02-04 17:57:05,04/02/2024 17:59,123
SES0000137,U00023,07/02/2024 03:44,07/02/2024 03:48,237
SES0000138,U00023,2024-02-06 14:21:45,2024-02-06 14:43:51,1326
SES0000139,U00023,06/02/2024 19:21,06/02/2024 19:21,22
SES0000140,U00023,2024-02-02T15:20:16Z,2024-02-02T15:24:28Z,252
SES0000141,U00023,2024-02-08T17:23:39Z,2024-02-08T17:23:39Z,0
SES0000142,U00023,06/02/2024 03:08,2024-02-06 03:08:48,14
SES0000143,U00023,2024-02-05T13:52:09Z,2024-02-05T13:53:11Z,62
SES0000144,U00023,07/02/2024 13:21,07/02/2024 13:24,201
SES0000145,U00023,2024-02-08 22:19:12,2024-02-08 22:20:29,77
SES0000146,U00023,2024-02-03 17:47:07,2024-02-03 17:49:12,125
SES0000147,U00023,05/02/2024 15:09,2024-02-05 15:12:14,159
SES0000148,U00023,2024-02-05 23:35:07,05/02/2024 23:42,443
SES0000149,U00023,2024-02-04 12:02:02,2024-02-04 12:03:20,78
SES0000150,U00023,2024-02-04T05:04:36Z,2024-02-04 05:13:33,537
SES0000151,U00023,02/02/2024 23:51,2024-02-02T23:55:19Z,224
SES0000152,U00023,2024-02-02 03:18:28,2024-02-02 03:32:58,870
SES0000153,U00023,07/02/2024 09:42,2024-02-07T09:44:23Z,138
SES0000154,U00023,2024-02-04T12:30:16Z,2024-02-04T12:30:25Z,9
SES0000155,U00023,2024-02-02 06:01:11,2024-02-02 06:07:45,394
SES0000156,U00023,2024-02-06T18:55:30Z,09/02/2024 09:42,226027
SES0000157,U00023,05/02/2024 17:31,2024-02-05T17:33:22Z,98
SES0000158,U00023,03/02/2024 05:26,2024-02-03 05:59:07,1974
SES0000159,U00023,07/02/2024 14:17,2024-02-07 14:18:04,51
SES0000160,U00023,2024-02-07T08:07:17Z,2024-02-07 08:09:52,155
SES0000161,U00023,02/02/2024 02:04,2024-02-02 02:08:42,263
SES0000162,U00023,06/02/2024 10:48,06/02/2024 10:52,218
SES0000163,U00023,04/02/2024 21:43,04/02/2024 21:47,222
SES0000164,U00023,2024-02-04 23:40:53,04/02/2024 23:42,74
SES0000165,U00023,07/02/2024 21:36,2024-02-07 21:36:40,26
SES0000166,U00023,2024-02-05 13:55:14,2024-02-05T14:01:01Z,347
SES0000167,U00023,2024-02-07T14:31:00Z,07/02/2024 14:40,599
SES0000168,U00023,2024-02-06 23:18:11,2024-02-06 23:20:01,
SES0000169,U00023,2024-02-05 04:54:45,05/02/2024 04:55,41
SES0000170,U00023,2024-02-05 03:29:12,2024-02-05 03:34:00,288
SES0000171,U00023,2024-02-08T23:34:52Z,2024-02-08T23:35:52Z,60
SES0000172,U00023,2024-02-02T01:02:48Z,02/02/2024 01:05,176
SES0000173,U00023,2024-02-05T06:31:59Z,05/02/2024 06:32,17
SES0000174,U00023,03/02/2024 15:33,2024-02-03T15:38:34Z,334
SES0000175,U00023,08/02/2024 19:05,2024-02-08 19:07:19,89
SES0000176,U00023,2024-02-08 15:43:34,08/02/2024 15:45,124
SES0000177,U00023,2024-02-05T10:42:38Z,2024-02-05 10:49:11,393
SES0000178,U00023,2024-02-03 08:49:52,2024-02-03 08:59:52,600
SES0000179,U00023,2024-02-08T14:43:42Z,2024-02-08 14:44:43,
SES0000180,U00023,2024-02-04 19:45:44,04/02/2024 20:05,1198
SES0000181,U00023,2024-02-05 09:24:35,05/02/2024 09:33,523
SES0000182,U00023,2024-02-06T12:07:44Z,2024-02-06 12:10:30,166
SES0000183,U00023,03/02/2024 18:00,2024-02-03 18:07:42,460
SES0000184,U00023,06/02/2024 17:31,2024-02-06 17:34:47,179
SES0000185,U00023,04/02/2024 06:02,2024-02-04 06:03:36,82
SES0000186,U00023,2024-02-03 07:25:22,2024-02-03T07:28:20Z,178
SES0000187,U00023,2024-02-06 15:06:53,2024-02-06 15:07:41,48
SES0000188,U00023,2024-02-03 20:06:43,2024-02-03T20:07:11Z,28
SES0000189,U00023,2024-02-06 08:58:17,2024-02-06 09:01:13,
SES0000190,U00023,06/02/2024 01:09,2024-02-06 01:09:00,0
SES0000191,U00023,2024-02-04 07:11:52,2024-02-04T07:14:03Z,131
SES0000192,U00023,08/02/2024 04:20,08/02/2024 04:23,139
SES0000193,U00023,2024-02-05 09:21:36,05/02/2024 09:49,1658
SES0000194,U00023,2024-02-02 01:49:54,02/02/2024 01:52,129
SES0000195,U00023,2024-02-05 13:22:55,2024-02-05 13:23:40,45
SES0000196,U00023,2024-02-05T06:36:27Z,05/02/2024 06:41,273
SES0000197,U00023,2024-02-05 16:51:51,2024-02-05 16:57:55,364
SES0000198,U00023,04/02/2024 05:11,2024-02-04 05:13:18,95
SES0000199,U00023,07/02/2024 15:37,07/02/2024 15:40,200
SES0000200,U00023,2024-02-06T08:35:33Z,2024-02-06 08:38:46,193
SES0000201,U00023,2024-02-05T21:06:37Z,05/02/2024 21:25,1122
SES0000202,U00023,2024-02-05T11:10:05Z,2024-02-05T11:37:56Z,1671
SES0000203,U00023,07/02/2024 02:42,07/02/2024 02:43,35
SES0000204,U00023,2024-02-07 12:52:26,2024-02-07T12:53:19Z,53
SES0000205,U00023,03/02/2024 07:54,2024-02-03 07:57:34,198
SES0000206,U00023,2024-02-02 14:39:57,02/02/2024 14:41,69
SES0000207,U00023,2024-02-03 13:14:28,2024-02-03T13:24:11Z,583
SES0000208,U00023,2024-02-03 21:56:21,2024-02-03T21:56:44Z,23
SES0000209,U00023,02/02/2024 02:50,02/02/2024 02:50,15
SES0000210,U00023,02/02/2024 00:26,2024-02-02 00:28:56,174
SES0000211,U00023,03/02/2024 08:23,2024-02-03 08:26:50,178
SES0000212,U00023,2024-02-02 06:44:26,2024-02-02 06:52:08,462
SES0000213,U00023,2024-02-03T16:26:49Z,2024-02-03T16:30:48Z,239
SES0000214,U00024,2023-04-15 08:54:30,2023-04-15T08:55:59Z,89
SES0000215,U00024,2023-09-10T03:41:10Z,2023-09-10T03:43:30Z,140
SES0000216,U00024,14/07/2023 16:54,2023-07-14 16:58:16,245
SES0000217,U00024,2024-03-24T00:12:43Z,2024-03-24 00:13:32,49
SES0000218,U00024,2024-01-17T20:31:57Z,2024-01-20 18:50:20,253103
SES0000219,U00024,2023-04-24T13:39:39Z,2023-04-24T13:41:16Z,
SES0000220,U00024,2023-11-15 22:35:28,2023-11-15T22:36:11Z,43
SES0000221,U00024,2023-04-18T20:13:36Z,2023-04-18 20:13:59,
SES0000222,U00024,21/12/2023 11:19,2023-12-21 11:22:09,177
SES0000223,U00024,25/05/2023 23:30,25/05/2023 23:41,705
SES0000224,U00024,2023-12-21 12:20:04,21/12/2023 12:21,97
SES0000225,U00024,2023-07-28T00:04:16Z,2023-07-28 00:04:16,0
SES0000226,U00024,2023-10-29 05:50:53,2023-10-29T05:54:49Z,236
SES0000227,U00024,2023-08-03 03:15:12,2023-08-03 04:13:41,3509
SES0000228,U00024,2023-04-19 12:11:31,19/04/2023 12:12,65
SES0000229,U00024,2023-05-01T15:47:05Z,01/05/2023 15:51,274
SES0000230,U00024,24/04/2023 15:48,2023-04-24 15:50:07,104
SES0000231,U00024,2023-10-08T07:26:43Z,08/10/2023 07:32,350
SES0000232,U00024,28/07/2023 04:34,28/07/2023 04:36,115
SES0000233,U00024,21/06/2023 23:01,2023-06-21 23:08:05,417
SES0000234,U00024,31/03/2023 15:47,31/03/2023 15:48,55
SES0000235,U00024,20/02/2024 07:10,2024-02-20T07:11:44Z,57
SES0000236,U00024,2023-06-02T15:54:40Z,2023-06-02 15:55:33,53
SES0000237,U00024,29/08/2023 02:35,2023-08-29T02:37:49Z,134
SES0000238,U00024,2024-01-27T03:41:20Z,27/01/2024 03:43,116
SES0000239,U00024,2024-03-06 06:18:14,2024-03-06T06:19:18Z,64
SES0000240,U00024,2023-05-29 23:59:13,2023-05-30T00:03:04Z,231
SES0000241,U00024,24/07/2023 19:02,2023-07-24 19:04:37,148
SES0000242,U00024,26/07/2023 11:02,2023-07-26T11:18:08Z,961
SES0000243,U00024,2024-01-09T17:02:00Z,09/01/2024 17:06,
SES0000244,U00024,03/02/2024 02:08,2024-02-03 02:08:33,12
SES0000245,U00024,27/10/2023 07:37,2023-10-30 08:19:27,261693
SES0000246,U00024,2023-08-07T00:27:09Z,2023-08-07 00:41:04,835
SES0000247,U00024,20/10/2023 03:30,2023-10-20 03:33:09,161
SES0000248,U00024,2023-08-10 21:13:34,2023-08-10 21:14:21,47
SES0000249,U00024,29/12/2023 01:12,2023-12-29 01:14:28,N/A
SES0000250,U00024,2023-05-07 00:32:33,2023-05-07 00:40:59,506
SES0000251,U00024,2023-12-25 09:54:57,2023-12-25 09:55:29,32
SES0000252,U00024,2023-05-02T17:52:42Z,2023-05-02T17:52:59Z,17
SES0000253,U00024,2023-09-06 03:31:45,2023-09-06T03:38:03Z,378
SES0000254,U00026,2024-04-17 18:17:46,2024-04-17 18:19:54,128
SES0000255,U00026,2024-03-29 11:33:51,2024-03-29T11:35:21Z,90
SES0000256,U00026,2024-04-07T07:27:29Z,2024-04-08 17:28:40,122471
SES0000257,U00026,2024-04-25T10:12:28Z,2024-04-25 10:13:46,78
SES0000258,U00026,01/05/2024 15:39,2024-05-01 16:29:55,3015
SES0000259,U00026,2024-04-07 23:44:40,2024-04-07 23:45:37,57
SES0000260,U00026,04/03/2024 16:13,04/03/2024 16:23,575
SES0000261,U00026,2024-05-10 04:33:46,10/05/2024 04:34,59
SES0000262,U00026,2024-03-05T01:55:51Z,05/03/2024 01:57,117
SES0000263,U00026,2024-05-08T05:27:25Z,08/05/2024 05:29,127
SES0000264,U00026,22/02/2024 10:28,2024-02-22T10:30:04Z,97
SES0000265,U00026,28/04/2024 16:17,2024-04-28 16:18:00,39
SES0000266,U00026,2024-03-08T03:00:40Z,2024-03-08T03:03:18Z,158
SES0000267,U00026,2024-02-26T22:09:30Z,2024-02-26 22:25:04,934
SES0000268,U00026,2024-03-08 09:32:50,2024-03-08 09:33:26,36
SES0000269,U00026,2024-03-17T17:14:55Z,17/03/2024 17:15,60
SES0000270,U00026,2024-03-26 06:02:25,26/03/2024 06:06,265
SES0000271,U00026,09/04/2024 09:28,2024-04-09 09:29:53,73
SES0000272,U00026,2024-03-18 01:47:15,2024-03-18T01:49:25Z,130
SES0000273,U00026,2024-04-30T19:13:41Z,30/04/2024 19:14,30
SES0000274,U00026,2024-04-30T06:45:29Z,2024-04-30 06:48:41,192
SES0000275,U00026,30/04/2024 00:35,30/04/2024 00:41,
SES0000276,U00026,29/04/2024 15:08,2024-04-29 15:15:29,391
SES0000277,U00026,18/02/2024 15:39,2024-02-18T15:41:23Z,136
SES0000278,U00026,2024-04-02 16:04:32,02/04/2024 16:07,177
SES0000279,U00026,2024-03-17 21:06:38,17/03/2024 21:06,0
SES0000280,U00026,2024-04-04 20:40:07,04/04/2024 21:08,1677
SES0000281,U00026,2024-03-12 04:49:08,2024-03-12T04:55:20Z,372
SES0000282,U00026,2024-04-06T02:49:12Z,2024-04-06 02:51:15,123
SES0000283,U00026,2024-02-29T23:07:03Z,2024-02-29T23:09:24Z,141
SES0000284,U00026,2024-05-15T09:43:43Z,15/05/2024 09:45,104
SES0000285,U00026,26/04/2024 02:27,2024-04-26T02:30:23Z,150
SES0000286,U00026,2024-05-15 04:18:45,15/05/2024 04:21,189
SES0000287,U00026,16/02/2024 14:02,2024-02-16 14:04:20,107
SES0000288,U00026,12/04/2024 02:09,2024-04-12 02:11:49,123
SES0000289,U00026,2024-03-17T12:18:12Z,2024-03-17T12:18:35Z,23
SES0000290,U00026,2024-05-11T14:49:35Z,2024-05-11T14:51:29Z,114
SES0000291,U00026,2024-05-09 18:07:54,09/05/2024 18:10,158
SES0000292,U00026,2024-04-26 17:51:38,26/04/2024 18:08,1041
SES0000293,U00026,02/03/2024 23:02,2024-03-02T23:02:53Z,40
SES0000294,U00027,2024-06-13T18:51:49Z,2024-06-13T18:57:11Z,322
SES0000295,U00027,2024-06-13T08:06:20Z,2024-06-13 08:06:53,33
SES0000296,U00027,2024-06-14 17:37:27,14/06/2024 17:38,61
SES0000297,U00027,17/06/2024 17:01,2024-06-17T17:02:54Z,89
SES0000298,U00027,2024-06-17T19:30:32Z,2024-06-17 19:31:25,53
SES0000299,U00027,2024-06-15 17:54:15,2024-06-15T18:03:39Z,564
SES0000300,U00027,13/06/2024 03:06,2024-06-13 03:23:41,1045
SES0000301,U00027,2024-06-16T19:02:09Z,2024-06-16T19:21:11Z,1142
SES0000302,U00027,2024-06-18 07:34:02,2024-06-18T07:38:41Z,279
SES0000303,U00027,15/06/2024 02:41,2024-06-15T02:41:34Z,28
SES0000304,U00027,2024-06-23 10:02:57,2024-06-23T10:08:34Z,337
SES0000305,U00027,2024-06-28T15:27:39Z,2024-06-28T15:30:48Z,N/A
SES0000306,U00027,23/06/2024 13:19,2024-06-23 13:33:18,854
SES0000307,U00027,2024-06-28 00:59:57,28/06/2024 01:00,40
SES0000308,U00027,2024-06-17 16:05:51,17/06/2024 16:07,79
SES0000309,U00027,2024-06-28 19:48:12,28/06/2024 19:54,386
SES0000310,U00027,2024-06-19T21:15:19Z,2024-06-19T21:16:01Z,42
SES0000311,U00027,2024-06-26 14:22:34,26/06/2024 14:22,19
SES0000312,U00027,2024-06-18T23:28:27Z,2024-06-21T14:36:24Z,N/A
SES0000313,U00027,2024-06-28 15:48:12,2024-06-28T15:49:30Z,78
SES0000314,U00028,2023-09-15 01:14:17,2023-09-15 01:14:30,13
SES0000315,U00028,28/08/2023 18:47,2023-08-28 19:00:09,739
SES0000316,U00028,2023-08-20T04:23:25Z,2023-08-20 04:33:02,577
SES0000317,U00028,07/09/2023 18:07,2023-09-07 18:08:58,117
SES0000318,U00028,06/09/2023 13:28,06/09/2023 13:35,406
SES0000319,U00028,2023-09-04 14:20:17,2023-09-04T14:22:09Z,112
SES0000320,U00028,2023-09-11 21:02:37,2023-09-11 21:10:54,497
SES0000321,U00028,2023-09-03T04:14:42Z,2023-09-03 04:55:49,2467
SES0000322,U00028,21/08/2023 20:56,21/08/2023 20:59,179
SES0000323,U00028,2023-09-14T16:53:26Z,14/09/2023 16:55,135
SES0000324,U00030,2024-05-14 08:21:54,2024-05-14T08:27:28Z,334
SES0000325,U00030,2024-05-02T08:38:57Z,2024-05-02 08:39:58,61
SES0000326,U00030,12/05/2024 03:28,2024-05-12T03:30:08Z,126
SES0000327,U00030,2024-05-28T08:31:34Z,2024-05-28T08:32:48Z,74
SES0000328,U00030,2024-05-10 08:09:25,2024-05-10 08:19:46,621
SES0000329,U00030,2024-05-26 15:45:51,2024-05-26T15:46:49Z,58
SES0000330,U00030,2024-05-17 11:31:28,17/05/2024 11:35,252
SES0000331,U00030,02/05/2024 10:02,2024-05-02 10:10:23,457
SES0000332,U00030,2024-05-16T13:22:49Z,2024-05-16 13:24:45,116
SES0000333,U00030,2024-05-06T09:36:10Z,2024-05-06T09:42:04Z,354
SES0000334,U00030,2024-05-10T11:53:36Z,10/05/2024 11:59,369
SES0000335,U00030,2024-05-03 22:19:14,2024-05-03T22:19:56Z,42
SES0000336,U00030,2024-05-19T12:57:09Z,2024-05-19 12:59:13,N/A
SES0000337,U00030,2024-05-04T10:08:25Z,2024-05-04 10:12:38,253
SES0000338,U00030,2024-05-08T12:40:02Z,2024-05-08 12:40:02,0
SES0000339,U00030,2024-05-17 13:15:32,17/05/2024 13:17,105
SES0000340,U00030,2024-05-23 03:53:28,2024-05-23 04:02:06,518
SES0000341,U00030,29/05/2024 18:56,2024-05-29T18:57:55Z,76
SES0000342,U00030,09/05/2024 02:49,2024-05-09 03:12:30,1410
SES0000343,U00030,02/05/2024 14:28,2024-05-02 14:39:10,612
SES0000344,U00031,2024-03-25 18:38:38,25/03/2024 18:38,6
SES0000345,U00031,2024-04-02 14:52:21,02/04/2024 14:56,253
SES0000346,U00031,10/05/2024 08:48,10/05/2024 09:04,980
SES0000347,U00031,2024-05-05 12:45:42,05/05/2024 12:46,39
SES0000348,U00031,17/04/2024 04:03,2024-04-17T04:06:47Z,198
SES0000349,U00032,2023-01-30 23:26:57,2023-01-30T23:27:23Z,26
SES0000350,U00033,2023-08-08T05:35:01Z,2023-08-08T05:41:02Z,361
SES0000351,U00033,2023-03-03 02:27:28,2023-03-03T02:28:31Z,63
SES0000352,U00033,19/02/2023 16:40,2023-02-19 16:41:19,76
SES0000353,U00034,2023-04-13 20:17:24,13/04/2023 20:17,0
SES0000354,U00034,2023-04-17 11:25:52,17/04/2023 11:26,24
SES0000355,U00034,17/04/2023 03:08,2023-04-17 03:26:28,1060
SES0000356,U00034,2023-04-17 13:56:11,2023-04-17T14:06:56Z,645
SES0000357,U00034,15/04/2023 16:55,2023-04-15T17:01:30Z,358
SES0000358,U00035,12/02/2024 17:47,12/02/2024 17:48,86
SES0000359,U00035,21/04/2024 05:07,2024-04-21 05:08:02,48
SES0000360,U00035,2023-12-14 02:34:58,14/12/2023 02:35,31
SES0000361,U00035,06/11/2023 16:42,2023-11-06T17:02:21Z,1204
SES0000362,U00035,2023-10-15 22:34:21,2023-10-15 22:34:49,28
SES0000363,U00035,2024-05-06 09:43:23,2024-05-06T09:44:12Z,49
SES0000364,U00035,01/08/2023 06:28,2023-08-01T06:35:36Z,411
SES0000365,U00035,2024-03-14T03:51:02Z,2024-03-14T03:53:19Z,137
SES0000366,U00035,2024-04-20T08:48:57Z,20/04/2024 09:01,N/A
SES0000367,U00035,2024-06-19T09:25:44Z,2024-06-19T09:27:16Z,92
SES0000368,U00035,2024-01-06 02:48:01,06/01/2024 03:13,1509
SES0000369,U00035,2023-12-24 18:05:33,24/12/2023 18:11,366
SES0000370,U00035,2023-10-08 10:22:50,2023-10-08T10:44:36Z,1306
SES0000371,U00035,2024-03-02 01:33:50,2024-03-02 01:36:11,141
SES0000372,U00035,22/01/2024 01:32,2024-01-22T01:48:08Z,957
SES0000373,U00035,2023-11-16 09:02:51,2023-11-16 09:03:52,61
SES0000374,U00035,12/04/2024 23:27,12/04/2024 23:30,183
SES0000375,U00035,2023-08-05T09:38:43Z,2023-08-05T09:39:21Z,38
SES0000376,U00035,2023-09-27T01:44:03Z,2023-09-27 01:53:05,542
SES0000377,U00035,05/06/2024 05:48,05/06/2024 06:15,1599
SES0000378,U00035,2024-02-05 22:57:35,2024-02-05 22:58:55,80
SES0000379,U00035,2023-12-20T10:15:21Z,2023-12-20T10:19:05Z,224
SES0000380,U00035,2023-08-31T04:15:16Z,2023-08-31 04:16:51,95
SES0000381,U00035,2024-01-02T02:36:01Z,2024-01-02 02:39:17,196
SES0000382,U00035,2024-02-12T00:12:29Z,2024-02-12 00:33:59,1290
SES0000383,U00035,2024-03-15T06:21:16Z,15/03/2024 06:40,1142
SES0000384,U00035,13/05/2024 03:37,2024-05-13T03:40:09Z,154
SES0000385,U00035,2023-11-10T00:52:19Z,2023-11-10T00:52:19Z,0
SES0000386,U00035,2023-12-22 11:19:37,2023-12-22 11:25:38,
SES0000387,U00035,27/10/2023 05:57,2023-10-27 06:01:56,238
SES0000388,U00035,2024-04-12T04:19:13Z,2024-04-12T04:26:49Z,456
SES0000389,U00035,2023-10-05 09:53:23,2023-10-05 09:57:13,230
SES0000390,U00035,2023-10-03T09:04:14Z,2023-10-03 09:05:15,61
SES0000391,U00035,2023-09-24T15:59:01Z,24/09/2023 16:13,842
SES0000392,U00035,30/12/2023 07:31,2023-12-30 07:35:19,258
SES0000393,U00035,17/06/2024 22:57,17/06/2024 23:11,860
SES0000394,U00035,05/02/2024 15:49,2024-02-05T16:03:27Z,847
SES0000395,U00035,01/08/2023 07:37,2023-08-01T07:44:08Z,374
SES0000396,U00035,03/03/2024 08:22,2024-03-03 08:24:15,121
SES0000397,U00035,10/10/2023 17:37,10/10/2023 17:38,30
SES0000398,U00037,2023-09-06T21:09:01Z,06/09/2023 21:12,224
SES0000399,U00037,03/09/2023 05:44,2023-09-05T12:06:23Z,195701
SES0000400,U00037,2023-09-05T22:53:29Z,2023-09-05 22:57:06,217
SES0000401,U00037,03/09/2023 14:43,2023-09-03T14:44:20Z,64
SES0000402,U00037,2023-09-07 00:18:18,07/09/2023 00:20,131
SES0000403,U00037,2023-09-07 08:58:23,2023-09-07 08:58:59,36
SES0000404,U00037,2023-09-04 23:21:12,04/09/2023 23:21,40
SES0000405,U00037,2023-09-01 02:52:01,2023-09-01T02:53:35Z,94
SES0000406,U00037,2023-09-01T19:36:49Z,2023-09-01 19:46:22,
SES0000407,U00037,03/09/2023 15:25,2023-09-03 15:27:43,160
SES0000408,U00037,2023-09-01 09:39:43,2023-09-01T09:43:26Z,223
SES0000409,U00037,2023-09-02 15:26:51,2023-09-02 15:32:40,349
SES0000410,U00037,2023-09-07T22:05:27Z,07/09/2023 22:05,11
SES0000411,U00037,2023-09-02 12:26:19,2023-09-02T12:44:15Z,1076
SES0000412,U00037,2023-09-05T11:46:35Z,2023-09-05 11:46:35,0
SES0000413,U00037,06/09/2023 10:39,2023-09-06 10:43:01,222
SES0000414,U00037,2023-09-04 12:34:45,04/09/2023 12:37,145
SES0000415,U00037,04/09/2023 19:58,2023-09-04 19:58:30,24
SES0000416,U00037,2023-09-03T17:45:22Z,2023-09-03T17:46:36Z,N/A
SES0000417,U00037,2023-09-01T20:40:30Z,2023-09-01 20:44:08,218
SES0000418,U00038,2024-01-08 03:32:17,09/01/2024 23:16,157423
SES0000419,U00038,2024-02-19 19:08:34,2024-02-19T19:21:01Z,747
SES0000420,U00038,2024-02-28T06:12:47Z,2024-02-28 06:15:02,135
SES0000421,U00038,2024-03-07T05:14:04Z,2024-03-07 05:48:42,2078
SES0000422,U00038,2024-03-01 20:58:53,2024-03-01T21:01:40Z,167
SES0000423,U00038,2024-02-26 00:37:29,26/02/2024 00:40,152
SES0000424,U00038,2024-03-04 21:57:41,2024-03-04T22:03:58Z,377
SES0000425,U00038,2024-02-11T16:50:14Z,2024-02-11 16:50:54,
SES0000426,U00038,2024-03-04T15:07:05Z,2024-03-04T15:07:05Z,0
SES0000427,U00038,2023-12-23T12:37:10Z,2023-12-23T12:38:02Z,N/A
SES0000428,U00038,2024-01-16T18:31:48Z,2024-01-16T18:35:59Z,251
SES0000429,U00038,10/12/2023 05:00,10/12/2023 05:01,51
SES0000430,U00038,14/02/2024 04:35,2024-02-14 04:37:16,107
SES0000431,U00038,2023-12-28 10:14:15,28/12/2023 10:24,618
SES0000432,U00038,2024-01-25 07:40:56,2024-01-25T07:44:41Z,N/A
SES0000433,U00038,14/02/2024 21:28,2024-02-14 21:32:10,248
SES0000434,U00038,16/12/2023 15:45,2023-12-16 15:47:24,112
SES0000435,U00038,24/02/2024 16:55,24/02/2024 16:57,115
SES0000436,U00038,24/02/2024 13:09,24/02/2024 13:10,
SES0000437,U00038,2024-02-16T01:08:30Z,2024-02-16T01:09:31Z,61
SES0000438,U00038,22/02/2024 00:13,2024-02-22T00:14:11Z,18
SES0000439,U00038,16/12/2023 03:06,16/12/2023 03:17,702
SES0000440,U00038,2024-01-17 15:06:52,17/01/2024 15:07,41
SES0000441,U00038,2023-12-31T12:48:24Z,31/12/2023 12:49,59
SES0000442,U00038,09/12/2023 13:50,2023-12-09 13:51:05,57
SES0000443,U00038,2023-12-13T00:46:18Z,2023-12-13T00:48:10Z,112
SES0000444,U00038,2023-12-17 12:25:32,2023-12-17 12:29:44,252
SES0000445,U00038,03/02/2024 22:58,03/02/2024 23:00,111
SES0000446,U00038,2024-02-02 04:31:23,02/02/2024 04:33,125
SES0000447,U00038,13/12/2023 01:04,13/12/2023 01:06,125
SES0000448,U00038,11/02/2024 05:36,11/02/2024 05:36,21
SES0000449,U00038,2024-02-19 13:01:27,2024-02-19 13:04:46,199
SES0000450,U00038,01/02/2024 02:55,01/02/2024 03:02,450
SES0000451,U00038,16/01/2024 15:43,2024-01-16 15:45:23,109
SES0000452,U00038,31/12/2023 18:58,2023-12-31 19:10:49,760
SES0000453,U00038,21/01/2024 11:05,2024-01-21 11:05:41,23
SES0000454,U00038,2023-12-21 17:26:34,2023-12-21 17:26:34,0
SES0000455,U00038,20/01/2024 20:06,20/01/2024 20:07,19
SES0000456,U00038,2023-12-14 05:45:21,2023-12-14 05:46:45,84
SES0000457,U00038,01/01/2024 19:34,2024-01-01T19:37:57Z,194
SES0000458,U00038,19/02/2024 08:45,2024-02-19T08:47:33Z,109
SES0000459,U00038,2023-12-14T06:47:39Z,2023-12-14T06:48:53Z,74
SES0000460,U00038,2024-02-02T21:11:44Z,2024-02-02 21:14:30,166
SES0000461,U00038,2024-01-19T17:14:20Z,19/01/2024 17:14,7
SES0000462,U00038,03/01/2024 14:47,2024-01-03 14:52:24,268
SES0000463,U00038,2024-02-21T22:52:58Z,2024-02-21 22:54:01,63
SES0000464,U00038,30/01/2024 15:05,2024-01-30 15:10:34,298
SES0000465,U00038,2023-12-30T01:40:44Z,30/12/2023 01:47,398
SES0000466,U00038,2024-01-06 01:38:31,06/01/2024 01:39,80
SES0000467,U00038,2024-02-25 01:12:34,25/02/2024 01:23,671
SES0000468,U00038,23/01/2024 23:05,2024-01-23T23:29:56Z,1448
SES0000469,U00038,2023-12-22 15:50:04,2023-12-22 15:50:47,43
SES0000470,U00038,2024-01-19 02:18:48,19/01/2024 02:22,202
SES0000471,U00038,26/01/2024 00:36,26/01/2024 00:41,N/A
SES0000472,U00038,01/03/2024 16:38,2024-03-01T16:42:40Z,232
SES0000473,U00038,13/02/2024 23:10,13/02/2024 23:13,N/A
SES0000474,U00038,2024-01-01 20:53:00,2024-01-01 20:54:13,73
SES0000475,U00038,2024-01-25T20:13:16Z,2024-01-25T20:15:18Z,122
SES0000476,U00038,12/12/2023 06:41,2023-12-12 06:53:12,710
SES0000477,U00038,2023-12-29 03:07:35,2023-12-29T03:10:23Z,168
SES0000478,U00038,2024-01-26T21:03:41Z,26/01/2024 21:08,
SES0000479,U00038,2024-02-17T16:11:13Z,2024-02-17 16:11:47,34
SES0000480,U00038,2024-01-19 13:22:36,2024-01-21 20:39:59,199043
SES0000481,U00038,01/01/2024 19:08,01/01/2024 19:13,251
SES0000482,U00038,2024-01-17T23:09:04Z,2024-01-17 23:13:50,286
SES0000483,U00038,2023-12-19T03:28:22Z,2023-12-19T03:30:59Z,157
SES0000484,U00038,2024-02-28T10:10:46Z,2024-02-28T10:13:33Z,167
SES0000485,U00038,19/01/2024 11:33,2024-01-19 11:42:15,508
SES0000486,U00038,2023-12-21 09:14:02,2023-12-21 09:14:57,55
SES0000487,U00038,2024-02-16 18:27:42,16/02/2024 18:31,207
SES0000488,U00038,2024-02-06 19:11:33,2024-02-06 19:15:38,245
SES0000489,U00038,06/03/2024 07:33,2024-03-06 07:34:28,31
SES0000490,U00038,2024-02-27T06:22:33Z,27/02/2024 06:45,1351
SES0000491,U00038,2023-12-15T05:37:45Z,15/12/2023 05:42,269
SES0000492,U00038,14/12/2023 14:42,2023-12-14T14:43:21Z,68
SES0000493,U00038,2023-12-16T11:30:16Z,2023-12-16T11:37:34Z,438
SES0000494,U00038,30/01/2024 02:05,2024-01-30T02:06:21Z,60
SES0000495,U00038,22/02/2024 05:59,2024-02-22 06:04:19,N/A
SES0000496,U00038,28/12/2023 13:08,2023-12-28 13:09:59,116
SES0000497,U00038,15/01/2024 07:13,2024-01-15T07:15:48Z,120
SES0000498,U00039,14/08/2023 02:13,14/08/2023 02:15,145
SES0000499,U00039,16/08/2023 04:22,2023-08-16T04:22:15Z,0
SES0000500,U00039,27/09/2023 09:36,27/09/2023 09:43,417
SES0000501,U00039,23/07/2023 08:11,2023-07-23 08:18:07,405
SES0000502,U00039,2023-07-26 22:53:33,26/07/2023 22:54,52
SES0000503,U00039,2023-09-30 16:05:42,2023-10-02T09:56:46Z,150664
SES0000504,U00039,2023-08-10 23:05:13,2023-08-10 23:11:07,354
SES0000505,U00039,2023-09-28T09:52:31Z,28/09/2023 10:03,654
SES0000506,U00039,2023-09-23 11:57:17,2023-09-23T11:58:01Z,44
SES0000507,U00039,2023-08-28 04:17:56,28/08/2023 04:29,667
SES0000508,U00039,2023-08-14 16:25:02,14/08/2023 16:25,42
SES0000509,U00039,2023-08-01 20:51:17,2023-08-01T20:51:57Z,40
SES0000510,U00039,2023-08-13T06:00:25Z,2023-08-13T06:02:51Z,
SES0000511,U00039,2023-07-17 09:13:27,17/07/2023 09:14,81
SES0000512,U00039,2023-10-09 11:35:37,09/10/2023 12:05,1813
SES0000513,U00039,31/07/2023 13:33,31/07/2023 13:38,342
SES0000514,U00039,09/08/2023 17:44,2023-08-09 17:46:56,168
SES0000515,U00039,2023-08-31T20:30:26Z,31/08/2023 20:34,262
SES0000516,U00039,2023-09-27T09:09:43Z,27/09/2023 09:34,1489
SES0000517,U00039,2023-07-28T10:54:04Z,2023-07-28T10:54:19Z,N/A
SES0000518,U00039,2023-08-18T13:52:36Z,2023-08-18 14:08:02,926
SES0000519,U00039,2023-07-22T13:53:14Z,2023-07-22 14:02:14,540
SES0000520,U00039,14/09/2023 19:23,14/09/2023 19:28,291
SES0000521,U00039,2023-09-30 18:42:18,2023-09-30 18:43:49,
SES0000522,U00039,2023-07-25T23:07:06Z,2023-07-25 23:09:20,134
SES0000523,U00039,27/07/2023 17:01,27/07/2023 17:08,N/A
SES0000524,U00039,2023-09-30T23:52:39Z,30/09/2023 23:52,14
SES0000525,U00039,29/09/2023 15:14,29/09/2023 15:17,130
SES0000526,U00039,2023-08-30T04:41:41Z,2023-08-30T04:43:12Z,91
SES0000527,U00039,2023-09-11T14:45:35Z,2023-09-11 15:13:44,1689
SES0000528,U00040,2024-05-26 03:49:46,26/05/2024 03:52,193
SES0000529,U00040,2024-06-21 06:31:24,2024-06-21 06:34:26,182
SES0000530,U00040,2024-04-03 15:21:58,2024-04-03 15:26:37,279
SES0000531,U00041,2023-01-07 08:06:50,2023-01-07T08:10:33Z,223
SES0000532,U00041,2023-01-13 13:17:32,2023-01-13 13:20:12,160
SES0000533,U00041,2023-01-12 22:16:21,2023-01-12 22:16:48,27
SES0000534,U00041,2023-01-12T12:26:08Z,2023-01-12T12:29:14Z,186
SES0000535,U00041,2023-01-09 19:16:27,2023-01-09 19:19:54,207
SES0000536,U00041,2023-01-10T20:05:41Z,2023-01-10 20:06:04,23
SES0000537,U00041,2023-01-09 07:38:07,2023-01-09 07:38:07,0
SES0000538,U00041,09/01/2023 15:30,2023-01-09T15:30:53Z,43
SES0000539,U00041,2023-01-07T09:32:04Z,2023-01-07 09:33:09,65
SES0000540,U00041,2023-01-13T06:27:51Z,2023-01-13 06:28:01,10
SES0000541,U00042,2023-07-04 04:52:39,2023-07-04 04:53:48,69
SES0000542,U00042,2023-08-29T22:21:39Z,2023-08-29T22:22:17Z,38
SES0000543,U00042,2023-07-05T05:56:30Z,2023-07-05 06:04:43,493
SES0000544,U00042,20/09/2023 19:53,20/09/2023 20:00,413
SES0000545,U00042,2023-08-16 17:55:39,16/08/2023 17:56,N/A
SES0000546,U00043,2024-03-04T22:46:13Z,2024-03-04 22:47:28,75
SES0000547,U00043,2024-04-29T07:59:38Z,2024-04-29T08:00:00Z,22
SES0000548,U00044,2024-05-03 08:17:19,2024-05-03T08:17:57Z,38
SES0000549,U00044,2024-04-05 05:30:12,2024-04-05 05:31:37,85
SES0000550,U00044,2024-04-21T23:47:37Z,2024-04-21T23:48:53Z,76
SES0000551,U00045,04/12/2023 00:19,04/12/2023 00:21,136
SES0000552,U00047,2024-06-13T14:40:32Z,2024-06-13 14:42:03,91
SES0000553,U00047,12/06/2024 03:42,2024-06-12 03:42:40,36
SES0000554,U00048,2024-01-30T08:09:43Z,2024-01-30 08:10:43,60
SES0000555,U00048,2024-01-16T09:07:30Z,2024-01-16 09:07:30,0
SES0000556,U00048,2024-01-01 01:00:15,2024-01-01 01:01:37,82
SES0000557,U00048,2023-12-21 05:44:41,21/12/2023 05:48,229
SES0000558,U00048,2023-12-16 14:44:01,2023-12-16 14:46:13,132
SES0000559,U00048,2023-11-23 13:10:28,2023-11-23 13:18:32,484
SES0000560,U00048,2024-01-15 00:37:47,2024-01-15T00:41:57Z,250
SES0000561,U00048,2023-12-22T11:57:25Z,2023-12-24 22:29:53,210748
SES0000562,U00048,2023-12-11T18:53:32Z,2023-12-11 18:54:24,52
SES0000563,U00048,2023-11-30 12:20:18,30/11/2023 12:20,40
SES0000564,U00050,2023-11-26T13:21:10Z,26/11/2023 13:23,113
SES0000565,U00050,29/11/2023 01:32,2023-11-29 01:32:44,43
SES0000566,U00052,17/06/2024 13:58,17/06/2024 14:03,314
SES0000567,U00052,2024-06-03T10:02:58Z,2024-06-03 10:11:54,536
SES0000568,U00052,05/06/2024 14:19,2024-06-05T14:22:01Z,136
SES0000569,U00052,2024-05-26 01:30:29,26/05/2024 01:31,89
SES0000570,U00052,2024-06-19T13:29:21Z,2024-06-19 13:31:25,124
SES0000571,U00052,2024-06-05 01:18:26,2024-06-05T01:18:59Z,33
SES0000572,U00052,2024-05-31T10:23:53Z,2024-05-31T10:24:13Z,20
SES0000573,U00052,14/06/2024 07:44,2024-06-14T07:45:17Z,76
SES0000574,U00052,2024-06-11T00:39:31Z,11/06/2024 00:40,69
SES0000575,U00052,2024-05-26 17:23:00,26/05/2024 17:26,220
SES0000576,U00053,2023-05-11T21:26:01Z,2023-05-11 21:26:42,41
SES0000577,U00053,2023-10-02 13:58:23,2023-10-02T14:00:23Z,120
SES0000578,U00053,14/09/2023 18:38,2023-09-14 18:40:30,91
SES0000579,U00053,20/06/2023 00:55,20/06/2023 00:57,N/A
SES0000580,U00053,2024-04-21T17:50:20Z,2024-04-21 17:52:55,
SES0000580,U00053,2024-04-21T17:50:20Z,2024-04-21 17:52:55,
SES0000581,U00056,2024-03-16T00:02:22Z,2024-03-16 00:07:56,334
SES0000582,U00056,2024-04-13 08:50:59,2024-04-13 08:52:14,75
SES0000583,U00056,2024-04-23 05:39:34,2024-04-23 05:44:16,282
SES0000584,U00056,2024-05-05 02:02:39,2024-05-05 02:03:29,50
SES0000585,U00056,2024-04-27T04:58:20Z,27/04/2024 05:01,200
SES0000586,U00056,2024-04-24 01:30:49,24/04/2024 01:32,117
SES0000587,U00056,26/06/2024 05:40,2024-06-26 05:43:16,195
SES0000588,U00056,10/05/2024 23:23,10/05/2024 23:36,784
SES0000589,U00056,06/04/2024 14:57,06/04/2024 14:59,103
SES0000590,U00056,2024-03-27T10:23:25Z,27/03/2024 10:23,16
SES0000591,U00056,06/04/2024 22:10,2024-04-06T22:11:46Z,68
SES0000592,U00056,07/05/2024 16:57,2024-05-07 17:02:05,249
SES0000593,U00056,2024-06-26T23:05:20Z,26/06/2024 23:08,174
SES0000594,U00056,10/06/2024 21:31,2024-06-10 21:32:08,31
SES0000595,U00056,21/06/2024 05:26,2024-06-21T05:36:05Z,551
SES0000596,U00056,2024-05-29 08:03:29,29/05/2024 08:04,43
SES0000597,U00056,2024-06-24T19:27:09Z,2024-06-24 19:29:14,125
SES0000598,U00056,2024-05-26 15:20:51,2024-05-26T15:25:54Z,303
SES0000599,U00056,2024-06-04 16:37:53,04/06/2024 16:38,48
SES0000600,U00056,08/04/2024 05:49,2024-04-08T06:19:54Z,1802
SES0000601,U00056,2024-03-10 17:00:27,10/03/2024 17:03,169
SES0000602,U00056,23/05/2024 07:53,2024-05-23T08:04:03Z,621
SES0000603,U00056,2024-04-29T23:26:22Z,30/04/2024 00:05,2371
SES0000604,U00056,2024-05-12T21:21:32Z,2024-05-12T21:26:16Z,284
SES0000605,U00056,2024-06-29T07:13:12Z,2024-06-29 07:16:49,217
SES0000606,U00056,2024-03-28 07:52:44,2024-03-28T07:53:32Z,48
SES0000607,U00056,25/05/2024 14:43,2024-05-25 14:45:34,109
SES0000608,U00056,2024-03-28T13:00:23Z,2024-03-28 13:01:05,42
SES0000609,U00056,2024-06-25 05:36:38,25/06/2024 05:42,323
SES0000610,U00056,2024-04-28 19:07:52,28/04/2024 19:09,107
SES0000611,U00057,2023-05-04T09:28:35Z,2023-05-04 09:32:23,228
SES0000612,U00057,2023-02-19T15:50:27Z,2023-02-19T15:51:13Z,
SES0000613,U00058,2023-09-01 07:15:25,2023-09-01T07:16:03Z,38
SES0000614,U00058,2023-09-07 19:38:32,2023-09-07T19:46:29Z,477
SES0000615,U00058,2023-09-01 21:04:28,01/09/2023 21:21,1039
SES0000616,U00058,2023-09-07 02:12:06,07/09/2023 02:13,85
SES0000617,U00058,2023-09-01T17:52:45Z,2023-09-01 17:58:59,374
SES0000618,U00059,2024-02-08T09:50:40Z,2024-02-08T09:51:07Z,27
SES0000619,U00059,2024-03-28T02:04:52Z,2024-03-28 02:06:16,84
SES0000620,U00061,2024-03-12T17:20:15Z,2024-03-12 17:21:46,91
SES0000621,U00061,2024-02-03T16:33:31Z,2024-02-03 16:35:45,134
SES0000622,U00061,2023-12-27 09:05:05,2023-12-27T09:59:35Z,3270
SES0000623,U00061,23/01/2024 14:02,23/01/2024 14:02,23
SES0000624,U00061,2024-04-29T07:00:58Z,2024-04-29 07:01:38,40
SES0000625,U00061,2024-01-25 10:42:33,2024-01-25T10:42:53Z,20
SES0000626,U00061,2024-02-15T11:28:48Z,2024-02-15T11:29:17Z,29
SES0000627,U00061,2024-03-09T03:29:53Z,2024-03-09T03:30:49Z,56
SES0000628,U00061,06/03/2024 02:20,2024-03-06T02:21:49Z,76
SES0000629,U00061,2024-05-07 01:35:50,07/05/2024 01:37,107
SES0000630,U00061,13/03/2024 22:00,13/03/2024 22:05,346
SES0000631,U00061,16/11/2023 00:39,2023-11-16 00:41:35,128
SES0000632,U00061,2024-04-21T21:14:29Z,2024-04-21T21:15:41Z,72
SES0000633,U00061,05/02/2024 10:13,05/02/2024 10:13,0
SES0000634,U00061,2024-02-24 03:33:04,2024-02-24T03:37:41Z,277
SES0000635,U00061,2023-12-08T07:47:46Z,2023-12-08 07:48:12,26
SES0000636,U00061,2023-12-08T04:28:47Z,08/12/2023 04:29,42
SES0000637,U00061,10/02/2024 11:13,2024-02-10 11:14:38,97
SES0000638,U00061,2023-11-11 06:00:22,2023-11-11T06:05:22Z,300
SES0000639,U00061,2023-12-03 10:05:17,03/12/2023 10:05,0
SES0000640,U00062,12/05/2024 03:18,2024-05-12 03:19:20,N/A
SES0000641,U00062,2024-06-29T02:16:29Z,2024-06-29 02:24:56,N/A
SES0000642,U00062,2024-04-30T20:03:56Z,30/04/2024 20:04,27
SES0000643,U00062,2024-05-29T23:37:25Z,2024-05-29 23:38:48,83
SES0000644,U00062,2024-05-23 11:59:18,2024-05-23T12:00:13Z,55
SES0000645,U00062,01/05/2024 12:50,2024-05-01 12:51:13,22
SES0000646,U00062,2024-05-31 10:24:01,31/05/2024 10:26,140
SES0000647,U00062,2024-06-21T04:57:33Z,2024-06-21T05:00:33Z,180
SES0000648,U00062,10/06/2024 04:04,13/06/2024 15:21,299869
SES0000649,U00062,14/06/2024 20:44,2024-06-14 20:54:55,623
SES0000650,U00062,2024-06-22T21:58:24Z,22/06/2024 22:01,171
SES0000651,U00062,29/04/2024 10:25,29/04/2024 10:26,58
SES0000652,U00062,2024-06-03 01:05:09,03/06/2024 01:07,131
SES0000653,U00062,2024-06-21 09:13:04,2024-06-21T09:13:21Z,17
SES0000654,U00062,25/05/2024 05:16,25/05/2024 05:16,15
SES0000655,U00062,2024-05-24 03:38:18,2024-05-24T03:38:42Z,24
SES0000656,U00062,2024-05-25T09:04:14Z,2024-05-25 09:08:12,238
SES0000657,U00062,2024-05-01 02:21:18,01/05/2024 02:22,63
SES0000658,U00062,2024-06-25 06:55:22,25/06/2024 06:55,26
SES0000659,U00062,14/05/2024 21:43,2024-05-14 21:55:16,716
SES0000660,U00062,2024-05-21 05:17:14,2024-05-21 05:23:02,348
SES0000661,U00062,2024-05-29 06:41:01,2024-05-29T08:18:54Z,
SES0000662,U00062,2024-06-09 05:49:03,09/06/2024 05:49,14
SES0000663,U00062,2024-05-26T16:32:36Z,2024-05-26 16:33:06,30
SES0000664,U00062,2024-06-24 07:35:33,24/06/2024 07:36,48
SES0000665,U00062,19/05/2024 11:38,2024-05-19 11:39:34,53
SES0000666,U00062,2024-05-15T22:57:24Z,2024-05-15 22:58:07,43
SES0000667,U00062,2024-05-18 13:10:18,2024-05-18T13:12:04Z,106
SES0000668,U00062,30/04/2024 02:30,30/04/2024 02:31,31
SES0000669,U00062,2024-05-25 06:14:54,2024-05-25T06:18:44Z,230
SES0000670,U00063,2023-07-30 22:10:18,2023-07-30T22:11:25Z,67
SES0000671,U00063,2023-08-04 09:01:03,04/08/2023 09:01,36
SES0000672,U00063,2023-08-09T02:13:21Z,09/08/2023 02:14,N/A
SES0000673,U00063,10/08/2023 02:58,10/08/2023 02:59,29
SES0000674,U00063,13/08/2023 10:10,2023-08-13 10:15:15,287
SES0000675,U00063,2023-07-30T01:39:38Z,2023-07-30 01:44:13,275
SES0000676,U00063,2023-07-26T21:45:30Z,26/07/2023 21:46,58
SES0000677,U00063,2023-07-25 04:00:32,2023-07-25 04:01:10,38
SES0000678,U00063,2023-08-16T14:34:26Z,2023-08-16T14:35:10Z,44
SES0000679,U00063,2023-08-06 19:26:51,2023-08-06T19:30:50Z,239
SES0000680,U00063,2023-08-08T03:00:15Z,2023-08-08T03:08:26Z,491
SES0000681,U00063,2023-07-31T05:01:05Z,2023-07-31T05:34:04Z,1979
SES0000682,U00063,2023-08-17T09:06:39Z,2023-08-17T09:14:35Z,476
SES0000683,U00063,2023-08-05T12:25:21Z,2023-08-05 12:25:34,13
SES0000684,U00063,2023-08-09T13:05:32Z,09/08/2023 13:19,833
SES0000685,U00063,12/08/2023 01:47,2023-08-12 01:48:13,70
SES0000686,U00063,2023-07-31 00:21:16,31/07/2023 00:21,3
SES0000687,U00063,10/08/2023 17:45,2023-08-10T17:49:39Z,249
SES0000688,U00063,14/08/2023 10:08,2023-08-14T10:10:48Z,157
SES0000689,U00063,2023-08-10T20:17:40Z,10/08/2023 20:17,0
SES0000690,U00063,08/08/2023 20:58,2023-08-08 20:58:24,5
SES0000691,U00063,2023-08-14T17:09:14Z,14/08/2023 17:22,777
SES0000692,U00063,2023-07-30 17:20:39,2023-07-30 17:20:57,18
SES0000693,U00063,2023-07-31T03:40:06Z,2023-07-31T03:45:48Z,342
SES0000694,U00063,2023-07-24 07:17:04,24/07/2023 07:18,75
SES0000695,U00063,2023-07-29T15:24:11Z,2023-07-29T15:31:18Z,427
SES0000696,U00063,2023-08-18 17:08:41,2023-08-18 17:09:32,51
SES0000697,U00063,2023-08-02T08:56:25Z,02/08/2023 08:58,97
SES0000698,U00063,2023-08-08 08:55:52,2023-08-08T08:58:05Z,133
SES0000699,U00063,2023-07-30 19:50:23,2023-07-30 19:50:23,0
SES0000700,U00064,2023-11-17T13:45:08Z,2023-11-17T13:49:34Z,266
SES0000701,U00064,2023-11-14T20:12:15Z,14/11/2023 20:14,
SES0000702,U00064,2023-11-11T22:37:49Z,2023-11-11 22:40:52,183
SES0000703,U00064,2023-11-07T18:14:57Z,2023-11-07 18:20:56,359
SES0000704,U00064,2023-11-14T01:59:15Z,2023-11-14T01:59:59Z,44
SES0000705,U00065,2023-03-04T19:50:37Z,2023-03-04T19:53:19Z,162
SES0000706,U00065,02/03/2023 11:14,02/03/2023 11:15,43
SES0000707,U00065,2023-04-05T09:01:35Z,2023-04-05T09:10:01Z,506
SES0000708,U00065,2023-03-09 00:04:20,2023-03-09 00:05:00,40
SES0000709,U00065,03/03/2023 02:00,03/03/2023 02:04,192
SES0000710,U00065,2023-03-09T16:17:41Z,2023-03-09 16:19:49,128
SES0000711,U00065,2023-03-14 00:38:05,14/03/2023 00:42,255
SES0000712,U00065,2023-05-06 03:08:30,2023-05-06 03:08:33,3
SES0000713,U00065,2023-04-23T05:17:02Z,2023-04-23 05:22:47,345
SES0000714,U00065,2023-05-02 11:13:18,02/05/2023 11:14,51
SES0000715,U00065,20/04/2023 01:41,20/04/2023 01:42,70
SES0000716,U00065,2023-04-10T16:38:56Z,2023-04-10T16:45:12Z,376
SES0000717,U00065,2023-04-25 14:24:44,25/04/2023 14:32,461
SES0000718,U00065,25/05/2023 21:47,25/05/2023 21:54,445
SES0000719,U00065,2023-04-09 12:44:45,2023-04-09 12:47:55,190
SES0000720,U00065,14/05/2023 13:47,14/05/2023 13:49,154
SES0000721,U00065,2023-04-25T12:41:16Z,2023-04-25T12:44:46Z,210
SES0000722,U00065,2023-03-04 22:40:34,2023-03-04 22:41:41,67
SES0000723,U00065,2023-05-16 00:58:14,2023-05-18T18:03:42Z,234328
SES0000724,U00065,2023-05-19 18:51:52,19/05/2023 18:52,23
SES0000725,U00066,29/02/2024 15:05,2024-02-29 15:07:03,79
SES0000726,U00066,24/02/2024 01:16,2024-02-24 01:18:49,130
SES0000727,U00067,2023-10-05T22:23:26Z,2023-10-05T22:23:50Z,24
SES0000728,U00067,2023-10-05T10:12:30Z,2023-10-05T11:26:36Z,4446
SES0000729,U00067,05/10/2023 18:16,05/10/2023 18:17,41
SES0000730,U00068,2023-08-16 13:59:31,2023-08-16 14:02:09,N/A
SES0000731,U00068,2023-08-15T10:00:25Z,2023-08-15 10:01:27,62
SES0000732,U00068,2023-08-13 13:02:42,13/08/2023 13:15,775
SES0000732,U00068,2023-08-13 13:02:42,13/08/2023 13:15,775
SES0000733,U00069,2024-06-04T14:35:43Z,2024-06-04 14:40:16,273
SES0000734,U00069,2024-05-26T00:07:38Z,2024-05-26 00:16:16,518
SES0000735,U00069,03/06/2024 04:07,03/06/2024 04:07,46
SES0000736,U00069,2024-06-04 01:28:22,2024-06-04T01:29:22Z,60
SES0000737,U00069,2024-05-28 12:52:18,2024-05-28T12:52:40Z,22
SES0000738,U00069,05/06/2024 06:23,2024-06-05T06:25:18Z,
SES0000739,U00069,27/05/2024 08:48,2024-05-27T08:55:40Z,447
SES0000740,U00069,2024-06-01T02:01:43Z,2024-06-01T02:01:43Z,0
SES0000741,U00069,2024-05-27 10:17:03,27/05/2024 10:17,29
SES0000742,U00069,2024-05-26 02:06:29,26/05/2024 02:10,225
SES0000743,U00069,2024-05-28 22:12:30,28/05/2024 22:16,245
SES0000744,U00069,2024-05-28T20:57:30Z,2024-05-28T21:02:30Z,300
SES0000745,U00069,2024-05-29T16:46:43Z,2024-05-31 15:19:54,167591
SES0000746,U00069,28/05/2024 05:03,2024-05-28T06:00:15Z,3380
SES0000747,U00069,2024-05-28 08:41:20,2024-05-28T08:44:34Z,194
SES0000748,U00069,2024-06-03T18:20:48Z,2024-06-03 18:22:51,123
SES0000749,U00069,2024-06-05 10:10:16,05/06/2024 10:14,283
SES0000750,U00069,2024-06-06 21:15:35,06/06/2024 21:16,70
SES0000751,U00069,2024-05-29T08:19:37Z,29/05/2024 08:20,74
SES0000752,U00069,2024-06-05T01:38:12Z,2024-06-05T02:01:23Z,1391
SES0000753,U00069,2024-05-27T00:41:47Z,27/05/2024 00:46,268
SES0000754,U00069,2024-05-24 16:45:59,2024-05-24T16:50:27Z,268
SES0000755,U00069,2024-06-05 00:29:52,05/06/2024 00:31,106
SES0000756,U00069,2024-05-29T17:35:21Z,29/05/2024 17:37,110
SES0000757,U00069,27/05/2024 22:03,2024-05-27T22:05:45Z,129
SES0000758,U00069,2024-06-05 11:56:18,2024-06-05 11:56:43,25
SES0000759,U00069,06/06/2024 08:34,06/06/2024 08:55,1283
SES0000760,U00069,29/05/2024 20:52,29/05/2024 21:03,640
SES0000761,U00069,27/05/2024 16:43,2024-05-27T16:43:03Z,0
SES0000762,U00069,2024-06-05 22:01:46,2024-06-05T22:02:34Z,48
SES0000763,U00069,2024-05-25 16:45:39,25/05/2024 16:53,475
SES0000764,U00069,05/06/2024 18:10,05/06/2024 18:12,N/A
SES0000765,U00069,2024-05-28 09:24:33,2024-05-28T09:27:14Z,161
SES0000766,U00069,2024-05-29 15:40:57,30/05/2024 23:05,113053
SES0000767,U00069,2024-05-24T07:41:07Z,2024-05-24 07:41:30,23
SES0000768,U00069,2024-06-02 17:53:26,02/06/2024 17:59,341
SES0000769,U00069,29/05/2024 02:48,2024-05-29T02:48:42Z,N/A
SES0000770,U00069,2024-05-28T17:55:30Z,2024-05-28T17:56:52Z,82
SES0000771,U00069,2024-06-03T22:51:42Z,03/06/2024 22:53,87
SES0000772,U00069,2024-06-05T00:15:08Z,2024-06-05T00:46:56Z,1908
SES0000773,U00070,2024-06-25T01:55:33Z,25/06/2024 01:55,24
SES0000774,U00070,13/06/2024 06:56,2024-06-13T07:04:28Z,472
SES0000775,U00071,2023-07-22 07:54:13,22/07/2023 07:54,13
SES0000776,U00071,19/08/2023 01:04,2023-08-19T01:09:28Z,282
SES0000777,U00071,02/06/2023 01:45,02/06/2023 01:55,606
SES0000778,U00071,2023-07-11T20:38:38Z,11/07/2023 20:41,156
SES0000779,U00071,2023-09-28T19:14:02Z,28/09/2023 19:24,617
SES0000780,U00071,25/08/2023 22:30,25/08/2023 23:17,2802
SES0000781,U00071,2023-10-04 06:55:05,2023-10-06T16:15:36Z,206431
SES0000782,U00071,2023-09-26T06:48:24Z,26/09/2023 06:50,136
SES0000783,U00071,2023-06-23 08:37:06,2023-06-23 10:04:32,N/A
SES0000784,U00071,2023-07-22T21:18:41Z,2023-07-22T21:19:08Z,27
SES0000785,U00071,02/09/2023 12:05,2023-09-02T12:08:39Z,178
SES0000786,U00071,2023-06-22T10:09:56Z,22/06/2023 10:24,885
SES0000787,U00071,07/06/2023 12:33,2023-06-07 12:33:58,0
SES0000788,U00071,2023-10-20 20:01:21,2023-10-20T20:03:33Z,132
SES0000789,U00071,07/07/2023 18:54,07/07/2023 18:55,103
SES0000790,U00071,2023-05-17T13:58:41Z,2023-05-17 13:59:00,19
SES0000791,U00071,23/08/2023 12:26,23/08/2023 12:27,80
SES0000792,U00071,25/09/2023 18:16,2023-09-25 18:25:02,501
SES0000793,U00071,2023-08-15 14:22:02,2023-08-15 14:30:22,500
SES0000794,U00071,2023-09-08T16:10:37Z,2023-09-08 16:11:49,72
SES0000795,U00071,2023-09-26T18:45:09Z,2023-09-26 18:45:48,39
SES0000796,U00071,2023-08-09 06:11:48,2023-08-09T06:13:46Z,118
SES0000797,U00071,2023-10-10 14:36:13,10/10/2023 14:38,128
SES0000798,U00071,2023-09-23T14:42:03Z,2023-09-23T14:44:29Z,146
SES0000799,U00071,2023-05-29 17:40:35,2023-05-29 17:49:50,555
SES0000800,U00071,2023-06-25 10:44:41,2023-06-25T10:47:32Z,171
SES0000801,U00071,27/06/2023 15:39,2023-06-27 15:43:17,206
SES0000802,U00071,2023-10-15 19:19:41,15/10/2023 19:25,339
SES0000803,U00071,2023-07-11T06:09:56Z,11/07/2023 06:16,397
SES0000804,U00071,2023-06-27T20:34:05Z,2023-06-27 20:39:16,311
SES0000805,U00071,2023-09-04 14:45:26,2023-09-04T14:46:37Z,71
SES0000806,U00071,2023-09-05 20:00:40,05/09/2023 20:22,1316
SES0000807,U00071,2023-05-05 01:37:54,05/05/2023 01:39,81
SES0000808,U00071,2023-10-24T09:26:59Z,2023-10-24 09:32:56,357
SES0000809,U00071,2023-10-12 11:19:08,2023-10-12T11:20:40Z,92
SES0000810,U00071,01/06/2023 05:14,01/06/2023 05:14,26
SES0000811,U00071,2023-06-13T07:10:00Z,2023-06-13T07:14:45Z,285
SES0000812,U00071,11/09/2023 12:25,2023-09-11 12:29:14,233
SES0000813,U00071,12/05/2023 23:12,2023-05-12T23:12:52Z,N/A
SES0000814,U00071,05/10/2023 16:30,2023-10-05T16:32:57Z,163
SES0000815,U00073,11/02/2023 16:28,11/02/2023 16:28,0
SES0000816,U00073,11/02/2023 16:43,2023-02-11T16:47:24Z,251
SES0000817,U00074,15/02/2023 19:47,2023-02-15 20:06:45,1128
SES0000818,U00074,2023-02-15 19:54:46,2023-02-15 19:55:49,63
SES0000819,U00075,2024-03-13 18:41:00,2024-03-13T18:46:10Z,310
SES0000820,U00075,2024-03-14 09:17:23,2024-03-14T09:20:19Z,176
SES0000821,U00075,2024-03-18T17:20:04Z,18/03/2024 17:27,463
SES0000822,U00076,2023-04-11 09:15:36,2023-04-11 09:18:51,
SES0000823,U00076,2023-04-05 05:42:04,05/04/2023 05:45,
SES0000824,U00077,28/04/2023 01:00,2023-04-28 01:15:53,938
SES0000825,U00077,28/04/2023 19:15,2023-04-28T19:16:36Z,48
SES0000826,U00077,2023-04-28 11:03:57,2023-04-28T11:05:45Z,108
SES0000827,U00077,2023-04-28 06:46:27,2023-04-28T06:48:29Z,122
SES0000828,U00077,2023-04-28 18:14:30,2023-04-28 18:16:58,148
SES0000829,U00077,28/04/2023 14:37,28/04/2023 14:43,358
SES0000830,U00077,28/04/2023 18:00,2023-04-28 18:01:20,76
SES0000831,U00077,2023-04-28T06:02:21Z,28/04/2023 06:06,271
SES0000832,U00077,2023-04-28T02:30:23Z,2023-04-28 02:30:44,21
SES0000833,U00077,2023-04-28T00:01:51Z,28/04/2023 00:02,40
SES0000834,U00078,20/10/2023 02:12,2023-10-20 02:13:38,39
SES0000835,U00078,21/10/2023 02:08,2023-10-21 02:09:28,70
SES0000836,U00078,16/10/2023 06:05,2023-10-18T02:21:24Z,159355
SES0000837,U00078,2023-10-16 12:43:29,2023-10-16T12:45:23Z,114
SES0000838,U00078,14/10/2023 12:26,2023-10-14 12:44:33,1056
SES0000839,U00078,2023-10-20T07:17:22Z,2023-10-20 07:18:56,N/A
SES0000840,U00078,2023-10-13T06:52:06Z,2023-10-13 06:52:36,30
SES0000841,U00078,11/10/2023 11:53,11/10/2023 12:08,879
SES0000842,U00078,2023-10-21T21:05:42Z,21/10/2023 21:08,180
SES0000843,U00078,2023-10-17 21:56:33,2023-10-17 21:59:54,201
SES0000844,U00078,22/10/2023 21:38,2023-10-22T21:39:11Z,50
SES0000845,U00078,13/10/2023 07:17,2023-10-13 07:20:50,187
SES0000846,U00078,2023-10-22 22:54:40,2023-10-22 22:54:47,7
SES0000847,U00078,20/10/2023 21:38,20/10/2023 21:39,75
SES0000848,U00078,2023-10-15 07:41:50,15/10/2023 08:00,1144
SES0000849,U00078,2023-10-24T14:32:46Z,2023-10-24T14:35:16Z,150
SES0000850,U00078,12/10/2023 07:11,2023-10-12 07:11:46,0
SES0000851,U00078,2023-10-15 04:02:46,2023-10-15 04:03:39,53
SES0000852,U00078,22/10/2023 09:54,2023-10-22T09:58:57Z,243
SES0000853,U00078,12/10/2023 08:47,2023-10-12T08:47:41Z,29
SES0000854,U00078,2023-10-16T11:01:05Z,2023-10-16T11:02:29Z,84
SES0000855,U00078,14/10/2023 00:02,14/10/2023 00:05,204
SES0000856,U00078,2023-10-12T16:37:35Z,2023-10-12T17:02:05Z,1470
SES0000857,U00078,2023-10-17 04:00:04,2023-10-17T04:01:10Z,66
SES0000858,U00078,2023-10-17 08:06:48,2023-10-17 08:08:35,107
SES0000859,U00078,2023-10-18T14:53:23Z,21/10/2023 23:05,288726
SES0000860,U00078,2023-10-23T15:41:19Z,2023-10-23T15:45:24Z,245
SES0000861,U00078,2023-10-18T10:10:22Z,2023-10-18 10:11:00,38
SES0000862,U00078,24/10/2023 15:37,2023-10-24T16:08:38Z,1873
SES0000863,U00078,13/10/2023 06:08,2023-10-13 06:10:30,105
SES0000864,U00078,21/10/2023 09:47,2023-10-21 09:49:25,123
SES0000865,U00078,2023-10-15 09:00:31,2023-10-15T09:01:18Z,47
SES0000866,U00078,2023-10-23 17:57:26,23/10/2023 17:57,7
SES0000867,U00078,18/10/2023 14:08,2023-10-18 14:14:24,345
SES0000868,U00078,11/10/2023 17:57,11/10/2023 17:58,N/A
SES0000869,U00078,19/10/2023 12:29,2023-10-19 12:31:44,N/A
SES0000870,U00078,18/10/2023 11:57,2023-10-18 12:00:17,146
SES0000871,U00078,2023-10-18T18:21:58Z,2023-10-18T18:22:48Z,50
SES0000872,U00078,2023-10-12 08:30:26,2023-10-12 08:33:10,164
SES0000873,U00078,2023-10-15 20:17:42,2023-10-15 20:19:07,85
SES0000874,U00079,2024-06-26 15:47:10,2024-06-26 15:48:50,100
SES0000875,U00079,2024-06-28 19:57:36,2024-06-28T19:59:14Z,98
SES0000876,U00079,28/06/2024 03:36,2024-06-28 03:41:09,304
SES0000877,U00079,2024-06-21T19:22:10Z,2024-06-21T19:45:22Z,1392
SES0000878,U00079,2024-06-19 13:24:48,2024-06-19 13:26:10,82
SES0000879,U00079,2024-06-21T05:55:11Z,21/06/2024 05:56,57
SES0000880,U00079,2024-06-15T21:43:07Z,2024-06-15T21:45:46Z,159
SES0000881,U00079,19/06/2024 06:52,2024-06-19 06:53:45,
SES0000882,U00079,2024-06-29T00:29:12Z,2024-06-29T00:35:13Z,361
SES0000883,U00079,2024-06-24 01:24:54,2024-06-24T01:40:40Z,946
SES0000884,U00080,22/05/2023 11:36,2023-05-22 11:37:48,84
SES0000885,U00080,2023-05-14T13:18:26Z,17/05/2023 20:47,286159
SES0000886,U00080,2023-05-15T07:11:48Z,2023-05-15T07:12:20Z,32
SES0000887,U00080,2023-05-31T15:18:29Z,2023-05-31T15:24:32Z,363
SES0000888,U00080,30/05/2023 03:02,2023-05-30T03:07:38Z,318
SES0000889,U00080,2023-05-04T11:59:25Z,04/05/2023 12:00,N/A
SES0000890,U00080,2023-05-23 17:59:37,2023-05-23T18:00:15Z,38
SES0000891,U00080,2023-05-18T10:37:18Z,2023-05-18T10:39:24Z,126
SES0000892,U00080,10/05/2023 18:31,2023-05-10T18:32:19Z,20
SES0000893,U00080,2023-05-27 02:29:30,2023-05-27T02:29:37Z,7
SES0000894,U00080,18/05/2023 06:26,18/05/2023 06:33,395
SES0000895,U00080,04/05/2023 05:04,2023-05-04 05:05:07,10
SES0000896,U00080,24/05/2023 21:29,2023-05-24 21:40:01,647
SES0000897,U00080,2023-05-08T07:31:22Z,2023-05-08 07:35:25,243
SES0000898,U00080,2023-05-20 06:31:42,2023-05-20T06:39:09Z,447
SES0000899,U00080,15/05/2023 22:59,2023-05-15 23:03:51,276
SES0000900,U00080,2023-05-17 16:24:40,17/05/2023 16:27,153
SES0000901,U00080,2023-05-28 15:56:51,28/05/2023 16:00,222
SES0000902,U00080,2023-05-26T10:52:14Z,26/05/2023 10:58,353
SES0000903,U00080,25/05/2023 01:14,2023-05-25T01:15:54Z,97
SES0000904,U00080,2023-05-15T15:41:25Z,2023-05-15T15:41:59Z,34
SES0000905,U00080,13/05/2023 20:59,2023-05-13T20:59:53Z,45
SES0000906,U00080,22/05/2023 11:17,22/05/2023 11:21,250
SES0000907,U00080,2023-05-19 08:19:02,19/05/2023 08:20,73
SES0000908,U00080,2023-05-23T13:52:32Z,23/05/2023 13:55,192
SES0000909,U00080,26/05/2023 01:45,2023-05-26T01:46:42Z,56
SES0000910,U00080,13/05/2023 14:57,2023-05-13 15:01:15,246
SES0000911,U00080,2023-05-13 15:39:02,2023-05-13 15:41:17,135
SES0000912,U00080,2023-05-25 07:15:43,2023-05-25 07:17:38,115
SES0000913,U00080,2023-05-17 09:26:12,2023-05-17 09:49:30,1398
SES0000914,U00082,2024-06-25T07:53:00Z,25/06/2024 07:54,108
SES0000915,U00082,2024-06-14 08:02:53,2024-06-14T08:17:43Z,890
SES0000916,U00082,2024-06-09 03:48:30,2024-06-09 04:00:40,730
SES0000917,U00082,2024-06-12 07:35:38,12/06/2024 07:37,91
SES0000918,U00082,20/06/2024 04:44,2024-06-20 04:50:10,356
SES0000919,U00084,2023-11-19 20:01:40,2023-11-19T20:02:46Z,66
SES0000920,U00085,05/10/2023 05:59,2023-10-05T06:13:32Z,813
SES0000921,U00085,16/12/2023 22:26,2023-12-16T22:26:48Z,22
SES0000922,U00085,2023-10-19 19:44:08,2023-10-19T19:45:34Z,86
SES0000923,U00085,11/08/2023 23:08,2023-08-11T23:13:49Z,342
SES0000924,U00085,2023-08-13 23:39:28,2023-08-13 23:43:18,230
SES0000925,U00086,2024-01-20 00:44:11,20/01/2024 00:44,22
SES0000926,U00086,2024-02-04 02:46:54,2024-02-04 02:53:21,387
SES0000927,U00086,2023-12-14T12:02:20Z,2023-12-14 12:03:51,91
SES0000928,U00087,2023-12-01T11:50:29Z,2023-12-01T11:52:50Z,141
SES0000929,U00088,2023-04-08T12:38:33Z,2023-04-08T12:40:54Z,141
SES0000930,U00091,2023-11-04T17:24:40Z,04/11/2023 17:27,160
SES0000931,U00091,2023-11-01T01:44:35Z,2023-11-01 01:49:58,323
SES0000932,U00091,09/11/2023 16:23,09/11/2023 16:27,285
SES0000933,U00091,2023-11-09 14:14:23,2023-11-09T14:14:56Z,33
SES0000934,U00091,2023-11-02 08:21:24,2023-11-02T08:21:52Z,28
SES0000935,U00091,2023-10-29 08:19:25,29/10/2023 08:20,44
SES0000936,U00091,2023-10-31 19:27:03,2023-10-31T19:27:21Z,18
SES0000937,U00091,2023-10-30 11:11:20,30/10/2023 11:11,37
SES0000938,U00091,2023-11-06 17:56:08,2023-11-06 17:56:55,47
SES0000939,U00091,2023-11-04T18:50:14Z,2023-11-04 18:51:27,73
SES0000940,U00091,30/10/2023 10:08,2023-10-30T10:29:02Z,1229
SES0000941,U00091,04/11/2023 14:15,04/11/2023 14:16,79
SES0000942,U00091,04/11/2023 08:50,2023-11-04T08:51:09Z,25
SES0000943,U00091,2023-11-03T11:28:51Z,2023-11-03 11:30:36,105
SES0000944,U00091,2023-10-28T13:20:41Z,2023-10-28T13:22:44Z,123
SES0000945,U00091,2023-10-30 06:20:29,30/10/2023 06:29,535
SES0000946,U00091,2023-11-09T23:58:43Z,09/11/2023 23:59,65
SES0000947,U00091,2023-10-31 13:03:26,2023-10-31 13:04:15,
SES0000948,U00091,2023-11-05 12:52:37,2023-11-05 12:54:55,138
SES0000949,U00091,28/10/2023 17:46,2023-10-28 17:47:45,91
SES0000950,U00091,2023-11-10T12:11:07Z,2023-11-10 12:13:23,136
SES0000951,U00091,2023-11-05 00:55:40,2023-11-05T01:00:52Z,312
SES0000952,U00091,2023-11-09 12:35:48,09/11/2023 12:36,51
SES0000953,U00091,28/10/2023 07:27,2023-10-28T07:29:04Z,114
SES0000954,U00091,05/11/2023 06:41,05/11/2023 06:42,86
SES0000955,U00091,2023-11-03 07:13:09,2023-11-03 07:14:24,75
SES0000956,U00091,09/11/2023 11:54,09/11/2023 11:57,192
SES0000957,U00091,2023-11-02 18:26:38,2023-11-02T18:27:13Z,35
SES0000958,U00091,28/10/2023 13:24,2023-10-28 13:27:43,166
SES0000959,U00091,28/10/2023 08:59,2023-10-28T08:59:40Z,34
SES0000960,U00092,2023-01-17T19:46:47Z,2023-01-17T19:48:20Z,93
SES0000961,U00092,2023-01-05 03:50:01,2023-01-05T03:58:27Z,506
SES0000962,U00092,2023-01-13T22:09:58Z,2023-01-13T22:12:06Z,128
SES0000963,U00092,2023-01-13T13:25:49Z,2023-01-13T13:28:07Z,138
SES0000964,U00092,14/01/2023 01:05,2023-01-14T01:12:47Z,416
SES0000965,U00092,2023-01-16 23:32:28,2023-01-17 00:07:15,2087
SES0000966,U00092,16/01/2023 18:57,16/01/2023 18:59,68
SES0000967,U00092,16/01/2023 23:45,2023-01-16T23:56:34Z,645
SES0000968,U00092,04/01/2023 10:45,2023-01-04T10:49:14Z,216
SES0000969,U00092,2023-01-10T19:32:05Z,2023-01-10 19:38:12,367
SES0000970,U00093,2024-01-05T02:40:52Z,2024-01-05T02:41:24Z,32
SES0000971,U00093,2023-11-26T10:23:30Z,2023-11-26T10:24:00Z,30
SES0000972,U00093,07/11/2023 06:23,2023-11-07 06:35:15,718
SES0000973,U00093,2023-12-30 11:04:57,30/12/2023 11:09,264
SES0000974,U00093,08/12/2023 12:41,2023-12-08 12:42:34,59
SES0000975,U00093,2023-12-08T08:36:44Z,2023-12-08 08:38:21,N/A
SES0000976,U00093,2023-11-13 01:48:06,2023-11-13 02:24:03,2157
SES0000977,U00093,2023-12-22 15:40:05,2023-12-22 15:47:52,467
SES0000978,U00093,2023-11-29 21:46:01,29/11/2023 21:46,55
SES0000979,U00093,2023-11-16T01:07:24Z,2023-11-16 01:09:26,122
SES0000980,U00093,2023-10-18 00:58:02,2023-10-18 01:07:26,564
SES0000981,U00093,2023-12-30T09:51:32Z,30/12/2023 09:53,125
SES0000982,U00093,2023-10-20T03:05:57Z,2023-10-20 03:15:06,549
SES0000983,U00093,04/01/2024 15:40,2024-01-04T15:41:24Z,83
SES0000984,U00093,2023-12-17T00:19:06Z,17/12/2023 00:20,62
SES0000985,U00093,09/12/2023 14:08,09/12/2023 14:11,175
SES0000986,U00093,22/11/2023 03:38,22/11/2023 03:38,35
SES0000987,U00093,19/12/2023 03:54,2023-12-21T16:06:26Z,216718
SES0000988,U00093,2023-10-23T11:20:01Z,23/10/2023 11:21,61
SES0000989,U00093,2023-11-07T00:25:12Z,2023-11-07T00:25:12Z,0
SES0000990,U00094,2024-06-26T22:45:42Z,26/06/2024 22:48,151
SES0000991,U00094,28/05/2024 00:34,28/05/2024 00:34,44
SES0000992,U00094,28/06/2024 04:30,2024-06-28T04:33:00Z,177
SES0000993,U00094,2024-06-23 09:02:44,23/06/2024 09:04,135
SES0000994,U00094,2024-04-30T19:40:19Z,30/04/2024 19:41,98
SES0000995,U00094,20/05/2024 14:49,2024-05-20T15:03:43Z,857
SES0000996,U00094,2024-05-15T23:07:48Z,2024-05-15 23:14:02,374
SES0000997,U00094,2024-05-27 23:27:28,2024-05-27T23:35:16Z,468
SES0000998,U00094,03/05/2024 15:14,2024-05-03 15:18:38,257
SES0000999,U00094,05/05/2024 23:12,05/05/2024 23:29,1017
SES0001000,U00094,2024-06-16T14:12:23Z,16/06/2024 14:13,94
SES0001001,U00094,2024-05-29T00:04:12Z,29/05/2024 00:04,24
SES0001002,U00094,2024-05-13T17:22:01Z,2024-05-13T17:23:19Z,78
SES0001003,U00094,2024-06-24T12:19:42Z,24/06/2024 12:22,138
SES0001004,U00094,2024-06-07T01:46:51Z,2024-06-07T01:47:29Z,38
SES0001005,U00094,2024-06-29T22:50:33Z,29/06/2024 22:52,89
SES0001006,U00094,2024-06-25T06:29:24Z,25/06/2024 06:31,131
SES0001007,U00094,2024-05-30 00:07:12,2024-05-30 00:09:47,155
SES0001008,U00094,2024-06-12 19:19:30,12/06/2024 19:21,N/A
SES0001009,U00094,2024-05-02T10:10:31Z,2024-05-02T10:23:45Z,N/A
SES0001010,U00094,2024-05-16 06:59:54,2024-05-16T07:09:15Z,561
SES0001011,U00094,03/06/2024 10:53,03/06/2024 10:58,309
SES0001012,U00094,07/06/2024 00:16,2024-06-07T00:20:38Z,260
SES0001013,U00094,2024-06-02T13:38:48Z,2024-06-02T13:45:44Z,416
SES0001014,U00094,2024-05-19 19:35:07,2024-05-19T19:36:35Z,88
SES0001015,U00094,29/04/2024 17:00,2024-04-29T17:01:38Z,50
SES0001016,U00094,2024-05-29T01:47:01Z,29/05/2024 01:48,81
SES0001017,U00094,2024-06-10T21:04:16Z,2024-06-10 21:13:03,527
SES0001018,U00094,2024-05-04 00:07:09,04/05/2024 00:08,61
SES0001019,U00094,2024-05-01 10:41:48,2024-05-01T10:49:11Z,443
SES0001020,U00094,13/06/2024 17:13,13/06/2024 17:34,1255
SES0001021,U00094,2024-06-24 15:07:36,24/06/2024 15:12,308
SES0001022,U00094,2024-05-07 00:29:29,07/05/2024 00:49,1215
SES0001023,U00094,2024-06-28T01:40:00Z,2024-06-28T01:48:33Z,513
SES0001024,U00094,25/05/2024 11:46,25/05/2024 11:48,99
SES0001025,U00094,2024-05-06 10:03:01,06/05/2024 10:11,492
SES0001026,U00094,2024-06-11 16:54:53,2024-06-11T16:58:45Z,232
SES0001027,U00094,25/06/2024 14:03,2024-06-25 14:09:23,379
SES0001028,U00094,2024-05-24 06:14:30,2024-05-24 06:14:30,0
SES0001029,U00094,22/05/2024 14:04,23/05/2024 14:11,86824
SES0001030,U00094,13/06/2024 12:10,2024-06-13 12:15:30,282
SES0001031,U00094,26/06/2024 14:43,2024-06-26 14:44:52,89
SES0001032,U00094,2024-05-08 02:35:28,2024-05-08T02:37:56Z,148
SES0001033,U00094,2024-05-28T02:35:41Z,2024-05-28 02:36:19,38
SES0001034,U00094,05/06/2024 14:03,2024-06-05 14:22:57,1157
SES0001035,U00094,2024-06-25T04:03:19Z,2024-06-25T04:06:57Z,218
SES0001036,U00094,2024-04-30T23:36:45Z,2024-04-30T23:36:55Z,10
SES0001037,U00094,2024-06-15T05:43:36Z,2024-06-15T05:47:14Z,218
SES0001038,U00094,2024-06-11 18:02:26,2024-06-11 18:06:13,227
SES0001039,U00094,2024-06-06 13:19:26,2024-06-06T13:21:41Z,135
SES0001040,U00094,2024-06-06 15:20:40,2024-06-06 15:41:52,1272
SES0001041,U00094,09/05/2024 23:29,09/05/2024 23:31,81
SES0001042,U00094,2024-06-17T22:38:12Z,17/06/2024 22:45,467
SES0001043,U00094,17/05/2024 15:40,2024-05-17 15:47:34,400
SES0001044,U00094,2024-06-14 14:31:22,14/06/2024 14:33,
SES0001045,U00094,2024-05-03T13:42:56Z,2024-05-03T13:43:26Z,30
SES0001046,U00094,14/06/2024 19:35,2024-06-14 19:38:01,170
SES0001047,U00094,2024-06-15 20:15:54,2024-06-15T20:18:18Z,144
SES0001048,U00094,28/05/2024 11:07,28/05/2024 11:08,45
SES0001049,U00094,20/06/2024 12:19,20/06/2024 12:54,2122
SES0001050,U00094,2024-06-22T05:40:07Z,22/06/2024 05:40,19
SES0001051,U00094,2024-05-04T21:18:13Z,2024-05-04 21:25:50,457
SES0001052,U00094,2024-05-06T18:28:51Z,06/05/2024 18:33,255
SES0001053,U00094,11/06/2024 19:20,2024-06-11 19:21:21,36
SES0001054,U00094,29/04/2024 00:45,2024-04-29T00:46:27Z,84
SES0001055,U00094,20/05/2024 02:09,2024-05-20 02:20:38,694
SES0001056,U00094,2024-06-14T22:58:59Z,2024-06-14T22:59:14Z,15
SES0001057,U00094,2024-05-28T00:28:40Z,28/05/2024 00:35,429
SES0001058,U00094,06/06/2024 01:54,2024-06-06 01:55:23,72
SES0001059,U00094,2024-06-17T16:25:53Z,17/06/2024 16:29,189
SES0001060,U00094,2024-05-25T01:19:53Z,25/05/2024 01:28,526
SES0001061,U00094,2024-06-08T11:21:34Z,2024-06-08T11:21:59Z,25
SES0001062,U00094,2024-06-07T14:03:53Z,07/06/2024 14:04,23
SES0001063,U00094,2024-06-10T18:55:20Z,2024-06-10T19:05:41Z,621
SES0001064,U00094,07/06/2024 10:40,2024-06-07 10:41:19,57
SES0001065,U00094,2024-05-07T06:59:38Z,07/05/2024 07:00,29
SES0001066,U00094,2024-05-15 17:42:02,2024-05-15 17:45:38,216
SES0001067,U00094,2024-05-12T21:26:29Z,2024-05-12 21:27:04,
SES0001068,U00094,2024-06-04 16:26:40,04/06/2024 16:26,0
SES0001069,U00094,2024-06-10T11:47:20Z,10/06/2024 11:50,168
SES0001070,U00095,2024-02-08T10:18:24Z,08/02/2024 10:18,31
SES0001071,U00095,2024-03-25T18:46:04Z,2024-03-25T18:49:23Z,199
SES0001072,U00095,2024-01-31 21:41:52,31/01/2024 21:42,67
SES0001073,U00095,2024-03-18 01:48:44,18/03/2024 02:01,777
SES0001074,U00095,2024-05-17 04:25:04,2024-05-17 04:28:21,197
SES0001075,U00095,2024-06-18 05:15:40,2024-06-18 05:18:43,183
SES0001076,U00095,2024-05-29T16:05:00Z,2024-05-29 17:25:45,4845
SES0001077,U00095,13/05/2024 20:19,2024-05-13 20:30:31,648
SES0001078,U00095,13/06/2024 20:41,2024-06-13T20:51:53Z,635
SES0001079,U00095,2024-05-21T03:03:12Z,2024-05-21T03:05:00Z,108
SES0001080,U00095,2024-05-07 08:43:59,2024-05-07 08:44:43,44
SES0001081,U00095,03/02/2024 02:48,03/02/2024 02:49,62
SES0001082,U00095,2024-03-27T18:43:05Z,2024-03-27T18:44:46Z,101
SES0001083,U00095,2024-02-12 05:36:20,12/02/2024 05:38,
SES0001084,U00095,2024-06-10T05:26:17Z,10/06/2024 05:31,290
SES0001085,U00095,2024-02-09 18:11:34,2024-02-09 18:13:11,97
SES0001086,U00095,2024-02-01T14:26:01Z,2024-02-01 14:29:09,188
SES0001087,U00095,16/04/2024 06:19,16/04/2024 06:22,181
SES0001088,U00095,24/05/2024 10:11,2024-05-24T10:12:36Z,65
SES0001089,U00095,2024-06-14T15:27:19Z,14/06/2024 15:27,0
SES0001090,U00095,05/05/2024 09:09,2024-05-05 09:20:41,646
SES0001091,U00095,2024-05-19 23:11:02,2024-05-19T23:14:19Z,197
SES0001092,U00095,2024-04-26T08:58:51Z,2024-04-26 09:05:51,420
SES0001093,U00095,2024-04-05 17:37:22,05/04/2024 17:45,481
SES0001094,U00095,10/03/2024 23:23,10/03/2024 23:37,859
SES0001095,U00095,28/04/2024 05:22,2024-04-28T05:22:58Z,8
SES0001096,U00095,2024-04-29T19:50:42Z,2024-04-29T20:03:06Z,744
SES0001097,U00095,16/03/2024 03:55,2024-03-16T03:59:24Z,240
SES0001098,U00095,2024-04-26 06:58:11,2024-04-26T06:59:29Z,78
SES0001099,U00095,29/03/2024 08:44,29/03/2024 09:02,1057
SES0001100,U00095,2024-05-01T12:53:51Z,2024-05-01 12:54:36,45
SES0001101,U00095,26/06/2024 03:22,2024-06-28T00:58:55Z,164211
SES0001102,U00095,20/04/2024 07:34,2024-04-20 07:34:15,0
SES0001103,U00095,2024-05-01T19:05:33Z,2024-05-01 19:07:29,116
SES0001104,U00095,2024-02-23 10:41:36,2024-02-23 10:42:51,75
SES0001105,U00095,2024-05-24 14:55:04,2024-05-24T15:11:36Z,992
SES0001106,U00095,2024-04-03 11:38:27,03/04/2024 11:39,57
SES0001107,U00095,2024-03-30 08:08:57,2024-03-30 08:16:42,465
SES0001108,U00095,01/06/2024 03:16,2024-06-01T03:17:33Z,43
SES0001109,U00095,2024-05-11T10:16:23Z,11/05/2024 10:21,311
SES0001110,U00096,2023-11-14 20:11:19,2023-11-14 20:57:08,2749
SES0001111,U00096,11/11/2023 00:23,11/11/2023 00:24,29
SES0001112,U00096,09/11/2023 03:05,09/11/2023 03:08,184
SES0001113,U00096,13/11/2023 22:25,13/11/2023 22:27,94
SES0001114,U00096,12/11/2023 03:40,2023-11-12T03:43:57Z,209
SES0001115,U00099,27/08/2023 09:44,2023-08-27T09:52:45Z,485
SES0001116,U00099,2023-08-27T00:41:59Z,27/08/2023 00:42,6
SES0001117,U00099,2023-08-27T06:21:14Z,2023-08-27 06:23:51,157
SES0001118,U00099,2023-08-27 08:03:28,2023-08-27 08:04:32,64
SES0001119,U00099,2023-08-27 15:24:16,2023-08-27T15:24:27Z,11
SES0001120,U00099,27/08/2023 20:45,2023-08-27 20:48:01,163
SES0001121,U00099,2023-08-27 11:48:13,27/08/2023 11:58,617
SES0001122,U00099,27/08/2023 03:16,2023-08-27T03:17:42Z,96
SES0001123,U00099,27/08/2023 01:54,27/08/2023 01:55,85
SES0001124,U00099,2023-08-27 11:07:28,27/08/2023 11:07,16
SES0001125,U00099,2023-08-27 08:28:03,2023-08-27 08:30:49,166
SES0001126,U00099,27/08/2023 12:34,2023-08-27 12:43:04,531
SES0001127,U00099,27/08/2023 22:26,27/08/2023 22:32,339
SES0001128,U00099,2023-08-27T04:24:55Z,2023-08-27 04:34:19,564
SES0001129,U00099,2023-08-27 10:06:34,2023-08-27T10:08:36Z,122
SES0001130,U00099,2023-08-27 19:31:53,27/08/2023 20:21,2948
SES0001131,U00099,2023-08-27T15:52:03Z,27/08/2023 16:01,553
SES0001132,U00099,27/08/2023 18:14,2023-08-27 18:31:07,1004
SES0001133,U00099,2023-08-27T07:51:21Z,2023-08-27 07:56:16,295
SES0001134,U00099,2023-08-27 03:58:46,27/08/2023 04:05,379
SES0001135,U00099,27/08/2023 18:41,2023-08-27T18:44:24Z,166
SES0001136,U00099,2023-08-27T04:10:18Z,2023-08-27T04:12:06Z,108
SES0001137,U00099,2023-08-27T12:49:38Z,2023-08-27T12:51:06Z,88
SES0001138,U00099,2023-08-27 13:54:04,2023-08-27T13:55:27Z,83
SES0001139,U00099,2023-08-27T01:14:52Z,2023-08-27T01:14:52Z,0
SES0001140,U00099,27/08/2023 10:34,2023-08-27T10:36:11Z,110
SES0001141,U00099,27/08/2023 08:07,2023-08-27T08:07:45Z,
SES0001142,U00099,27/08/2023 21:47,27/08/2023 21:48,70
SES0001143,U00099,2023-08-27T02:53:31Z,2023-08-27T02:54:28Z,57
SES0001144,U00099,2023-08-27 15:12:49,27/08/2023 15:15,132
SES0001145,U00100,2024-03-07 04:13:04,2024-03-07T04:26:36Z,812
SES0001146,U00100,2024-01-08 11:29:31,08/01/2024 11:29,22
SES0001147,U00100,2024-05-14T14:34:29Z,2024-05-14T14:34:29Z,0
SES0001148,U00100,2024-04-01 09:46:07,2024-04-01 09:51:31,324
SES0001149,U00100,2024-02-18 23:54:12,2024-02-18T23:57:52Z,220
SES0001150,U00100,2024-01-10T05:23:01Z,10/01/2024 05:35,738
SES0001151,U00100,2024-02-14 00:02:28,14/02/2024 00:05,160
SES0001152,U00100,2024-02-16 07:10:07,16/02/2024 07:13,188
SES0001153,U00100,29/01/2024 13:29,2024-02-01 15:50:49,267709
SES0001154,U00100,2024-03-23T23:45:00Z,23/03/2024 23:48,228
SES0001155,U00100,2024-05-12 14:29:08,12/05/2024 14:30,73
SES0001156,U00100,29/05/2024 01:41,2024-05-29 01:41:31,
SES0001157,U00100,11/03/2024 06:57,2024-03-11 06:58:41,94
SES0001158,U00100,2024-05-06T00:32:17Z,2024-05-06 00:33:36,79
SES0001159,U00100,2024-05-27T22:43:33Z,2024-05-27 22:45:33,120
SES0001160,U00100,2024-04-02 17:17:49,02/04/2024 17:20,N/A
SES0001161,U00100,15/01/2024 02:19,15/01/2024 02:21,75
SES0001162,U00100,26/02/2024 19:45,2024-02-26T19:46:42Z,64
SES0001163,U00100,2024-04-13 16:14:53,13/04/2024 16:20,349
SES0001164,U00100,2024-03-10 06:18:11,2024-03-10T06:18:26Z,15
SES0001165,U00101,2024-04-22T08:58:45Z,2024-04-22 09:03:01,256
SES0001166,U00101,2024-06-24 10:59:58,24/06/2024 11:00,51
SES0001167,U00101,2024-02-15T07:25:16Z,2024-02-15 07:32:35,439
SES0001168,U00101,03/04/2024 14:15,03/04/2024 14:16,66
SES0001169,U00101,30/04/2024 11:11,30/04/2024 11:11,0
SES0001170,U00101,22/02/2024 10:26,22/02/2024 10:26,
SES0001171,U00101,26/03/2024 18:31,2024-03-26T18:32:56Z,95
SES0001172,U00101,26/03/2024 04:40,26/03/2024 04:47,444
SES0001173,U00101,2024-03-24 03:37:52,2024-03-24T03:42:17Z,N/A
SES0001174,U00101,2024-02-23T16:31:28Z,23/02/2024 16:36,300
SES0001175,U00101,2024-04-01 08:14:33,01/04/2024 08:21,392
SES0001176,U00101,2024-05-07T22:29:15Z,2024-05-07T22:39:48Z,633
SES0001177,U00101,2024-04-21 20:18:47,21/04/2024 20:22,226
SES0001178,U00101,30/03/2024 01:04,2024-03-30T01:04:44Z,37
SES0001179,U00101,2024-04-16T12:16:07Z,2024-04-16 12:27:49,702
SES0001180,U00101,03/05/2024 17:45,2024-05-03 17:47:43,119
SES0001181,U00101,28/06/2024 07:32,2024-06-28T07:32:30Z,26
SES0001182,U00101,2024-04-03 04:26:09,2024-04-03 04:33:04,415
SES0001183,U00101,17/02/2024 08:19,2024-02-17T08:21:26Z,112
SES0001184,U00101,07/02/2024 14:06,07/02/2024 14:07,70
SES0001185,U00101,2024-05-27T22:32:17Z,2024-05-27T22:34:16Z,119
SES0001186,U00101,2024-06-23 19:57:47,23/06/2024 19:59,78
SES0001187,U00101,2024-06-13T23:39:34Z,2024-06-13T23:39:34Z,0
SES0001188,U00101,2024-05-26T17:24:14Z,2024-05-26 17:27:30,196
SES0001189,U00101,2024-06-25T15:14:53Z,25/06/2024 15:19,287
SES0001190,U00101,2024-04-26 00:37:46,2024-04-26T00:41:44Z,238
SES0001191,U00101,21/05/2024 18:31,2024-05-21T18:33:04Z,101
SES0001192,U00101,2024-04-18 08:18:20,18/04/2024 08:21,205
SES0001193,U00101,2024-05-24 22:43:01,24/05/2024 22:44,73
SES0001194,U00101,04/02/2024 03:19,2024-02-04T03:20:53Z,79
SES0001195,U00101,2024-02-27 07:55:07,27/02/2024 07:56,104
SES0001196,U00101,27/06/2024 15:47,2024-06-27 15:48:40,73
SES0001197,U00101,2024-02-22T17:36:13Z,2024-02-22 17:39:52,219
SES0001198,U00101,22/03/2024 15:35,22/03/2024 15:39,279
SES0001199,U00101,2024-06-27 02:57:52,27/06/2024 03:00,181
SES0001200,U00101,2024-02-07 15:09:56,2024-02-10T15:43:16Z,261200
SES0001201,U00101,27/06/2024 14:32,2024-06-27T14:34:00Z,113
SES0001202,U00101,2024-06-03T01:39:29Z,2024-06-03T01:42:46Z,N/A
SES0001203,U00101,2024-03-01T04:07:43Z,2024-03-01T04:11:23Z,220
SES0001204,U00101,12/02/2024 22:46,12/02/2024 23:00,841
SES0001205,U00102,21/09/2023 08:11,2023-09-21T08:12:18Z,45
SES0001206,U00102,26/09/2023 13:50,2023-09-26 13:54:11,232
SES0001207,U00102,2023-12-05 15:44:16,2023-12-05T15:52:25Z,489
SES0001208,U00102,2023-12-29 05:09:39,2023-12-29 05:10:20,41
SES0001209,U00102,2023-09-15T19:31:19Z,2023-09-15 19:32:28,69
SES0001210,U00103,2023-04-13 16:37:44,2023-04-13T16:39:53Z,129
SES0001211,U00103,2023-04-12 17:55:18,2023-04-12T18:05:27Z,609
SES0001212,U00103,2023-04-04 12:44:07,2023-04-04 12:44:48,41
SES0001213,U00103,31/03/2023 04:41,2023-03-31 04:42:13,27
SES0001214,U00103,2023-04-05 20:03:34,2023-04-05 20:22:25,1131
SES0001215,U00103,2023-03-31T00:08:22Z,2023-03-31 00:13:36,314
SES0001216,U00103,2023-03-31T13:22:47Z,2023-03-31T13:25:56Z,189
SES0001217,U00103,2023-03-18 16:59:44,18/03/2023 17:03,242
SES0001218,U00103,13/04/2023 00:24,2023-04-13 00:28:37,270
SES0001219,U00103,2023-04-04T06:20:54Z,2023-04-04 06:22:53,119
SES0001220,U00103,2023-03-24 12:08:00,2023-03-24T12:11:38Z,218
SES0001221,U00103,2023-04-07T02:32:52Z,07/04/2023 02:34,83
SES0001222,U00103,29/03/2023 01:54,2023-03-29 01:58:23,222
SES0001223,U00103,26/03/2023 14:28,2023-03-26 14:33:46,315
SES0001224,U00103,21/03/2023 00:28,2023-03-21 00:29:01,
SES0001225,U00103,2023-03-17T13:22:05Z,2023-03-17T13:28:55Z,410
SES0001226,U00103,2023-03-22 18:18:51,22/03/2023 18:21,152
SES0001227,U00103,10/04/2023 07:49,10/04/2023 07:52,156
SES0001228,U00103,2023-04-11 10:42:04,2023-04-14T07:38:34Z,248190
SES0001229,U00103,2023-03-30 07:36:52,30/03/2023 07:37,36
SES0001230,U00103,2023-04-14T18:16:50Z,2023-04-14T18:30:34Z,824
SES0001231,U00103,2023-03-31 21:15:34,2023-04-02T23:43:25Z,181671
SES0001232,U00103,2023-03-21 13:46:44,2023-03-21 13:52:08,324
SES0001233,U00103,2023-03-18 07:31:25,2023-03-18 07:31:51,26
SES0001234,U00103,2023-04-10T16:16:04Z,10/04/2023 16:16,22
SES0001235,U00103,2023-03-25T14:05:38Z,2023-03-25 14:06:52,74
SES0001236,U00103,14/04/2023 10:12,2023-04-14T10:13:11Z,37
SES0001237,U00103,03/04/2023 17:08,05/04/2023 08:10,140491
SES0001238,U00103,2023-03-29T12:24:56Z,29/03/2023 12:24,0
SES0001239,U00103,2023-04-11T19:29:53Z,11/04/2023 19:30,34
SES0001240,U00103,2023-03-24T06:00:48Z,2023-03-24T06:03:28Z,N/A
SES0001241,U00103,2023-04-04T19:17:27Z,04/04/2023 19:18,77
SES0001242,U00103,2023-04-03 01:58:05,03/04/2023 01:59,58
SES0001243,U00103,09/04/2023 10:17,09/04/2023 10:23,351
SES0001244,U00103,2023-03-18 18:43:10,2023-03-18 18:44:03,53
SES0001245,U00103,2023-03-21T14:55:48Z,2023-03-21T15:02:15Z,387
SES0001246,U00103,2023-04-11T19:19:00Z,2023-04-11 19:21:49,169
SES0001247,U00103,2023-03-27T13:14:35Z,27/03/2023 13:14,7
SES0001248,U00103,2023-03-21 17:10:07,2023-03-21 17:18:29,502
SES0001249,U00103,2023-04-14T13:42:49Z,2023-04-14 13:52:51,602
SES0001250,U00104,2023-04-25 12:50:19,2023-04-25 12:53:26,187
SES0001251,U00104,2023-04-25 06:51:29,25/04/2023 06:56,326
SES0001252,U00104,25/04/2023 09:06,2023-04-25T09:06:31Z,N/A
SES0001253,U00104,2023-04-25 20:46:08,2023-04-25 20:46:44,36
SES0001254,U00104,2023-04-25 04:14:01,2023-04-25T04:19:03Z,302
SES0001255,U00104,2023-04-25T07:07:38Z,2023-04-25T07:08:42Z,64
SES0001256,U00104,2023-04-25 21:21:41,2023-04-25T21:25:03Z,202
SES0001257,U00104,2023-04-25T04:15:13Z,2023-04-25 04:31:37,984
SES0001258,U00104,2023-04-25 16:59:10,2023-04-25T17:00:32Z,82
SES0001259,U00104,2023-04-25T17:41:08Z,2023-04-25T18:35:45Z,3277
SES0001260,U00104,2023-04-25T18:38:42Z,25/04/2023 18:40,80
SES0001261,U00104,25/04/2023 14:24,2023-04-25 14:28:41,227
SES0001262,U00104,2023-04-25T18:04:29Z,25/04/2023 18:08,236
SES0001263,U00104,25/04/2023 10:04,2023-04-25 10:05:09,43
SES0001264,U00104,2023-04-25T01:34:24Z,25/04/2023 01:36,117
SES0001265,U00104,2023-04-25T10:22:10Z,25/04/2023 10:26,233
SES0001266,U00104,25/04/2023 01:07,2023-04-25T01:08:25Z,43
SES0001267,U00104,2023-04-25T23:11:10Z,25/04/2023 23:17,404
SES0001268,U00104,25/04/2023 13:14,25/04/2023 13:17,151
SES0001269,U00104,2023-04-25T20:06:13Z,2023-04-25 20:06:40,27
SES0001270,U00104,2023-04-25T17:47:48Z,25/04/2023 18:12,1465
SES0001271,U00104,2023-04-25 16:57:19,25/04/2023 17:24,1615
SES0001272,U00104,2023-04-25T18:29:26Z,25/04/2023 18:32,166
SES0001273,U00104,2023-04-25 10:17:10,2023-04-25T10:18:44Z,94
SES0001274,U00104,25/04/2023 06:49,25/04/2023 06:49,13
SES0001275,U00104,25/04/2023 07:07,2023-04-25T07:08:12Z,59
SES0001276,U00104,25/04/2023 16:24,25/04/2023 16:24,25
SES0001277,U00104,2023-04-25T17:44:31Z,25/04/2023 17:45,32
SES0001278,U00104,2023-04-25 11:25:51,2023-04-25 11:26:51,60
SES0001279,U00104,25/04/2023 14:58,2023-04-25T14:58:51Z,51
SES0001280,U00104,2023-04-25 09:58:46,2023-04-25T09:59:43Z,57
SES0001281,U00104,25/04/2023 05:22,2023-04-25T05:24:13Z,124
SES0001282,U00104,2023-04-25 14:45:13,2023-04-25T14:46:09Z,56
SES0001283,U00104,2023-04-25T23:01:19Z,2023-04-25 23:01:49,30
SES0001284,U00104,25/04/2023 09:20,2023-04-25 09:22:22,100
SES0001285,U00104,25/04/2023 12:07,2023-04-25 12:08:54,110
SES0001286,U00104,2023-04-25 08:27:00,25/04/2023 08:31,267
SES0001287,U00104,25/04/2023 14:57,2023-04-25T14:58:18Z,20
SES0001288,U00104,2023-04-25 05:10:27,2023-04-28T07:06:06Z,266139
SES0001289,U00104,2023-04-25 16:10:12,25/04/2023 16:10,0
SES0001290,U00105,21/04/2024 06:55,21/04/2024 06:56,102
SES0001291,U00105,2024-04-21T09:39:35Z,2024-04-21 09:41:34,119
SES0001292,U00105,2024-04-27T16:33:29Z,2024-04-27 16:40:03,394
SES0001293,U00105,2024-04-22 21:53:24,22/04/2024 21:56,
SES0001294,U00105,22/04/2024 00:46,2024-04-22 00:53:16,426
SES0001295,U00105,2024-04-26T12:14:44Z,26/04/2024 12:20,343
SES0001296,U00105,2024-04-23 00:30:03,23/04/2024 00:30,
SES0001297,U00105,27/04/2024 17:11,2024-04-27 17:12:08,40
SES0001298,U00105,2024-04-24T06:51:43Z,24/04/2024 06:54,145
SES0001299,U00105,24/04/2024 05:15,24/04/2024 05:17,98
SES0001300,U00105,23/04/2024 15:21,2024-04-23 15:23:28,123
SES0001301,U00105,26/04/2024 08:36,2024-04-26 08:39:41,215
SES0001302,U00105,22/04/2024 17:26,2024-04-22 17:40:14,824
SES0001303,U00105,25/04/2024 20:11,2024-04-25T20:14:07Z,186
SES0001304,U00105,21/04/2024 20:44,2024-04-21 20:58:32,
SES0001305,U00106,2024-03-23 09:41:31,2024-03-23T09:42:13Z,42
SES0001306,U00106,2024-03-27 20:55:18,27/03/2024 20:57,110
SES0001307,U00106,24/03/2024 14:53,2024-03-24 14:56:40,178
SES0001308,U00106,2024-03-24T00:40:57Z,24/03/2024 00:43,176
SES0001309,U00106,23/03/2024 00:48,23/03/2024 00:53,320
SES0001310,U00106,24/03/2024 06:08,2024-03-24T06:12:08Z,242
SES0001311,U00106,27/03/2024 12:38,2024-03-27 12:46:33,485
SES0001312,U00106,2024-03-23 15:38:37,2024-03-23T15:40:18Z,101
SES0001313,U00106,2024-03-28T16:36:03Z,29/03/2024 20:06,99000
SES0001314,U00106,2024-03-29 20:40:08,2024-03-29 20:42:12,124
SES0001315,U00106,23/03/2024 23:51,2024-03-24T00:12:57Z,1290
SES0001316,U00106,2024-03-28T14:11:31Z,28/03/2024 14:18,418
SES0001317,U00106,2024-03-26 21:34:58,26/03/2024 21:40,322
SES0001318,U00106,2024-03-24 20:04:59,2024-03-24 20:06:09,70
SES0001319,U00106,2024-03-26 09:55:44,2024-03-26T09:56:28Z,44
SES0001320,U00106,27/03/2024 10:43,27/03/2024 10:43,45
SES0001321,U00106,2024-03-27T19:11:20Z,2024-03-27T19:33:07Z,1307
SES0001322,U00106,2024-03-27T13:43:43Z,2024-03-27T13:46:26Z,163
SES0001323,U00106,23/03/2024 13:31,23/03/2024 13:40,538
SES0001324,U00106,23/03/2024 10:09,2024-03-23T10:11:47Z,154
SES0001325,U00106,2024-03-23T13:08:45Z,23/03/2024 13:13,282
SES0001326,U00106,2024-03-25T12:54:16Z,2024-03-25 12:55:08,52
SES0001327,U00106,2024-03-24T04:18:11Z,24/03/2024 04:21,178
SES0001328,U00106,2024-03-29 05:02:13,2024-03-29 05:07:06,293
SES0001329,U00106,27/03/2024 07:58,2024-03-27T08:06:10Z,465
SES0001330,U00106,2024-03-25T09:50:04Z,28/03/2024 17:07,
SES0001331,U00106,26/03/2024 05:05,26/03/2024 05:06,23
SES0001332,U00106,2024-03-26T14:21:49Z,2024-03-26 14:24:35,166
SES0001333,U00106,24/03/2024 17:02,24/03/2024 17:10,484
SES0001334,U00106,2024-03-27T16:36:15Z,27/03/2024 16:37,57
SES0001335,U00107,2023-07-10 22:57:18,2023-07-10T22:58:45Z,
SES0001336,U00107,2023-07-13T09:23:56Z,2023-07-13T09:24:42Z,46
SES0001337,U00107,20/07/2023 01:03,2023-07-20T01:06:57Z,222
SES0001338,U00107,15/07/2023 06:17,2023-07-17 06:11:28,172460
SES0001339,U00107,20/07/2023 00:17,20/07/2023 00:19,153
SES0001340,U00107,2023-07-20 14:45:22,20/07/2023 14:48,214
SES0001341,U00107,2023-07-18 22:36:11,18/07/2023 22:39,178
SES0001342,U00107,2023-07-09 16:26:27,2023-07-09 16:30:28,241
SES0001343,U00107,2023-07-18T04:38:52Z,2023-07-18 04:39:29,37
SES0001344,U00107,20/07/2023 22:38,20/07/2023 22:39,32
SES0001345,U00107,2023-07-13 13:32:55,2023-07-13T13:33:11Z,16
SES0001346,U00107,20/07/2023 20:26,20/07/2023 20:29,222
SES0001347,U00107,21/07/2023 09:28,2023-07-21 09:30:08,83
SES0001348,U00107,2023-07-21T16:36:10Z,2023-07-21T17:00:28Z,1458
SES0001349,U00107,22/07/2023 02:44,22/07/2023 02:46,82
SES0001350,U00107,2023-07-21T18:24:03Z,21/07/2023 18:28,284
SES0001351,U00107,2023-07-19T21:33:57Z,2023-07-19 21:41:57,480
SES0001352,U00107,2023-07-22 02:48:08,2023-07-22T02:56:19Z,491
SES0001353,U00107,12/07/2023 20:49,2023-07-12 20:56:43,439
SES0001354,U00107,2023-07-19 17:46:59,19/07/2023 17:49,165
SES0001355,U00107,2023-07-12T11:54:02Z,12/07/2023 11:57,186
SES0001356,U00107,19/07/2023 21:27,2023-07-19 21:33:08,312
SES0001357,U00107,2023-07-22T00:47:33Z,2023-07-22T00:48:45Z,72
SES0001358,U00107,17/07/2023 22:32,17/07/2023 22:34,139
SES0001359,U00107,2023-07-09 21:17:32,2023-07-09 21:18:09,37
SES0001360,U00107,12/07/2023 01:17,12/07/2023 01:23,307
SES0001361,U00107,09/07/2023 13:11,09/07/2023 13:13,93
SES0001362,U00107,2023-07-17T04:45:15Z,17/07/2023 04:46,71
SES0001363,U00107,2023-07-20 02:53:37,20/07/2023 02:57,229
SES0001364,U00107,19/07/2023 05:26,19/07/2023 05:46,1196
SES0001365,U00107,18/07/2023 05:25,2023-07-18T05:29:20Z,204
SES0001366,U00107,2023-07-19T11:12:43Z,2023-07-19 11:15:11,148
SES0001367,U00107,2023-07-15 21:06:22,2023-07-15T21:09:12Z,170
SES0001368,U00107,2023-07-19T06:33:19Z,2023-07-19T06:40:26Z,427
SES0001369,U00107,2023-07-15T18:33:24Z,15/07/2023 18:46,760
SES0001370,U00107,2023-07-14T00:11:43Z,2023-07-14T00:16:08Z,
SES0001371,U00107,2023-07-21T02:34:17Z,2023-07-21 02:35:14,57
SES0001372,U00107,09/07/2023 22:14,2023-07-09 22:17:33,161
SES0001373,U00107,16/07/2023 21:57,2023-07-16 21:59:14,121
SES0001374,U00107,2023-07-16T17:41:49Z,2023-07-16T17:51:40Z,591
SES0001375,U00107,16/07/2023 04:19,2023-07-16 04:20:50,81
SES0001376,U00107,2023-07-17T07:34:51Z,2023-07-17 07:35:44,53
SES0001377,U00107,2023-07-19 18:07:49,2023-07-19T18:08:18Z,29
SES0001378,U00107,2023-07-14 10:38:19,14/07/2023 10:42,232
SES0001379,U00107,2023-07-21 20:30:38,2023-07-21 20:35:08,270
SES0001380,U00107,2023-07-13 11:45:18,2023-07-13T11:47:00Z,102
SES0001381,U00107,2023-07-12T06:56:17Z,2023-07-12T06:58:32Z,135
SES0001382,U00107,2023-07-22 06:36:25,2023-07-22 06:36:38,13
SES0001383,U00107,15/07/2023 21:44,2023-07-15 21:51:48,441
SES0001384,U00107,2023-07-16T00:40:54Z,2023-07-16 00:40:54,0
SES0001385,U00107,22/07/2023 09:22,2023-07-22T09:31:32Z,541
SES0001386,U00107,2023-07-22T18:59:26Z,2023-07-22 19:12:40,794
SES0001387,U00107,2023-07-12 17:37:54,2023-07-12 17:39:14,80
SES0001388,U00107,16/07/2023 08:16,2023-07-16 08:32:18,931
SES0001389,U00107,13/07/2023 21:44,2023-07-13T21:45:05Z,11
SES0001390,U00107,2023-07-19 02:20:37,2023-07-19 02:21:04,27
SES0001391,U00107,2023-07-13 00:21:59,2023-07-13 00:42:05,1206
SES0001392,U00107,2023-07-16 00:56:12,2023-07-16T00:59:26Z,194
SES0001393,U00107,22/07/2023 05:30,2023-07-22 05:37:18,416
SES0001394,U00107,2023-07-13T13:40:01Z,2023-07-13 13:40:24,
SES0001395,U00107,13/07/2023 15:57,2023-07-13T16:09:09Z,691
SES0001396,U00107,2023-07-18 16:15:18,18/07/2023 16:15,9
SES0001397,U00107,2023-07-11 01:33:37,2023-07-11 01:36:13,156
SES0001398,U00107,2023-07-13 23:58:16,14/07/2023 00:05,429
SES0001399,U00107,10/07/2023 20:37,10/07/2023 20:38,52
SES0001400,U00107,2023-07-17 09:59:52,17/07/2023 10:04,273
SES0001401,U00107,2023-07-14T01:43:56Z,2023-07-14T01:44:38Z,42
SES0001402,U00107,2023-07-10 07:57:51,2023-07-10T07:57:55Z,4
SES0001403,U00107,2023-07-18T04:51:03Z,18/07/2023 04:57,
SES0001404,U00107,2023-07-18 18:31:40,2023-07-18 18:43:53,733
SES0001405,U00107,2023-07-20 04:40:32,2023-07-20T04:40:56Z,24
SES0001406,U00107,2023-07-21 00:38:11,21/07/2023 00:43,307
SES0001407,U00107,17/07/2023 04:41,17/07/2023 04:44,177
SES0001408,U00107,2023-07-09T03:01:53Z,2023-07-09T03:11:44Z,591
SES0001409,U00107,2023-07-12 10:21:21,2023-07-12 10:27:08,347
SES0001410,U00107,2023-07-11T18:36:03Z,2023-07-11T18:50:57Z,894
SES0001411,U00107,2023-07-14 00:06:55,2023-07-14 00:09:54,179
SES0001412,U00107,21/07/2023 21:50,2023-07-21T21:52:03Z,71
SES0001413,U00107,19/07/2023 10:55,19/07/2023 10:56,
SES0001414,U00107,2023-07-17T09:05:51Z,17/07/2023 09:22,983
SES0001414,U00107,2023-07-17T09:05:51Z,17/07/2023 09:22,983
SES0001415,U00108,2023-12-12T01:49:15Z,2023-12-12 01:50:40,85
SES0001416,U00108,17/12/2023 09:51,2023-12-17 09:53:49,162
SES0001417,U00108,03/12/2023 08:04,2023-12-03T08:06:54Z,154
SES0001418,U00108,2023-12-12 02:07:20,12/12/2023 02:09,101
SES0001419,U00108,23/12/2023 14:10,2023-12-23T14:10:54Z,0
SES0001420,U00109,2023-04-16 15:01:10,2023-04-16 15:08:39,N/A
SES0001421,U00109,2023-06-06T16:44:25Z,06/06/2023 16:44,33
SES0001422,U00109,05/08/2023 03:22,2023-08-05T03:24:08Z,85
SES0001423,U00109,2023-07-29 09:09:05,2023-07-29T09:15:57Z,412
SES0001424,U00109,2023-04-14 01:52:59,2023-04-14T01:52:59Z,0
SES0001425,U00109,2023-06-07 09:27:02,2023-06-07 09:30:13,191
SES0001426,U00109,2023-04-30 23:25:18,01/05/2023 00:14,2938
SES0001427,U00109,18/07/2023 11:59,2023-07-18 12:01:43,160
SES0001428,U00109,2023-02-13T00:40:52Z,13/02/2023 00:44,238
SES0001429,U00109,2023-07-30T03:43:39Z,2023-07-30T03:48:15Z,276
SES0001430,U00110,21/04/2023 03:04,2023-04-21 03:17:45,766
SES0001431,U00110,2023-04-25T12:30:14Z,2023-04-25T12:31:31Z,77
SES0001432,U00110,15/04/2023 14:56,2023-04-15T15:00:24Z,257
SES0001433,U00111,2024-04-16 11:36:49,16/04/2024 11:38,95
SES0001434,U00111,2024-04-25 01:53:39,2024-04-25 02:07:40,841
SES0001435,U00111,2024-03-19T13:44:54Z,19/03/2024 13:46,120
SES0001436,U00111,2024-05-06T14:27:09Z,06/05/2024 14:27,16
SES0001437,U00111,2024-06-18T15:09:59Z,2024-06-18 15:10:32,33
SES0001438,U00111,2024-05-01 20:27:11,2024-05-01T20:44:28Z,1037
SES0001439,U00111,2024-04-12T09:53:53Z,12/04/2024 09:56,133
SES0001440,U00111,2024-06-21 10:00:02,2024-06-21 10:01:56,114
SES0001441,U00111,07/05/2024 08:12,2024-05-07 08:15:12,154
SES0001442,U00111,2024-06-11T07:29:14Z,2024-06-11 07:34:53,339
SES0001443,U00111,2024-03-24 12:34:08,2024-03-24T12:35:22Z,74
SES0001444,U00111,08/06/2024 00:42,08/06/2024 00:43,16
SES0001445,U00111,2024-04-12T08:07:09Z,12/04/2024 08:09,145
SES0001446,U00111,2024-05-30 00:43:25,2024-05-30 00:46:16,171
SES0001447,U00111,2024-03-18 19:20:03,18/03/2024 19:36,985
SES0001448,U00111,2024-06-03 19:16:23,2024-06-03 19:19:54,211
SES0001449,U00111,2024-06-15T01:54:26Z,2024-06-15T01:54:55Z,29
SES0001450,U00111,2024-05-11 02:24:54,2024-05-11T02:27:02Z,128
SES0001451,U00111,2024-03-02T05:25:26Z,2024-03-02T05:31:08Z,342
SES0001452,U00111,2024-03-06T02:40:57Z,2024-03-06T02:42:20Z,83
SES0001453,U00112,2023-08-02T02:23:47Z,2023-08-02 03:13:59,3012
SES0001454,U00112,25/07/2023 06:01,2023-07-25T06:03:58Z,151
SES0001455,U00112,02/08/2023 08:56,02/08/2023 08:57,47
SES0001456,U00112,2023-07-31T04:10:14Z,2023-07-31T04:11:50Z,96
SES0001457,U00112,2023-07-19 18:35:58,2023-07-19 18:38:27,149
SES0001458,U00113,2024-05-03 14:33:27,2024-05-03 14:37:46,259
SES0001459,U00114,14/08/2023 17:17,2023-08-14 18:39:22,4929
SES0001460,U00114,2023-08-12 22:20:54,12/08/2023 22:22,104
SES0001461,U00114,11/08/2023 01:12,11/08/2023 01:14,120
SES0001462,U00114,2023-08-11 11:35:06,2023-08-11 11:35:16,10
SES0001463,U00114,14/08/2023 08:19,14/08/2023 08:19,9
SES0001464,U00114,2023-08-12 19:09:07,2023-08-12T19:10:14Z,67
SES0001465,U00114,2023-08-12 19:14:52,2023-08-12 19:16:07,75
SES0001466,U00114,2023-08-14T02:09:49Z,2023-08-14T02:14:33Z,284
SES0001467,U00114,10/08/2023 15:29,2023-08-10 15:30:39,48
SES0001468,U00114,2023-08-13T05:47:52Z,2023-08-13T05:48:57Z,65
SES0001469,U00115,24/02/2024 14:30,2024-02-24 14:31:05,
SES0001470,U00115,2024-02-24 21:34:12,24/02/2024 21:37,175
SES0001471,U00115,24/02/2024 15:19,24/02/2024 15:19,0
SES0001472,U00115,2024-02-24T12:58:52Z,2024-02-24T12:59:26Z,34
SES0001473,U00115,2024-02-24 08:05:57,2024-02-24T08:07:55Z,118
SES0001474,U00115,2024-02-24 16:23:42,2024-02-24T16:37:04Z,802
SES0001475,U00115,2024-02-24T20:14:48Z,24/02/2024 20:14,7
SES0001476,U00115,2024-02-24 18:51:19,2024-02-24T19:16:22Z,1503
SES0001477,U00115,2024-02-24 18:33:41,2024-02-24T18:35:00Z,79
SES0001478,U00115,2024-02-24 01:05:12,24/02/2024 01:06,50
SES0001479,U00116,2023-10-10T14:25:57Z,10/10/2023 14:28,145
SES0001480,U00117,07/05/2024 14:08,2024-05-07 14:12:58,246
SES0001481,U00117,2024-05-29T04:58:24Z,29/05/2024 05:00,111
SES0001482,U00117,25/04/2024 06:35,2024-04-25T06:36:09Z,22
SES0001483,U00118,2024-03-13T07:13:16Z,13/03/2024 07:13,33
SES0001484,U00119,12/01/2023 05:34,2023-01-12 05:37:18,
SES0001485,U00119,2023-01-10T14:43:56Z,10/01/2023 14:47,233
SES0001486,U00120,2023-11-25 06:08:37,2023-11-25T06:08:49Z,12
SES0001487,U00120,2023-11-23T19:01:24Z,2023-11-23T19:03:19Z,
SES0001488,U00120,28/11/2023 05:28,28/11/2023 05:29,25
SES0001489,U00120,29/11/2023 18:25,2023-11-29T18:46:07Z,1260
SES0001490,U00120,2023-11-26 09:22:44,26/11/2023 10:05,2563
SES0001491,U00121,31/05/2024 08:03,2024-05-31 08:07:44,246
SES0001492,U00121,2024-06-01 23:44:28,2024-06-01T23:45:32Z,64
SES0001493,U00121,2024-02-29T09:37:48Z,29/02/2024 09:41,210
SES0001494,U00121,2024-02-09 09:25:22,2024-02-09T09:27:51Z,149
SES0001495,U00121,2024-02-21T03:54:25Z,2024-02-21T03:55:47Z,82
SES0001496,U00121,2024-04-21T13:37:07Z,21/04/2024 13:38,N/A
SES0001497,U00121,2024-05-14T04:36:27Z,2024-05-14T04:37:19Z,52
SES0001498,U00121,2024-06-23 22:00:48,23/06/2024 22:04,243
SES0001499,U00121,2024-06-13 09:33:51,2024-06-13 09:42:05,494
SES0001500,U00121,2024-06-22 06:37:53,2024-06-22T06:38:34Z,41
SES0001501,U00121,2024-04-30 00:05:09,30/04/2024 00:05,36
SES0001502,U00121,2024-05-08T01:30:28Z,2024-05-08T01:35:54Z,326
SES0001503,U00121,07/02/2024 19:00,2024-02-07 19:38:23,2264
SES0001504,U00121,2024-06-09T12:29:55Z,09/06/2024 12:30,41
SES0001505,U00121,2024-05-31 21:35:18,31/05/2024 21:37,160
SES0001506,U00121,07/02/2024 19:27,2024-02-07T19:28:52Z,56
SES0001507,U00121,01/06/2024 20:42,02/06/2024 22:35,93192
SES0001508,U00121,2024-02-21T11:33:06Z,2024-02-21 11:33:30,24
SES0001509,U00121,2024-05-10T01:39:29Z,10/05/2024 01:40,55
SES0001510,U00121,2024-01-22T00:37:13Z,2024-01-22 00:45:10,477
SES0001511,U00121,24/06/2024 19:31,2024-06-24 19:42:37,665
SES0001512,U00121,2024-04-17T19:04:11Z,2024-04-17T19:07:21Z,190
SES0001513,U00121,2024-06-14 17:38:59,2024-06-14 17:45:58,419
SES0001514,U00121,11/06/2024 01:04,2024-06-11 01:04:46,33
SES0001515,U00121,2024-05-23T06:30:17Z,2024-05-23 06:32:42,145
SES0001516,U00121,30/03/2024 11:17,2024-03-30T11:19:08Z,118
SES0001517,U00121,09/02/2024 11:56,2024-02-09 12:05:29,543
SES0001518,U00121,2024-04-07T08:48:18Z,2024-04-07 08:49:05,47
SES0001519,U00121,2024-04-29 06:06:02,2024-04-29 06:23:44,1062
SES0001520,U00121,2024-01-26T12:17:55Z,2024-01-26 12:18:48,53
SES0001521,U00122,2023-02-13T11:20:39Z,2023-02-13T11:21:28Z,49
SES0001522,U00122,01/04/2023 01:42,2023-04-01T01:52:57Z,608
SES0001523,U00122,02/02/2023 11:02,2023-02-02 11:05:56,189
SES0001524,U00122,31/01/2023 15:30,31/01/2023 16:04,2055
SES0001525,U00122,2023-04-05T12:59:18Z,05/04/2023 13:06,415
SES0001526,U00122,21/04/2023 01:32,2023-04-21 01:33:45,50
SES0001527,U00122,21/03/2023 08:15,2023-03-21 08:44:08,1747
SES0001528,U00122,2023-03-31T05:12:04Z,2023-03-31T05:20:37Z,513
SES0001529,U00122,17/03/2023 01:09,2023-03-17 01:18:53,549
SES0001530,U00122,2023-02-21T14:48:57Z,21/02/2023 14:48,0
SES0001531,U00124,04/01/2024 21:15,2024-01-04 21:17:50,168
SES0001532,U00124,09/11/2023 08:36,2023-11-09T08:53:34Z,998
SES0001533,U00124,13/01/2024 03:32,2024-01-16 12:30:43,291479
SES0001534,U00125,16/03/2023 10:04,2023-03-16T10:05:26Z,54
SES0001535,U00126,2023-07-01T20:06:56Z,2023-07-01 20:23:37,1001
SES0001536,U00127,14/07/2023 13:32,14/07/2023 14:11,2319
SES0001537,U00127,2023-07-09 15:48:08,09/07/2023 15:48,17
SES0001538,U00127,2023-07-13T09:26:33Z,2023-07-15T08:49:08Z,170555
SES0001539,U00127,2023-08-12 23:34:38,12/08/2023 23:48,811
SES0001540,U00127,2023-11-11 01:06:40,2023-11-11 01:07:01,21
SES0001541,U00127,2023-10-31T14:44:44Z,2023-11-03 11:21:18,246994
SES0001542,U00127,2023-08-08T22:53:58Z,2023-08-08 22:57:49,231
SES0001543,U00127,02/12/2023 11:58,2023-12-02T11:59:33Z,78
SES0001544,U00127,16/10/2023 09:45,2023-10-16T09:51:35Z,349
SES0001545,U00127,2023-07-27T04:40:16Z,2023-07-27 05:05:11,1495
SES0001546,U00127,2023-10-25T19:47:12Z,2023-10-25T19:48:59Z,107
SES0001547,U00127,2023-12-05T23:54:08Z,07/12/2023 03:00,97576
SES0001548,U00127,2023-07-13T05:51:52Z,13/07/2023 05:57,360
SES0001549,U00127,18/11/2023 10:27,2023-11-18 10:28:17,62
SES0001550,U00127,2023-09-02T23:24:52Z,02/09/2023 23:25,20
SES0001551,U00127,2023-11-20 23:57:18,21/11/2023 00:00,216
SES0001552,U00127,2023-07-06 16:07:05,06/07/2023 16:07,28
SES0001553,U00127,2023-06-22 22:39:59,22/06/2023 22:41,79
SES0001554,U00127,2023-09-07T16:59:00Z,2023-09-07T17:00:41Z,101
SES0001555,U00127,2023-09-18 03:32:16,2023-09-18 03:32:52,36
SES0001556,U00128,2023-11-26 21:02:45,2023-11-26 21:23:24,1239
SES0001557,U00128,30/11/2023 12:10,30/11/2023 12:28,1056
SES0001558,U00128,26/11/2023 23:56,26/11/2023 23:57,30
SES0001559,U00128,27/11/2023 17:27,27/11/2023 17:37,607
SES0001560,U00128,2023-11-28T11:38:07Z,28/11/2023 11:38,34
SES0001561,U00128,2023-11-28T18:03:17Z,28/11/2023 18:04,70
SES0001562,U00128,2023-12-01T16:08:27Z,2023-12-01T16:11:58Z,211
SES0001563,U00128,2023-11-30 07:40:35,30/11/2023 08:04,1453
SES0001564,U00128,02/12/2023 05:03,2023-12-02T05:03:16Z,3
SES0001565,U00128,2023-11-27 20:41:40,27/11/2023 20:44,148
SES0001566,U00129,2024-03-02 17:53:02,02/03/2024 17:53,57
SES0001567,U00129,2024-02-25T16:13:11Z,2024-02-25T16:14:37Z,86
SES0001568,U00129,05/04/2024 09:33,2024-04-05 09:43:00,588
SES0001569,U00130,2024-06-08T16:33:09Z,2024-06-08 16:33:09,0
SES0001570,U00131,2024-05-14T00:22:21Z,14/05/2024 00:35,786
SES0001571,U00131,2024-06-20T03:43:54Z,2024-06-20 03:44:25,31
SES0001572,U00131,2024-06-26 03:03:52,26/06/2024 03:05,74
SES0001573,U00131,2024-06-06 22:08:01,2024-06-06 22:12:17,256
SES0001574,U00131,2024-05-18T15:35:24Z,2024-05-18 15:36:23,59
SES0001575,U00131,2024-05-09T22:03:45Z,2024-05-09 22:05:28,103
SES0001576,U00131,2024-06-13 09:46:45,16/06/2024 02:29,232967
SES0001577,U00131,23/05/2024 12:10,23/05/2024 12:15,257
SES0001578,U00131,2024-06-21 15:22:58,21/06/2024 15:44,1304
SES0001579,U00131,23/06/2024 17:04,23/06/2024 17:04,19
SES0001580,U00131,2024-06-18 10:54:40,2024-06-18 10:57:03,143
SES0001581,U00131,2024-05-28T23:05:11Z,2024-05-28 23:05:58,47
SES0001582,U00131,2024-06-21 04:17:37,2024-06-21 04:29:26,709
SES0001583,U00131,2024-06-27 00:17:23,2024-06-27 00:22:18,295
SES0001584,U00131,08/05/2024 02:58,08/05/2024 02:59,48
SES0001585,U00131,16/05/2024 19:25,2024-05-16T19:31:06Z,355
SES0001586,U00131,2024-06-26T14:44:37Z,2024-06-26T14:45:34Z,57
SES0001587,U00131,2024-06-23 09:47:47,23/06/2024 09:58,618
SES0001588,U00131,2024-06-12 02:20:16,2024-06-12T02:24:31Z,255
SES0001589,U00131,06/06/2024 07:01,2024-06-06T07:08:17Z,401
SES0001590,U00131,05/06/2024 13:40,2024-06-05 13:43:14,190
SES0001591,U00131,03/06/2024 08:15,2024-06-03 08:16:55,60
SES0001592,U00131,2024-05-10T12:13:47Z,10/05/2024 12:14,45
SES0001593,U00131,2024-05-18T23:05:14Z,18/05/2024 23:08,203
SES0001594,U00131,17/06/2024 07:40,2024-06-17 07:41:31,76
SES0001595,U00131,2024-05-02T09:24:02Z,02/05/2024 09:39,943
SES0001596,U00131,14/06/2024 11:47,14/06/2024 11:54,388
SES0001597,U00131,25/05/2024 08:44,2024-05-25T08:46:09Z,111
SES0001598,U00131,2024-06-06T05:24:22Z,2024-06-06T05:31:07Z,405
SES0001599,U00131,24/05/2024 17:40,24/05/2024 17:40,20
SES0001600,U00132,2024-03-28 14:14:33,2024-03-28T14:14:48Z,15
SES0001601,U00132,2024-05-25T09:18:51Z,2024-05-25T09:19:00Z,9
SES0001602,U00132,2024-04-10 02:48:38,10/04/2024 02:50,104
SES0001603,U00132,2024-05-05T23:17:06Z,2024-05-05T23:17:23Z,17
SES0001604,U00132,2024-03-27 17:38:14,27/03/2024 17:38,N/A
SES0001605,U00133,2024-03-17 21:55:50,2024-03-17T21:55:56Z,6
SES0001606,U00133,01/04/2024 18:45,2024-04-01 18:46:39,46
SES0001607,U00133,22/11/2023 05:48,22/11/2023 05:50,122
SES0001608,U00133,06/03/2024 18:35,06/03/2024 18:41,347
SES0001609,U00133,2023-11-04 15:26:17,2023-11-04 15:27:56,99
SES0001610,U00135,2023-09-07T20:39:57Z,07/09/2023 20:44,299
SES0001611,U00136,05/06/2023 20:35,2023-06-05 20:39:27,209
SES0001612,U00136,2023-06-05 09:35:48,05/06/2023 09:37,108
SES0001612,U00136,2023-06-05 09:35:48,05/06/2023 09:37,108
SES0001613,U00137,28/06/2024 02:05,2024-06-28 02:16:27,665
SES0001614,U00137,2024-06-28T10:45:43Z,2024-06-28T10:55:46Z,603
SES0001615,U00137,29/06/2024 06:53,2024-06-29 06:57:39,226
SES0001616,U00137,2024-06-27T07:48:35Z,2024-06-27T07:51:30Z,175
SES0001617,U00137,27/06/2024 19:20,2024-06-27 19:24:59,274
SES0001618,U00137,2024-06-28 00:42:36,2024-06-28T00:56:35Z,839
SES0001619,U00137,28/06/2024 10:54,2024-06-28 11:01:46,452
SES0001620,U00137,28/06/2024 18:16,2024-06-28T18:19:35Z,188
SES0001621,U00137,27/06/2024 04:35,27/06/2024 04:40,335
SES0001622,U00137,2024-06-27 17:28:10,2024-06-27 17:29:32,82
SES0001623,U00138,2024-03-22 03:23:51,22/03/2024 03:24,31
SES0001624,U00138,21/03/2024 23:26,2024-03-21 23:31:21,312
SES0001625,U00139,14/06/2024 07:31,2024-06-14T07:31:36Z,0
SES0001626,U00139,2024-06-29 08:10:16,2024-06-29 08:15:03,287
SES0001627,U00139,2024-06-28 11:15:59,28/06/2024 11:15,0
SES0001628,U00139,2024-06-18 09:30:36,2024-06-18 09:34:38,242
SES0001629,U00139,21/06/2024 11:19,2024-06-21 11:21:02,72
SES0001630,U00139,2024-06-03T12:50:23Z,2024-06-03T12:50:23Z,0
SES0001631,U00139,2024-06-05 19:08:54,05/06/2024 19:22,812
SES0001632,U00139,24/06/2024 15:34,24/06/2024 15:35,75
SES0001633,U00139,2024-06-28T03:03:15Z,28/06/2024 03:05,129
SES0001634,U00139,2024-06-29 23:25:21,29/06/2024 23:29,241
SES0001635,U00139,2024-06-06 01:19:58,2024-06-06T01:26:07Z,369
SES0001636,U00139,2024-06-16T05:38:48Z,2024-06-16T05:39:00Z,12
SES0001637,U00139,2024-06-02T20:21:04Z,02/06/2024 20:22,89
SES0001638,U00139,29/06/2024 03:01,2024-06-29 03:02:51,89
SES0001639,U00139,2024-06-13T06:44:03Z,2024-06-13 06:46:36,153
SES0001640,U00139,2024-06-23 18:41:00,23/06/2024 18:44,N/A
SES0001641,U00139,2024-06-19 01:08:55,19/06/2024 01:12,201
SES0001642,U00139,2024-06-15 03:33:18,15/06/2024 03:35,151
SES0001643,U00139,20/06/2024 07:03,20/06/2024 07:08,334
SES0001644,U00139,2024-06-17T01:31:56Z,17/06/2024 01:34,178
SES0001645,U00139,2024-06-06T04:52:50Z,2024-06-06 05:31:26,2316
SES0001646,U00139,30/05/2024 19:50,2024-05-30T19:52:36Z,141
SES0001647,U00139,2024-06-14 01:48:17,14/06/2024 01:52,255
SES0001648,U00139,2024-06-19 16:45:31,2024-06-19 16:45:45,14
SES0001649,U00139,15/06/2024 00:21,15/06/2024 00:22,103
SES0001650,U00139,2024-06-11 19:00:30,11/06/2024 19:08,504
SES0001651,U00139,06/06/2024 03:52,2024-06-06 03:57:19,274
SES0001652,U00139,29/06/2024 11:13,29/06/2024 11:14,
SES0001653,U00139,25/06/2024 23:25,25/06/2024 23:26,69
SES0001654,U00139,08/06/2024 02:15,2024-06-08T02:28:32Z,763
SES0001655,U00139,2024-06-22T11:29:53Z,22/06/2024 12:16,2821
SES0001656,U00139,2024-05-30T09:03:45Z,2024-05-30 09:04:03,18
SES0001657,U00139,13/06/2024 06:11,2024-06-13 06:12:06,46
SES0001658,U00139,2024-06-03 12:55:24,2024-06-03T12:59:58Z,274
SES0001659,U00139,2024-06-10T18:36:51Z,2024-06-10T19:01:28Z,1477
SES0001660,U00139,2024-06-25T12:30:39Z,2024-06-25 12:31:35,56
SES0001661,U00139,2024-06-27T23:48:30Z,2024-06-27T23:54:17Z,N/A
SES0001662,U00139,2024-06-10 12:32:58,2024-06-10T12:34:50Z,112
SES0001663,U00139,2024-06-26T05:02:55Z,2024-06-26T05:07:20Z,265
SES0001664,U00139,09/06/2024 06:07,09/06/2024 06:10,160
SES0001665,U00140,2023-01-23 06:01:55,2023-01-23T06:09:11Z,436
SES0001666,U00141,2024-06-25T16:11:34Z,2024-06-25 16:12:01,
SES0001667,U00141,2024-05-26T03:51:55Z,26/05/2024 04:01,569
SES0001668,U00141,29/06/2024 07:41,2024-06-29T07:43:03Z,109
SES0001669,U00141,2024-06-22T06:56:19Z,2024-06-22T07:00:20Z,241
SES0001670,U00141,2024-06-11 12:30:43,2024-06-11 12:30:52,9
SES0001671,U00141,06/06/2024 02:27,06/06/2024 02:28,44
SES0001672,U00141,2024-06-16T17:30:21Z,2024-06-16T17:31:36Z,75
SES0001673,U00141,2024-05-27T16:14:04Z,2024-05-27T16:26:58Z,774
SES0001674,U00141,2024-05-23 05:50:26,2024-05-23 05:51:15,49
SES0001675,U00141,2024-06-26 04:23:35,2024-06-26T04:39:49Z,974
SES0001676,U00141,2024-06-19T03:55:46Z,2024-06-19 03:58:10,144
SES0001677,U00141,14/05/2024 23:54,2024-05-14T23:55:41Z,83
SES0001678,U00141,2024-06-17T18:39:23Z,17/06/2024 18:45,378
SES0001679,U00141,2024-05-10T04:57:39Z,2024-05-10T04:58:14Z,35
SES0001680,U00141,25/06/2024 12:05,2024-06-25 12:09:40,226
SES0001681,U00141,26/05/2024 01:53,26/05/2024 01:56,133
SES0001682,U00141,27/05/2024 05:46,27/05/2024 05:46,39
SES0001683,U00141,2024-05-19T16:26:20Z,2024-05-19T16:32:14Z,354
SES0001684,U00141,2024-06-12 17:58:12,2024-06-12 18:05:05,413
SES0001685,U00141,2024-06-09 17:43:43,2024-06-09 17:57:35,832
SES0001686,U00142,11/12/2023 01:50,2023-12-11T02:00:55Z,629
SES0001687,U00142,2023-12-05T13:52:13Z,2023-12-05T13:57:00Z,287
SES0001688,U00142,2023-12-05T22:33:01Z,05/12/2023 22:39,386
SES0001689,U00142,09/12/2023 05:49,09/12/2023 05:50,88
SES0001690,U00142,05/12/2023 06:05,2023-12-05 06:05:46,0
SES0001691,U00143,15/05/2024 22:18,2024-05-15 22:20:53,131
SES0001692,U00143,2024-04-26T01:15:28Z,26/04/2024 01:18,187
SES0001693,U00143,2024-05-22 21:55:30,22/05/2024 22:00,313
SES0001694,U00143,2024-05-18 20:49:24,2024-05-18 20:49:39,15
SES0001695,U00143,16/05/2024 12:30,2024-05-16 12:32:05,75
SES0001696,U00143,2024-05-19 07:48:58,2024-05-19T07:51:06Z,128
SES0001697,U00143,2024-05-18 11:47:39,2024-05-18 11:48:03,24
SES0001698,U00143,25/04/2024 17:57,2024-04-25T18:05:37Z,515
SES0001699,U00143,2024-06-11 07:47:24,2024-06-11 07:47:48,24
SES0001700,U00143,2024-05-18 09:24:10,2024-05-18 09:24:48,38
SES0001701,U00144,10/01/2024 20:35,10/01/2024 20:36,50
SES0001702,U00145,20/04/2024 21:39,2024-04-20T21:41:28Z,
SES0001703,U00145,2023-12-19 22:36:03,2023-12-19T22:37:44Z,101
SES0001704,U00145,2023-09-17 12:49:15,2023-09-17 12:57:44,509
SES0001705,U00145,30/04/2024 15:42,2024-04-30 15:43:37,66
SES0001706,U00145,2023-12-09T11:24:08Z,2023-12-09T11:40:08Z,960
SES0001707,U00145,26/12/2023 10:38,2023-12-26 10:39:40,61
SES0001708,U00145,2024-06-23T23:39:49Z,2024-06-23 23:41:18,89
SES0001709,U00145,2024-04-09 07:08:33,09/04/2024 07:09,72
SES0001710,U00145,14/05/2024 07:20,14/05/2024 07:32,679
SES0001711,U00145,2023-09-22T07:05:43Z,2023-09-22 07:07:29,106
SES0001712,U00145,2023-09-19T20:31:42Z,2023-09-19 20:36:07,265
SES0001713,U00145,2024-02-01 23:10:01,01/02/2024 23:14,241
SES0001714,U00145,2023-12-28 15:54:11,28/12/2023 15:57,201
SES0001715,U00145,2024-01-22 01:49:47,2024-01-22T02:10:19Z,1232
SES0001716,U00145,15/01/2024 17:33,15/01/2024 17:54,1247
SES0001716,U00145,15/01/2024 17:33,15/01/2024 17:54,1247
SES0001717,U00146,2023-12-19T04:24:26Z,2023-12-19 04:34:47,621
SES0001718,U00147,09/12/2023 11:53,2023-12-09T11:56:58Z,230
SES0001719,U00147,13/12/2023 13:40,2023-12-13T13:48:11Z,473
SES0001720,U00147,2023-09-21T08:07:40Z,2023-09-21 08:09:58,138
SES0001721,U00148,04/04/2024 22:40,2024-04-04 22:56:59,961
SES0001722,U00149,02/05/2024 12:46,02/05/2024 12:46,43
SES0001723,U00149,09/05/2024 02:55,2024-05-09T02:55:54Z,0
SES0001724,U00149,2024-04-27 13:46:49,2024-04-27 13:47:37,48
SES0001725,U00149,2024-04-27T04:33:27Z,2024-04-27T04:34:22Z,55
SES0001726,U00149,2024-05-02 07:25:49,02/05/2024 07:49,1436
SES0001727,U00150,2024-02-13 10:46:19,13/02/2024 10:48,106
SES0001728,U00150,19/02/2024 01:18,2024-02-19T01:19:44Z,60
SES0001729,U00150,2024-02-15T02:02:25Z,15/02/2024 02:06,234
SES0001730,U00150,2024-02-10T00:20:57Z,10/02/2024 00:22,68
SES0001731,U00150,2024-02-13 04:03:58,2024-02-13T04:05:41Z,103
SES0001732,U00150,2024-02-17T04:48:03Z,17/02/2024 04:49,67
SES0001733,U00150,2024-02-20T12:21:58Z,20/02/2024 12:23,62
SES0001734,U00150,2024-02-16 01:49:08,2024-02-16T01:50:13Z,65
SES0001735,U00150,2024-02-13T17:13:39Z,2024-02-13T17:14:32Z,53
SES0001736,U00150,2024-02-11 18:44:31,2024-02-11 18:45:45,74
SES0001737,U00150,2024-02-12 08:45:29,2024-02-12T08:45:42Z,13
SES0001738,U00150,2024-02-13 17:18:27,13/02/2024 17:37,1122
SES0001739,U00150,2024-02-14 21:42:31,2024-02-14 21:44:56,145
SES0001740,U00150,2024-02-14 07:30:05,2024-02-14 07:30:33,28
SES0001741,U00150,2024-02-15 00:29:12,2024-02-15T00:31:38Z,146
SES0001742,U00150,13/02/2024 14:15,2024-02-13T14:18:28Z,167
SES0001743,U00150,15/02/2024 13:15,2024-02-15 13:18:24,197
SES0001744,U00150,2024-02-19T15:25:10Z,2024-02-19T15:27:56Z,166
SES0001745,U00150,13/02/2024 14:47,2024-02-13T14:49:00Z,86
SES0001746,U00150,2024-02-18 12:05:31,2024-02-18 12:06:51,80
SES0001747,U00151,2024-01-22 03:04:17,2024-01-22 03:07:29,192
SES0001748,U00151,2024-01-17T21:19:43Z,2024-01-17T21:22:59Z,196
SES0001749,U00151,16/01/2024 22:35,16/01/2024 22:36,43
SES0001750,U00151,2024-01-16T15:29:55Z,2024-01-16 15:54:00,1445
SES0001751,U00151,2024-01-20 15:56:58,2024-01-20 15:58:27,89
SES0001752,U00151,2024-01-20 03:31:20,2024-01-20T03:51:07Z,1187
SES0001753,U00151,2024-01-19 10:51:50,2024-01-19T10:52:21Z,31
SES0001754,U00151,2024-01-20 03:11:02,2024-01-20 03:17:16,374
SES0001755,U00151,2024-01-22 22:13:21,22/01/2024 23:40,5246
SES0001756,U00151,2024-01-18 07:18:29,2024-01-18 07:20:12,103
SES0001757,U00152,09/06/2024 16:06,2024-06-09T16:07:44Z,103
SES0001758,U00152,2024-05-21 04:04:25,21/05/2024 04:13,542
SES0001759,U00152,2024-06-05 00:47:22,05/06/2024 00:47,34
SES0001760,U00152,2024-06-06T22:15:41Z,06/06/2024 23:26,4242
SES0001761,U00152,2024-06-08T23:36:07Z,2024-06-08 23:39:14,187
SES0001762,U00153,18/03/2023 19:39,2023-03-18T19:42:55Z,206
SES0001763,U00153,18/03/2023 17:46,2023-03-18T17:47:35Z,81
SES0001764,U00153,25/03/2023 15:08,2023-03-25 15:25:56,1066
SES0001765,U00153,16/03/2023 03:19,2023-03-16T03:20:57Z,58
SES0001766,U00153,2023-03-23T10:58:14Z,2023-03-23T11:00:51Z,157
SES0001767,U00153,2023-03-19T13:33:40Z,19/03/2023 13:34,42
SES0001768,U00153,18/03/2023 11:17,2023-03-18 11:26:01,511
SES0001769,U00153,2023-03-19T15:06:34Z,19/03/2023 15:06,0
SES0001770,U00153,2023-03-19 08:02:16,19/03/2023 08:03,59
SES0001771,U00153,2023-03-20T10:37:23Z,2023-03-20T10:46:54Z,571
SES0001772,U00153,2023-03-22 02:40:58,2023-03-22 02:41:01,3
SES0001773,U00153,19/03/2023 09:13,2023-03-19 09:14:13,32
SES0001774,U00153,2023-03-23T13:08:01Z,2023-03-23T13:18:49Z,648
SES0001775,U00153,28/03/2023 23:48,2023-03-28 23:51:08,141
SES0001776,U00153,29/03/2023 02:02,2023-03-29T02:04:40Z,146
SES0001777,U00153,2023-03-17T06:09:06Z,2023-03-17T07:29:47Z,4841
SES0001778,U00153,2023-03-27T23:13:13Z,2023-03-27T23:14:05Z,52
SES0001779,U00153,2023-03-28T21:49:29Z,2023-03-28T21:52:37Z,188
SES0001780,U00153,2023-03-21T16:16:34Z,2023-03-21 16:19:43,189
SES0001781,U00153,28/03/2023 09:50,2023-03-28T10:04:31Z,820
SES0001782,U00153,2023-03-26T08:26:31Z,2023-03-26 08:29:09,158
SES0001783,U00153,24/03/2023 13:13,2023-03-24T13:24:33Z,685
SES0001784,U00153,2023-03-21 17:03:05,21/03/2023 17:04,103
SES0001785,U00153,2023-03-27 08:23:04,27/03/2023 08:28,296
SES0001786,U00153,27/03/2023 15:19,2023-03-27T15:20:13Z,58
SES0001787,U00153,2023-03-25 16:43:29,2023-03-25 16:44:26,57
SES0001788,U00153,21/03/2023 18:27,2023-03-21T18:30:14Z,163
SES0001789,U00153,22/03/2023 18:48,2023-03-22 18:53:12,294
SES0001790,U00153,20/03/2023 18:15,2023-03-20 18:28:46,782
SES0001791,U00153,24/03/2023 14:26,2023-03-24 14:30:23,220
SES0001792,U00153,25/03/2023 18:07,2023-03-25 18:07:31,0
SES0001793,U00153,27/03/2023 22:09,2023-03-27 22:11:00,63
SES0001794,U00153,2023-03-20 19:45:50,2023-03-20T19:46:13Z,23
SES0001795,U00153,2023-03-29T20:10:01Z,29/03/2023 20:15,329
SES0001796,U00153,19/03/2023 08:59,2023-03-19 09:10:17,655
SES0001797,U00153,2023-03-17 16:58:13,2023-03-17T16:58:30Z,17
SES0001798,U00153,28/03/2023 05:31,2023-03-28T05:31:58Z,29
SES0001799,U00153,16/03/2023 15:20,2023-03-16T15:20:53Z,0
SES0001800,U00153,2023-03-18 05:59:23,2023-03-18 05:59:55,
SES0001801,U00153,2023-03-28T13:38:16Z,2023-03-28T13:39:19Z,63
SES0001802,U00154,2023-04-19 16:01:41,2023-04-19 16:05:07,206
SES0001803,U00154,19/04/2023 14:20,2023-04-19 14:21:40,58
SES0001804,U00154,11/04/2023 01:43,2023-04-11 01:43:47,34
SES0001805,U00154,09/04/2023 04:28,2023-04-09 04:29:22,66
SES0001806,U00154,2023-04-08 07:08:15,2023-04-08T07:24:39Z,984
SES0001807,U00154,23/04/2023 08:19,2023-04-23 08:20:42,47
SES0001808,U00154,2023-05-01T09:01:47Z,2023-05-01T09:13:24Z,697
SES0001809,U00154,2023-04-28T00:53:46Z,28/04/2023 00:56,143
SES0001810,U00154,2023-04-28T13:26:13Z,2023-04-28 13:29:47,214
SES0001811,U00154,2023-05-05 20:12:19,05/05/2023 20:14,116
SES0001812,U00155,2024-03-01T17:52:50Z,01/03/2024 17:54,77
SES0001813,U00155,2024-02-28T10:06:31Z,2024-02-28T10:07:26Z,55
SES0001814,U00155,03/03/2024 18:36,03/03/2024 18:57,1224
SES0001815,U00156,2023-12-01T08:33:14Z,01/12/2023 08:33,34
SES0001816,U00156,2023-12-20 20:48:25,2023-12-20T20:49:11Z,46
SES0001817,U00158,2023-12-27 17:25:58,2023-12-27T17:27:03Z,65
SES0001818,U00159,02/08/2023 12:55,2023-08-02T12:56:21Z,36
SES0001819,U00159,2023-08-02 23:37:30,02/08/2023 23:39,92
SES0001820,U00159,2023-08-02T18:47:32Z,2023-08-02T18:56:52Z,560
SES0001821,U00159,2023-08-02 21:24:06,2023-08-02T21:36:54Z,768
SES0001822,U00159,02/08/2023 01:24,02/08/2023 01:26,N/A
SES0001823,U00161,2023-06-07 03:56:13,2023-06-07 03:56:47,N/A
SES0001824,U00161,02/08/2023 18:32,2023-08-02 18:34:11,120
SES0001825,U00161,2023-08-17T10:33:13Z,17/08/2023 10:33,13
SES0001826,U00161,20/06/2023 06:26,2023-06-22 00:04:57,149888
SES0001827,U00161,02/08/2023 13:19,02/08/2023 13:20,79
SES0001828,U00162,2024-01-09T23:07:28Z,2024-01-09 23:11:17,229
SES0001829,U00162,2023-11-11T15:19:57Z,2023-11-11T15:25:25Z,328
SES0001830,U00162,28/12/2023 03:09,2023-12-28 03:29:12,1202
SES0001831,U00162,2023-11-15T20:35:29Z,15/11/2023 20:41,340
SES0001832,U00162,2024-02-18 02:13:30,2024-02-18T02:13:39Z,9
SES0001833,U00162,2024-02-21 20:20:44,2024-02-21 20:21:19,35
SES0001834,U00162,13/11/2023 16:00,2023-11-13T16:00:53Z,16
SES0001835,U00162,2023-12-22T01:40:49Z,2023-12-22T02:20:32Z,2383
SES0001836,U00162,2023-10-22T01:35:13Z,2023-10-22 01:36:30,77
SES0001837,U00162,2024-01-24T06:58:42Z,2024-01-24 06:59:26,44
SES0001838,U00163,2024-03-02T07:38:37Z,2024-03-02 07:42:39,242
SES0001839,U00163,14/01/2024 14:18,2024-01-14 15:01:32,2560
SES0001840,U00164,2023-05-05 13:08:34,05/05/2023 13:09,28
SES0001841,U00165,21/06/2023 10:34,2023-06-21T10:42:09Z,436
SES0001842,U00165,28/05/2023 22:44,2023-05-28T22:46:02Z,117
SES0001843,U00165,2023-08-19 17:27:48,19/08/2023 17:44,994
SES0001844,U00165,2023-08-14T19:14:07Z,2023-08-14T19:15:51Z,104
SES0001845,U00165,29/08/2023 01:24,2023-08-29 01:24:59,N/A
SES0001846,U00166,06/08/2023 16:25,2023-08-06 16:32:00,400
SES0001847,U00166,26/07/2023 14:48,2023-07-26T14:53:46Z,329
SES0001848,U00166,2023-07-31 22:59:12,31/07/2023 22:59,45
SES0001849,U00166,13/07/2023 10:08,2023-07-13 10:10:18,90
SES0001850,U00166,2023-08-04T04:59:46Z,04/08/2023 05:01,95
SES0001851,U00167,2024-04-21T14:38:10Z,2024-04-21 14:39:07,57
SES0001852,U00167,22/04/2024 06:43,2024-04-22T06:49:37Z,380
SES0001853,U00167,2024-04-18 06:20:12,18/04/2024 06:24,271
SES0001854,U00167,2024-04-17 17:06:09,2024-04-17T17:09:50Z,221
SES0001855,U00167,23/04/2024 04:06,2024-04-23 04:15:12,495
SES0001856,U00167,2024-04-19T22:43:11Z,19/04/2024 22:44,73
SES0001857,U00167,21/04/2024 01:54,21/04/2024 02:02,526
SES0001858,U00167,23/04/2024 03:41,2024-04-23T03:48:03Z,378
SES0001859,U00167,18/04/2024 17:51,2024-04-18 17:53:58,129
SES0001860,U00167,18/04/2024 23:00,2024-04-18T23:01:58Z,77
SES0001861,U00167,2024-04-17T08:51:15Z,17/04/2024 08:56,316
SES0001862,U00167,2024-04-18 04:55:22,18/04/2024 04:55,21
SES0001863,U00167,17/04/2024 01:54,2024-04-17T02:03:53Z,566
SES0001864,U00167,2024-04-21 02:35:53,21/04/2024 02:38,184
SES0001865,U00167,22/04/2024 02:20,2024-04-22 02:22:14,134
SES0001866,U00167,2024-04-19T18:46:12Z,19/04/2024 18:47,106
SES0001867,U00167,2024-04-19T06:29:55Z,2024-04-19T06:31:26Z,91
SES0001868,U00167,20/04/2024 01:13,2024-04-20 01:13:33,21
SES0001869,U00167,2024-04-23T00:40:46Z,2024-04-23 00:40:46,0
SES0001870,U00167,17/04/2024 19:04,2024-04-17T19:07:26Z,172
SES0001871,U00167,2024-04-19 13:02:53,2024-04-19T13:12:07Z,554
SES0001872,U00167,2024-04-22 18:44:32,2024-04-22T18:46:01Z,89
SES0001873,U00167,2024-04-22T12:11:55Z,2024-04-22 12:20:52,537
SES0001874,U00167,2024-04-17 00:04:31,2024-04-17 00:08:16,225
SES0001875,U00167,2024-04-18T11:18:47Z,2024-04-18T11:22:07Z,200
SES0001876,U00167,2024-04-20T22:10:56Z,2024-04-20T22:15:36Z,280
SES0001877,U00167,2024-04-23 06:19:24,2024-04-23T06:20:06Z,42
SES0001878,U00167,2024-04-23 09:08:34,23/04/2024 09:12,218
SES0001879,U00167,2024-04-21T01:55:52Z,2024-04-21T02:00:09Z,257
SES0001880,U00167,2024-04-22T03:15:54Z,22/04/2024 03:18,145
SES0001881,U00167,17/04/2024 01:25,2024-04-17 01:29:09,226
SES0001882,U00167,20/04/2024 00:15,20/04/2024 00:17,81
SES0001883,U00167,2024-04-18 06:24:14,2024-04-18T06:26:57Z,163
SES0001884,U00167,23/04/2024 17:12,2024-04-23 17:12:42,36
SES0001885,U00167,2024-04-18 06:53:16,2024-04-18T06:55:38Z,142
SES0001886,U00167,2024-04-20T11:27:34Z,2024-04-20T11:38:03Z,629
SES0001887,U00167,22/04/2024 02:10,2024-04-22T02:14:44Z,243
SES0001888,U00167,20/04/2024 19:39,20/04/2024 19:41,111
SES0001889,U00167,2024-04-18T20:03:02Z,18/04/2024 20:12,593
SES0001890,U00167,23/04/2024 12:41,2024-04-23T12:45:14Z,207
SES0001891,U00168,10/01/2024 20:40,2024-01-10 20:45:53,320
SES0001892,U00168,2024-01-11 13:52:18,11/01/2024 13:52,0
SES0001893,U00168,02/01/2024 10:53,2024-01-02T10:53:27Z,24
SES0001894,U00168,2024-02-25 15:35:54,2024-02-25T15:41:10Z,316
SES0001895,U00168,2024-02-08 09:59:18,2024-02-08 10:00:01,43
SES0001896,U00168,2023-11-30 11:19:25,2023-11-30 11:21:29,124
SES0001897,U00168,2024-02-06T12:15:31Z,2024-02-09 06:31:02,238531
SES0001898,U00168,2024-02-22 23:58:25,2024-02-23 00:03:59,334
SES0001899,U00168,2024-02-25T13:31:08Z,2024-02-25T13:38:42Z,454
SES0001900,U00168,31/12/2023 09:03,2023-12-31T09:03:44Z,17
SES0001901,U00168,2024-02-15 22:25:45,15/02/2024 22:25,4
SES0001902,U00168,26/12/2023 10:38,2023-12-26T10:39:26Z,81
SES0001903,U00168,2024-01-26 09:43:10,2024-01-26T09:45:33Z,143
SES0001904,U00168,08/02/2024 16:50,2024-02-08 17:06:41,943
SES0001905,U00168,2024-02-22 22:51:57,2024-02-22T22:52:35Z,38
SES0001906,U00168,31/12/2023 13:23,2023-12-31T13:24:12Z,66
SES0001907,U00168,2024-02-08T08:03:05Z,2024-02-08 08:05:33,148
SES0001908,U00168,2023-12-24 08:09:21,2023-12-24 08:11:51,150
SES0001909,U00168,2024-01-30T10:58:49Z,2024-01-30 10:59:50,61
SES0001910,U00168,2023-12-11 21:50:55,2023-12-11T21:50:55Z,0
SES0001911,U00168,05/02/2024 13:53,2024-02-05 14:02:01,514
SES0001912,U00168,04/01/2024 06:44,04/01/2024 07:03,1140
SES0001913,U00168,2023-11-30 16:27:56,30/11/2023 16:29,72
SES0001914,U00168,2024-02-04T13:36:55Z,04/02/2024 13:43,384
SES0001915,U00168,10/02/2024 23:54,2024-02-11 00:19:26,1514
SES0001916,U00168,2024-01-23 13:52:41,2024-01-23 13:58:23,342
SES0001917,U00168,2024-01-16T16:08:22Z,2024-01-16T16:10:02Z,100
SES0001918,U00168,2024-01-17 16:03:55,17/01/2024 16:06,144
SES0001919,U00168,2023-12-07T11:26:04Z,2023-12-07T11:31:55Z,351
SES0001920,U00168,2024-01-14 09:09:06,14/01/2024 09:14,317
SES0001921,U00168,2024-02-15 17:04:55,2024-02-15 17:07:14,139
SES0001922,U00168,2024-02-15T16:22:08Z,2024-02-15 16:28:57,409
SES0001923,U00168,23/12/2023 11:28,23/12/2023 11:28,0
SES0001924,U00168,2024-01-19 18:50:30,19/01/2024 18:52,147
SES0001925,U00168,2023-12-07T06:20:33Z,2023-12-07 06:21:40,67
SES0001926,U00168,30/12/2023 19:33,2023-12-30T19:33:35Z,29
SES0001927,U00168,2024-02-27T20:24:15Z,27/02/2024 20:25,48
SES0001928,U00168,2024-02-23T03:01:02Z,23/02/2024 03:10,593
SES0001929,U00168,02/02/2024 11:55,2024-02-02 11:56:02,56
SES0001930,U00168,2024-02-05T05:38:36Z,05/02/2024 05:38,19
SES0001931,U00169,2024-05-18T06:15:47Z,2024-05-18T06:16:56Z,69
SES0001932,U00169,02/05/2024 18:50,2024-05-02 18:50:33,30
SES0001933,U00169,2024-05-10 01:46:17,2024-05-10 01:48:25,128
SES0001934,U00169,2024-05-13T00:04:47Z,2024-05-13T00:17:31Z,764
SES0001935,U00169,2024-04-25 04:12:24,2024-04-25 04:18:12,348
SES0001936,U00169,06/05/2024 17:38,2024-05-06 17:43:13,286
SES0001937,U00169,03/05/2024 19:03,03/05/2024 19:29,
SES0001938,U00169,2024-04-29 12:54:01,2024-04-29T12:57:32Z,
SES0001939,U00169,2024-04-25 09:10:52,2024-04-25 09:12:36,104
SES0001940,U00169,2024-05-13 00:09:10,2024-05-13 00:12:54,224
SES0001941,U00170,2024-05-10T04:55:50Z,2024-05-10T05:01:19Z,329
SES0001942,U00170,2024-05-11T07:24:54Z,2024-05-11T07:29:38Z,284
SES0001943,U00171,2023-08-14 21:57:44,14/08/2023 21:58,75
SES0001944,U00171,2023-11-08 01:13:28,08/11/2023 01:13,22
SES0001945,U00172,07/08/2023 01:19,07/08/2023 01:21,121
SES0001946,U00172,2023-06-16 17:42:12,16/06/2023 17:43,91
SES0001947,U00172,2023-07-21T21:25:58Z,2023-07-21T21:27:56Z,118
SES0001948,U00172,2023-10-19 22:18:56,19/10/2023 22:19,52
SES0001949,U00172,2023-05-15T10:21:00Z,2023-05-15T10:22:09Z,69
SES0001950,U00173,2023-08-24T00:33:59Z,2023-08-24 00:36:39,160
SES0001951,U00173,2023-08-19T04:39:39Z,2023-08-19 04:43:52,253
SES0001952,U00173,19/08/2023 14:14,2023-08-19T14:25:45Z,687
SES0001953,U00173,18/08/2023 02:59,2023-08-18T03:01:02Z,90
SES0001954,U00173,23/08/2023 21:26,2023-08-23 21:29:42,183
SES0001955,U00173,25/08/2023 12:31,2023-08-25T12:33:02Z,78
SES0001956,U00173,2023-08-18T06:07:15Z,2023-08-18 06:08:36,
SES0001957,U00173,20/08/2023 00:12,2023-08-20T00:14:01Z,N/A
SES0001958,U00173,23/08/2023 18:11,2023-08-23 18:14:43,218
SES0001959,U00173,2023-08-16T23:00:21Z,16/08/2023 23:29,1736
SES0001960,U00173,27/08/2023 13:11,27/08/2023 13:13,73
SES0001961,U00173,16/08/2023 16:12,16/08/2023 16:13,71
SES0001962,U00173,24/08/2023 14:02,24/08/2023 14:30,1680
SES0001963,U00173,2023-08-25 23:19:08,2023-08-25T23:24:14Z,306
SES0001964,U00173,24/08/2023 21:28,2023-08-24T21:41:37Z,794
SES0001965,U00173,2023-08-25 21:54:11,2023-08-25T21:55:32Z,81
SES0001966,U00173,2023-08-21T07:32:05Z,21/08/2023 07:34,126
SES0001967,U00173,2023-08-19T09:21:52Z,19/08/2023 09:22,21
SES0001968,U00173,2023-08-24T05:11:50Z,2023-08-24 05:11:53,3
SES0001969,U00173,21/08/2023 13:53,2023-08-21 13:56:14,140
SES0001970,U00173,17/08/2023 09:26,2023-08-17T09:31:53Z,N/A
SES0001971,U00173,2023-08-19T14:34:07Z,2023-08-19T14:35:16Z,69
SES0001972,U00173,2023-08-23T10:01:54Z,2023-08-23T10:11:34Z,580
SES0001973,U00173,23/08/2023 23:19,23/08/2023 23:22,182
SES0001974,U00173,27/08/2023 02:45,27/08/2023 02:57,774
SES0001975,U00173,2023-08-23T11:46:37Z,2023-08-23T11:50:40Z,243
SES0001976,U00173,2023-08-23T12:10:42Z,2023-08-23 12:11:36,54
SES0001977,U00173,28/08/2023 20:23,2023-08-28 20:24:08,63
SES0001978,U00173,25/08/2023 03:37,25/08/2023 03:38,55
SES0001979,U00173,2023-08-19T20:31:50Z,2023-08-19T20:34:08Z,138
SES0001980,U00173,2023-08-20T00:29:46Z,2023-08-20T00:32:06Z,140
SES0001981,U00173,2023-08-21 20:22:16,21/08/2023 20:23,75
SES0001982,U00173,18/08/2023 10:19,2023-08-18T10:28:43Z,535
SES0001983,U00173,2023-08-25T14:36:09Z,2023-08-25 14:37:09,60
SES0001984,U00173,22/08/2023 14:21,2023-08-22 14:34:07,760
SES0001985,U00173,2023-08-28T15:00:15Z,2023-08-28 15:00:39,N/A
SES0001986,U00173,2023-08-21 17:05:33,21/08/2023 17:18,785
SES0001987,U00173,27/08/2023 09:09,27/08/2023 09:11,124
SES0001988,U00173,2023-08-22 00:17:49,2023-08-22 00:22:46,297
SES0001989,U00173,2023-08-16 16:11:47,2023-08-16T16:12:35Z,N/A
SES0001990,U00174,2023-12-20T18:38:23Z,2023-12-20 18:46:18,475
SES0001991,U00174,2023-12-26T01:34:17Z,2023-12-26T01:43:53Z,
SES0001992,U00174,2023-12-29 08:25:24,2023-12-29 08:27:47,143
SES0001993,U00174,2023-12-30T01:55:48Z,2023-12-30 01:58:10,N/A
SES0001994,U00174,2023-12-20 22:07:37,20/12/2023 22:18,657
SES0001995,U00174,26/12/2023 11:57,2023-12-26 11:59:46,161
SES0001996,U00174,2023-12-28 01:07:26,28/12/2023 01:15,511
SES0001997,U00174,20/12/2023 10:07,2023-12-20 10:09:48,132
SES0001998,U00174,2023-12-20T03:08:20Z,2023-12-20T03:13:30Z,310
SES0001999,U00174,2023-12-23 21:44:05,23/12/2023 21:44,31
SES0002000,U00176,02/01/2024 19:26,2024-01-02 19:27:27,66
SES0002001,U00176,2024-01-03 06:43:04,2024-01-03 06:45:15,131
SES0002002,U00176,2023-05-15T09:08:56Z,2023-05-15 09:09:27,31
SES0002003,U00176,06/06/2023 00:53,2023-06-06T00:53:22Z,0
SES0002004,U00176,15/05/2023 00:53,2023-05-15T00:53:47Z,36
SES0002005,U00176,24/05/2023 16:48,24/05/2023 16:50,85
SES0002006,U00176,2023-07-01T19:45:02Z,01/07/2023 19:49,297
SES0002007,U00176,2023-06-22T01:22:17Z,2023-06-25T11:02:19Z,294002
SES0002008,U00176,2023-07-20 03:13:14,2023-07-21T22:06:49Z,154415
SES0002009,U00176,24/07/2023 02:18,24/07/2023 02:20,104
SES0002010,U00176,2023-11-24T21:20:51Z,24/11/2023 21:23,139
SES0002011,U00176,01/09/2023 12:15,2023-09-01T12:16:54Z,76
SES0002012,U00176,2024-03-14T21:26:34Z,2024-03-14 21:27:38,64
SES0002013,U00176,2023-11-01 00:22:15,2023-11-02 08:13:50,114695
SES0002014,U00176,16/02/2024 22:45,16/02/2024 22:48,
SES0002015,U00176,2023-04-26 22:32:10,2023-04-26T22:32:37Z,27
SES0002016,U00176,06/05/2023 10:53,2023-05-06T10:55:13Z,116
SES0002017,U00176,18/09/2023 04:22,2023-09-18 04:38:47,1004
SES0002018,U00176,2023-09-22 22:05:14,2023-09-22T22:13:46Z,512
SES0002019,U00176,13/12/2023 09:41,13/12/2023 09:43,164
SES0002020,U00176,2023-12-29T08:21:55Z,29/12/2023 08:22,58
SES0002021,U00176,2023-05-22 04:39:46,22/05/2023 04:39,0
SES0002022,U00176,2023-09-12 22:52:06,2023-09-12 22:53:42,96
SES0002023,U00176,2024-03-10 10:22:01,10/03/2024 10:22,0
SES0002024,U00176,2023-09-24T14:01:41Z,2023-09-24 14:04:11,150
SES0002025,U00176,2023-04-25T00:53:25Z,2023-04-25T00:57:00Z,215
SES0002026,U00176,2023-11-03 18:50:08,2023-11-03T18:52:26Z,138
SES0002027,U00176,2023-11-24T00:01:29Z,2023-11-24T00:07:55Z,386
SES0002028,U00176,2023-04-08T04:09:50Z,08/04/2023 04:10,51
SES0002029,U00176,2024-01-24T09:41:14Z,2024-01-24 09:42:42,88
SES0002030,U00176,2023-08-03 22:10:55,2023-08-03T22:16:10Z,315
SES0002031,U00176,2024-01-11 16:27:11,11/01/2024 16:30,204
SES0002032,U00176,2024-03-03 12:33:35,2024-03-05 16:59:23,188748
SES0002033,U00176,2023-09-08 14:54:14,2023-09-08 14:56:14,120
SES0002034,U00176,25/08/2023 09:39,2023-08-25 09:41:01,114
SES0002035,U00176,04/09/2023 19:00,04/09/2023 19:03,
SES0002036,U00176,06/02/2024 09:12,2024-02-06 09:25:50,825
SES0002037,U00176,2023-05-04T15:25:41Z,04/05/2023 15:26,29
SES0002038,U00176,04/10/2023 15:45,2023-10-04 15:49:08,210
SES0002039,U00176,2024-02-28 13:14:00,2024-02-28T13:17:34Z,214
SES0002040,U00177,14/08/2023 19:12,2023-08-14 19:13:11,59
SES0002041,U00177,23/08/2023 11:28,2023-08-23 11:32:29,220
SES0002042,U00177,2023-08-20 15:31:41,2023-08-20 15:40:23,522
SES0002043,U00177,2023-08-17T13:26:07Z,2023-08-17 13:27:43,96
SES0002044,U00177,2023-08-08T11:50:45Z,2023-08-08 11:52:59,N/A
SES0002045,U00177,07/08/2023 15:00,07/08/2023 15:02,94
SES0002046,U00177,09/08/2023 13:21,2023-08-09 13:29:06,442
SES0002047,U00177,2023-08-09 23:28:24,2023-08-09T23:29:29Z,65
SES0002048,U00177,27/07/2023 06:51,2023-07-27T06:51:47Z,22
SES0002049,U00177,2023-07-30T23:21:03Z,2023-07-30T23:27:15Z,372
SES0002050,U00177,2023-07-27 19:04:40,2023-07-27 19:04:40,0
SES0002051,U00177,2023-08-04T06:32:37Z,2023-08-04 06:36:24,227
SES0002052,U00177,31/07/2023 11:26,2023-07-31 11:28:37,116
SES0002053,U00177,17/08/2023 10:22,2023-08-17T10:29:35Z,415
SES0002054,U00177,2023-08-07 16:23:59,2023-08-07T16:27:45Z,226
SES0002055,U00177,2023-08-18 02:12:50,2023-08-18T02:13:38Z,48
SES0002056,U00177,2023-08-12T04:23:56Z,2023-08-12T04:26:56Z,180
SES0002057,U00177,08/08/2023 06:22,2023-08-08T06:24:27Z,130
SES0002058,U00177,24/08/2023 13:18,2023-08-24T13:18:30Z,0
SES0002059,U00177,2023-08-24T04:00:15Z,2023-08-24 04:17:09,
SES0002060,U00177,2023-07-27 23:01:27,27/07/2023 23:03,105
SES0002061,U00177,2023-08-06T03:50:09Z,2023-08-06T03:50:35Z,26
SES0002062,U00177,14/08/2023 21:28,14/08/2023 21:30,127
SES0002063,U00177,2023-07-26T19:54:45Z,26/07/2023 20:03,514
SES0002064,U00177,2023-08-01 06:54:50,2023-08-01T06:56:05Z,75
SES0002065,U00177,27/07/2023 03:11,2023-07-27T03:17:33Z,361
SES0002066,U00177,06/08/2023 08:47,06/08/2023 08:48,82
SES0002067,U00177,23/08/2023 16:13,23/08/2023 16:13,20
SES0002068,U00177,2023-08-17T06:28:46Z,17/08/2023 06:40,724
SES0002069,U00177,02/08/2023 12:14,02/08/2023 12:16,97
SES0002070,U00177,2023-08-17T05:34:05Z,2023-08-17 06:13:29,2364
SES0002071,U00177,2023-08-08T06:56:35Z,08/08/2023 07:00,254
SES0002072,U00177,2023-08-19T02:17:27Z,19/08/2023 02:38,1241
SES0002073,U00177,08/08/2023 01:38,2023-08-08 01:42:55,248
SES0002074,U00177,15/08/2023 03:20,2023-08-15 03:23:09,180
SES0002075,U00177,2023-08-04T19:00:59Z,04/08/2023 19:07,373
SES0002076,U00177,15/08/2023 06:06,2023-08-15 06:08:37,126
SES0002077,U00177,2023-08-04 22:15:06,04/08/2023 22:16,65
SES0002078,U00177,2023-08-01 23:40:56,2023-08-01T23:43:44Z,168
SES0002079,U00177,2023-08-05 14:35:05,05/08/2023 14:38,223
SES0002080,U00177,28/07/2023 08:14,2023-07-28 08:15:05,48
SES0002081,U00177,2023-08-15 08:54:54,2023-08-15 09:20:17,N/A
SES0002082,U00177,2023-08-05 19:15:08,2023-08-05T19:17:17Z,129
SES0002083,U00177,06/08/2023 15:57,06/08/2023 16:11,828
SES0002084,U00177,17/08/2023 02:01,17/08/2023 02:02,59
SES0002085,U00177,11/08/2023 01:26,2023-08-11T01:29:28Z,191
SES0002086,U00177,07/08/2023 03:24,2023-08-07T03:24:42Z,10
SES0002087,U00177,2023-08-04 22:02:55,2023-08-04 22:06:04,189
SES0002088,U00177,2023-08-07T02:40:32Z,07/08/2023 02:41,38
SES0002089,U00177,2023-08-11 07:53:21,11/08/2023 07:53,0
SES0002090,U00177,16/08/2023 08:39,2023-08-16T08:40:51Z,89
SES0002091,U00177,2023-08-18T04:20:30Z,2023-08-18 04:22:38,128
SES0002092,U00177,2023-08-07 09:04:04,2023-08-07 09:08:35,271
SES0002093,U00177,2023-08-23 07:23:54,2023-08-23T07:25:00Z,66
SES0002094,U00177,27/07/2023 15:07,27/07/2023 15:07,9
SES0002095,U00177,2023-07-31T10:05:21Z,2023-07-31 10:05:52,31
SES0002096,U00177,23/08/2023 17:25,2023-08-23 17:44:23,1123
SES0002097,U00177,13/08/2023 15:30,13/08/2023 15:34,257
SES0002098,U00177,2023-08-14 02:33:29,2023-08-14T02:37:23Z,234
SES0002099,U00177,2023-07-26T06:52:47Z,26/07/2023 06:54,101
SES0002100,U00177,19/08/2023 01:19,20/08/2023 06:21,104521
SES0002101,U00177,2023-08-24 02:01:15,2023-08-24T02:13:59Z,764
SES0002102,U00177,2023-08-24 21:46:06,2023-08-24T21:50:05Z,239
SES0002103,U00177,2023-08-01 05:20:04,01/08/2023 05:24,279
SES0002104,U00177,2023-08-15T13:14:50Z,15/08/2023 13:15,42
SES0002105,U00177,23/08/2023 12:22,23/08/2023 12:31,506
SES0002106,U00177,2023-08-03 14:47:14,2023-08-03 14:49:37,143
SES0002107,U00177,22/08/2023 06:15,2023-08-22T06:21:58Z,414
SES0002108,U00177,2023-07-28T12:51:05Z,28/07/2023 12:51,37
SES0002109,U00177,31/07/2023 07:56,2023-07-31T08:01:00Z,277
SES0002110,U00177,2023-08-23 06:23:25,23/08/2023 06:26,187
SES0002111,U00177,2023-08-22 14:33:12,2023-08-22 14:40:59,467
SES0002112,U00177,23/08/2023 11:55,2023-08-23T11:56:10Z,62
SES0002113,U00177,2023-08-14T14:47:59Z,14/08/2023 14:49,106
SES0002114,U00177,2023-08-23T03:26:20Z,23/08/2023 03:28,142
SES0002115,U00177,2023-08-04 14:54:58,04/08/2023 14:55,33
SES0002116,U00177,2023-08-04T22:41:09Z,2023-08-04T22:41:32Z,23
SES0002117,U00177,29/07/2023 19:33,2023-07-29T19:33:13Z,0
SES0002118,U00177,2023-07-26T11:37:45Z,26/07/2023 11:38,39
SES0002119,U00177,2023-08-06 19:57:03,06/08/2023 19:57,0
SES0002119,U00177,2023-08-06 19:57:03,06/08/2023 19:57,0
SES0002120,U00178,26/05/2023 20:55,26/05/2023 20:56,50
SES0002121,U00178,2023-06-23 03:41:59,2023-06-23 03:43:13,74
SES0002122,U00178,2023-07-26T14:24:33Z,2023-07-26 14:30:27,354
SES0002123,U00178,2023-07-17 21:08:03,2023-07-17T21:09:06Z,63
SES0002124,U00178,2023-07-19 08:30:16,2023-07-19 08:31:19,63
SES0002125,U00178,2023-06-02T13:50:46Z,2023-06-02T14:01:50Z,664
SES0002126,U00178,05/07/2023 13:46,2023-07-05 13:47:02,51
SES0002127,U00178,2023-08-07 04:12:36,2023-08-07T04:18:47Z,371
SES0002128,U00178,22/07/2023 23:50,22/07/2023 23:50,27
SES0002129,U00178,2023-06-16T08:58:12Z,2023-06-16 08:59:55,103
SES0002130,U00180,2024-06-29T13:31:54Z,29/06/2024 13:32,21
SES0002131,U00182,13/11/2023 23:59,2023-11-14T00:02:34Z,208
SES0002132,U00183,2023-12-18 01:39:17,2023-12-18T01:49:13Z,596
SES0002133,U00183,2023-10-01 21:44:24,2023-10-01T21:44:55Z,31
SES0002134,U00183,2024-05-25T06:17:27Z,2024-05-25T06:23:10Z,343
SES0002135,U00183,2023-07-25T01:24:33Z,2023-07-25 01:27:01,148
SES0002136,U00183,2024-06-14 03:30:14,2024-06-14 03:31:44,90
SES0002137,U00183,2023-11-29T07:53:07Z,2023-11-29 07:58:32,325
SES0002138,U00183,2023-08-17T23:49:48Z,18/08/2023 00:10,1266
SES0002139,U00183,2024-03-28T03:05:19Z,2024-03-28T03:06:08Z,49
SES0002140,U00183,2024-05-08 06:44:20,2024-05-08T06:45:48Z,88
SES0002141,U00183,2024-01-21 04:24:05,2024-01-21T04:31:21Z,436
SES0002142,U00184,2024-06-22 22:17:16,2024-06-22T22:18:53Z,97
SES0002143,U00184,2024-06-22 22:00:43,22/06/2024 22:08,494
SES0002144,U00184,2024-06-25T14:09:01Z,25/06/2024 14:13,279
SES0002145,U00184,2024-06-22 07:05:32,2024-06-22T07:08:22Z,
SES0002146,U00184,2024-06-23 06:44:40,2024-06-23 06:48:21,221
SES0002147,U00184,21/06/2024 16:49,21/06/2024 16:51,125
SES0002148,U00184,17/06/2024 17:22,2024-06-17 17:26:45,254
SES0002149,U00184,2024-06-20T07:05:24Z,2024-06-20 07:07:07,103
SES0002150,U00184,07/06/2024 20:12,07/06/2024 20:12,0
SES0002151,U00184,27/06/2024 16:56,2024-06-27T16:59:54Z,184
SES0002152,U00185,29/05/2023 02:08,2023-05-29 02:09:18,77
SES0002153,U00185,2023-06-16 16:53:04,16/06/2023 16:54,
SES0002154,U00185,2023-05-18 08:55:25,2023-05-18 08:56:01,36
SES0002155,U00185,2023-05-23T19:54:11Z,2023-05-23 19:56:11,120
SES0002156,U00185,2023-07-17T05:52:48Z,2023-07-17T05:53:56Z,68
SES0002157,U00185,2023-05-20T03:34:26Z,20/05/2023 03:37,173
SES0002158,U00185,2023-07-04 07:59:00,2023-07-04T07:59:47Z,47
SES0002159,U00185,2023-07-08 13:56:08,2023-07-08T14:01:44Z,336
SES0002160,U00185,19/07/2023 17:05,2023-07-19 17:05:34,0
SES0002161,U00185,2023-08-05T04:00:02Z,2023-08-05T04:00:34Z,32
SES0002162,U00185,08/06/2023 03:54,08/06/2023 03:58,276
SES0002163,U00185,2023-08-07 18:39:53,2023-08-07 18:41:45,112
SES0002164,U00185,31/07/2023 20:05,2023-07-31T20:15:04Z,566
SES0002165,U00185,2023-06-07 03:40:04,07/06/2023 03:42,
SES0002166,U00185,2023-06-09 04:29:12,09/06/2023 04:35,374
SES0002167,U00185,29/07/2023 00:32,2023-07-29T00:34:10Z,90
SES0002168,U00185,24/05/2023 18:03,2023-05-24T18:05:54Z,167
SES0002169,U00185,2023-06-26T06:55:48Z,2023-06-26 06:56:17,29
SES0002170,U00185,2023-07-24 09:14:37,2023-07-24 10:09:43,3306
SES0002171,U00185,2023-08-14 12:06:23,2023-08-14 12:17:18,655
SES0002172,U00187,19/11/2023 22:22,2023-11-19T22:25:06Z,159
SES0002173,U00187,16/11/2023 02:57,2023-11-16T02:59:27Z,101
SES0002174,U00187,2023-11-19 00:38:47,19/11/2023 00:41,139
SES0002175,U00187,2023-11-18T07:48:31Z,2023-11-18T07:54:17Z,346
SES0002176,U00187,2023-11-15T18:35:19Z,2023-11-15 18:46:04,645
SES0002177,U00187,15/11/2023 08:46,2023-11-15T08:53:00Z,414
SES0002178,U00187,19/11/2023 06:03,19/11/2023 06:05,139
SES0002179,U00187,2023-11-17T11:33:03Z,2023-11-17 11:39:31,388
SES0002180,U00187,20/11/2023 14:37,20/11/2023 14:37,14
SES0002181,U00187,2023-11-14T17:37:52Z,14/11/2023 17:38,40
SES0002182,U00187,2023-11-18 04:13:37,18/11/2023 04:14,65
SES0002183,U00187,18/11/2023 08:43,2023-11-18T08:45:58Z,127
SES0002184,U00187,15/11/2023 14:52,2023-11-15T14:52:40Z,0
SES0002185,U00187,2023-11-15 18:20:04,2023-11-15T18:22:15Z,131
SES0002186,U00187,20/11/2023 04:54,2023-11-20T05:04:17Z,574
SES0002187,U00187,16/11/2023 04:23,2023-11-16T04:26:36Z,196
SES0002188,U00187,2023-11-19 09:17:43,2023-11-19 09:31:16,813
SES0002189,U00187,2023-11-15 21:09:07,2023-11-15T21:09:38Z,31
SES0002190,U00187,2023-11-16T16:55:48Z,2023-11-16 17:09:11,803
SES0002191,U00187,20/11/2023 02:09,2023-11-20T02:11:10Z,95
SES0002192,U00188,2024-04-25 20:53:15,2024-04-25 20:53:15,0
SES0002193,U00188,23/07/2023 20:19,2023-07-23T20:26:37Z,399
SES0002194,U00188,09/05/2023 12:33,2023-05-09 12:34:23,72
SES0002195,U00188,2023-10-18 16:30:05,2023-10-18T16:39:44Z,579
SES0002196,U00188,09/03/2024 06:20,09/03/2024 06:22,83
SES0002197,U00188,2023-08-27 11:14:30,2023-08-27 11:16:39,129
SES0002198,U00188,2023-05-13T21:04:02Z,2023-05-13T21:11:09Z,427
SES0002199,U00188,2023-08-26 10:08:48,2023-08-26 10:08:53,5
SES0002200,U00188,2023-05-12 09:17:24,2023-05-12T09:24:17Z,413
SES0002201,U00188,2024-02-28T20:08:44Z,28/02/2024 20:13,297
SES0002202,U00188,2023-08-23T05:47:28Z,2023-08-23T05:51:08Z,220
SES0002203,U00188,2023-07-31T10:29:58Z,2023-07-31 10:54:45,1487
SES0002204,U00188,2023-10-03T18:11:07Z,03/10/2023 18:12,67
SES0002205,U00188,2023-09-23T21:50:59Z,26/09/2023 20:08,253034
SES0002206,U00188,2023-07-04T03:11:56Z,04/07/2023 03:12,28
SES0002207,U00188,2023-11-26T16:26:59Z,2023-11-26T16:29:05Z,126
SES0002208,U00188,2024-03-07T22:53:30Z,2024-03-07T23:01:15Z,465
SES0002209,U00188,13/09/2023 07:05,13/09/2023 07:46,2468
SES0002210,U00188,03/06/2023 04:36,2023-06-03 04:48:45,763
SES0002211,U00188,2024-03-30 11:22:53,2024-03-30T11:25:00Z,127
SES0002212,U00188,2023-12-14 05:37:16,2023-12-14T05:38:19Z,63
SES0002213,U00188,2024-04-29T05:40:08Z,2024-04-29 05:40:31,
SES0002214,U00188,2023-09-17T09:29:03Z,17/09/2023 09:36,462
SES0002215,U00188,04/08/2023 20:53,04/08/2023 21:01,462
SES0002216,U00188,15/02/2024 15:45,2024-02-15T15:50:26Z,320
SES0002217,U00188,2023-07-14 00:57:56,2023-07-14 01:03:00,304
SES0002218,U00188,2024-03-29T01:34:33Z,29/03/2024 01:34,0
SES0002219,U00188,2023-07-09T13:30:41Z,2023-07-09 13:32:24,103
SES0002220,U00188,2023-08-22 04:20:37,2023-08-22T04:29:34Z,537
SES0002221,U00188,2024-02-21 10:14:57,2024-02-21T10:21:50Z,413
SES0002222,U00189,2023-12-06T17:00:09Z,06/12/2023 17:09,572
SES0002223,U00189,2023-11-22 23:41:04,2023-11-22T23:53:28Z,744
SES0002224,U00189,2023-12-17 21:26:09,2023-12-17T21:38:37Z,748
SES0002225,U00189,09/01/2024 23:55,2024-01-09T23:55:44Z,0
SES0002226,U00189,2023-12-27T15:05:00Z,2023-12-27 15:26:19,1279
SES0002227,U00189,04/02/2024 11:29,04/02/2024 11:30,46
SES0002228,U00189,23/12/2023 16:23,2023-12-23T16:26:30Z,180
SES0002229,U00189,2023-11-08T23:02:07Z,08/11/2023 23:03,79
SES0002230,U00189,09/12/2023 23:54,09/12/2023 23:59,298
SES0002231,U00189,14/12/2023 14:33,14/12/2023 14:46,769
SES0002232,U00189,2023-12-03 13:34:19,2023-12-03T13:36:06Z,107
SES0002233,U00189,2024-01-12T20:44:30Z,12/01/2024 20:45,65
SES0002234,U00189,2023-12-24T21:49:25Z,2023-12-24 22:01:10,705
SES0002235,U00189,29/11/2023 01:42,2023-11-29 01:46:23,217
SES0002236,U00189,03/12/2023 09:37,2023-12-03 09:49:20,692
SES0002237,U00189,06/01/2024 04:58,2024-01-06 04:58:11,0
SES0002238,U00189,2024-01-05T04:44:22Z,05/01/2024 04:45,51
SES0002239,U00189,26/11/2023 06:33,2023-11-26T06:33:12Z,6
SES0002240,U00189,07/12/2023 13:43,07/12/2023 13:45,129
SES0002241,U00189,2023-11-11T14:04:43Z,2023-11-11 14:05:31,48
SES0002242,U00189,05/01/2024 13:27,2024-01-05 13:27:23,16
SES0002243,U00189,2024-01-06 04:28:06,06/01/2024 04:28,50
SES0002244,U00189,2023-12-23T15:30:36Z,2023-12-23 15:34:57,261
SES0002245,U00189,2023-12-06T11:31:36Z,06/12/2023 11:53,1301
SES0002246,U00189,2024-02-02T10:47:56Z,2024-02-02T10:48:44Z,48
SES0002247,U00189,2024-01-11T02:27:41Z,2024-01-11T02:35:11Z,450
SES0002248,U00189,2023-11-17 19:02:19,2023-11-17 19:03:51,92
SES0002249,U00189,2023-11-11 02:40:51,11/11/2023 02:42,112
SES0002250,U00189,2023-12-09T19:34:38Z,2023-12-09 19:54:28,1190
SES0002251,U00189,2023-11-24T03:22:55Z,2023-11-24T03:36:07Z,792
SES0002252,U00190,2024-01-09T15:05:02Z,09/01/2024 15:05,18
SES0002253,U00190,07/01/2024 20:38,2024-01-07 20:39:01,16
SES0002254,U00190,2023-12-27 00:26:44,27/12/2023 00:29,163
SES0002255,U00191,2023-12-06T18:49:11Z,06/12/2023 18:57,
SES0002256,U00191,2023-11-15 12:22:25,2023-11-15 12:28:40,375
SES0002257,U00191,2024-01-21T13:03:55Z,2024-01-21T13:07:07Z,192
SES0002258,U00191,2024-01-15T05:55:35Z,15/01/2024 05:56,71
SES0002259,U00191,2024-01-06T21:31:56Z,2024-01-06T21:44:55Z,779
SES0002260,U00193,2024-05-16T14:48:39Z,2024-05-16T15:03:59Z,920
SES0002261,U00193,2024-05-12 19:34:01,2024-05-12T19:49:12Z,911
SES0002262,U00193,07/05/2024 22:27,2024-05-07 22:28:34,52
SES0002263,U00193,2024-05-28 02:24:10,2024-05-28T02:24:10Z,0
SES0002264,U00193,2024-05-01 23:19:32,01/05/2024 23:20,47
SES0002265,U00194,27/10/2023 06:20,2023-10-27T06:22:21Z,82
SES0002266,U00194,2023-12-13 05:06:33,13/12/2023 05:12,368
SES0002267,U00194,2024-01-14T14:05:13Z,2024-01-14 14:11:06,353
SES0002268,U00194,09/12/2023 12:14,09/12/2023 12:15,62
SES0002269,U00194,2023-08-24 07:26:42,2023-08-24T07:31:44Z,302
SES0002270,U00194,10/08/2023 23:03,2023-08-10 23:04:48,86
SES0002271,U00194,2024-01-05 10:11:23,2024-01-05T10:11:37Z,14
SES0002272,U00194,2023-09-06T15:28:30Z,06/09/2023 15:30,129
SES0002273,U00194,04/08/2023 08:55,2023-08-04 08:59:20,N/A
SES0002274,U00194,16/08/2023 04:11,16/08/2023 04:17,361
SES0002275,U00195,2024-06-27T23:31:05Z,27/06/2024 23:31,33
SES0002276,U00195,2024-06-29T23:12:14Z,29/06/2024 23:15,176
SES0002277,U00196,08/07/2023 14:47,2023-07-08T14:53:34Z,349
SES0002278,U00196,2023-07-17 12:25:21,2023-07-17 12:27:03,102
SES0002279,U00197,2023-07-29 01:33:00,2023-07-29 01:33:30,30
SES0002280,U00197,27/07/2023 11:15,2023-07-27T11:36:39Z,1253
SES0002281,U00197,22/05/2023 07:35,22/05/2023 07:45,548
SES0002282,U00197,2023-03-25T16:36:12Z,25/03/2023 16:37,88
SES0002283,U00197,2023-12-10 19:53:09,10/12/2023 19:56,207
SES0002284,U00197,2024-01-21 16:55:00,2024-01-21T16:55:10Z,10
SES0002285,U00197,10/04/2023 16:26,2023-04-10 16:30:46,245
SES0002286,U00197,17/08/2023 01:36,17/08/2023 01:38,71
SES0002287,U00197,20/06/2023 09:57,2023-06-20 09:58:43,64
SES0002288,U00197,2023-12-28 22:55:36,2023-12-28 22:59:17,221
SES0002289,U00197,2023-10-28T08:38:17Z,2023-10-28T08:42:19Z,242
SES0002290,U00197,2024-02-20T15:36:02Z,2024-02-20T15:44:58Z,536
SES0002291,U00197,2023-12-23T11:55:30Z,2023-12-23 11:58:07,157
SES0002292,U00197,2023-07-19T16:27:18Z,2023-07-22 16:06:20,257942
SES0002293,U00197,2023-10-14T05:48:19Z,2023-10-14 05:48:19,0
SES0002294,U00197,2023-12-10T20:44:01Z,2023-12-10T20:48:00Z,239
SES0002295,U00197,2023-12-20 21:01:15,2023-12-20 21:09:14,479
SES0002296,U00197,11/04/2023 14:20,11/04/2023 14:23,189
SES0002297,U00197,2023-09-05T23:49:20Z,2023-09-05 23:50:24,64
SES0002298,U00197,2023-08-17T00:00:40Z,2023-08-17T00:06:42Z,362
SES0002299,U00197,2023-12-22 07:42:57,2023-12-25 01:51:26,238109
SES0002300,U00197,15/04/2023 16:39,2023-04-15T16:44:08Z,276
SES0002301,U00197,2024-02-29 02:39:00,29/02/2024 02:40,95
SES0002302,U00197,25/10/2023 04:35,25/10/2023 04:48,803
SES0002303,U00197,2023-11-23T03:24:16Z,2023-11-23T03:25:04Z,48
SES0002304,U00197,19/02/2024 18:57,2024-02-19 18:58:19,25
SES0002305,U00197,2023-06-29 07:54:54,2023-06-29T07:57:57Z,183
SES0002306,U00197,2024-02-15T11:29:57Z,15/02/2024 11:35,317
SES0002307,U00197,01/05/2023 01:09,2023-05-01 01:11:38,149
SES0002308,U00197,2023-10-03T04:50:18Z,03/10/2023 04:51,67
SES0002309,U00198,07/02/2024 05:54,2024-02-07T05:55:14Z,45
SES0002310,U00198,2024-02-04 01:37:51,04/02/2024 01:39,126
SES0002311,U00198,02/02/2024 06:19,02/02/2024 06:20,70
SES0002312,U00198,05/02/2024 09:58,05/02/2024 10:08,650
SES0002313,U00198,25/01/2024 10:19,2024-01-25T10:20:25Z,43
SES0002314,U00198,2024-01-30 04:24:00,2024-01-30 04:30:32,392
SES0002315,U00198,2024-01-28T00:03:29Z,2024-01-28T00:11:33Z,484
SES0002316,U00198,2024-01-26T05:05:25Z,2024-01-26T05:15:17Z,592
SES0002317,U00198,2024-01-28 07:04:34,2024-01-28T07:19:30Z,896
SES0002318,U00198,2024-01-30 14:15:12,2024-01-30T14:17:44Z,152
SES0002319,U00198,2024-02-07 06:13:04,2024-02-07T06:14:45Z,101
SES0002320,U00198,31/01/2024 20:34,2024-01-31 20:34:57,49
SES0002321,U00198,02/02/2024 17:45,02/02/2024 17:57,707
SES0002322,U00198,02/02/2024 05:31,2024-02-02T05:36:28Z,293
SES0002323,U00198,01/02/2024 12:00,2024-02-01T12:02:52Z,128
SES0002324,U00198,2024-02-06T23:12:42Z,2024-02-06T23:14:51Z,129
SES0002325,U00198,2024-01-31 22:14:07,31/01/2024 22:15,67
SES0002326,U00198,2024-02-06T05:00:01Z,2024-02-06T05:05:55Z,354
SES0002327,U00198,2024-01-30 22:23:50,30/01/2024 22:27,234
SES0002328,U00198,01/02/2024 12:52,01/02/2024 12:52,40
SES0002329,U00199,16/02/2024 21:49,2024-02-16 21:53:07,190
SES0002330,U00199,2024-03-13T16:04:51Z,13/03/2024 16:05,16
SES0002331,U00200,24/11/2023 10:28,2023-11-24T10:29:03Z,24
SES0002332,U00201,2023-03-08T04:20:03Z,08/03/2023 04:20,47
SES0002333,U00201,2023-03-05 13:41:00,2023-03-05 13:46:49,349
SES0002334,U00201,2023-02-26 01:37:38,2023-02-26T01:37:38Z,0
SES0002335,U00202,2024-02-29 22:33:56,2024-02-29T22:34:24Z,28
SES0002336,U00202,2024-02-20 07:09:57,2024-02-20T07:11:46Z,N/A
SES0002337,U00202,2024-02-13T20:56:39Z,2024-02-13 21:00:24,225
SES0002338,U00202,2024-02-24 11:38:01,24/02/2024 11:39,87
SES0002339,U00202,2024-02-06 13:56:46,06/02/2024 13:58,119
SES0002340,U00203,13/06/2024 21:37,2024-06-13 21:38:06,56
SES0002341,U00203,2024-06-10 04:04:33,10/06/2024 04:12,484
SES0002342,U00203,2024-06-29T09:52:28Z,2024-06-29T09:56:23Z,235
SES0002343,U00203,2024-06-28T11:23:00Z,2024-06-28T11:23:39Z,39
SES0002344,U00203,2024-05-30T17:02:47Z,30/05/2024 17:05,140
SES0002345,U00203,2024-06-11 06:00:32,11/06/2024 06:02,115
SES0002346,U00203,2024-06-09 04:16:34,2024-06-09 04:18:06,92
SES0002347,U00203,2024-06-05T11:00:10Z,2024-06-05 11:01:50,100
SES0002348,U00203,2024-06-15T14:14:05Z,2024-06-15 14:15:22,77
SES0002349,U00203,21/06/2024 00:53,21/06/2024 01:04,662
SES0002350,U00203,2024-06-16T17:43:50Z,16/06/2024 17:44,25
SES0002351,U00203,2024-06-02 06:43:21,2024-06-02 06:43:50,29
SES0002352,U00203,25/06/2024 19:43,2024-06-25 19:43:51,31
SES0002353,U00203,2024-06-26 03:51:31,2024-06-26 03:52:25,54
SES0002354,U00203,2024-05-31 23:50:38,31/05/2024 23:54,219
SES0002355,U00203,2024-06-01T17:58:06Z,2024-06-01T18:00:02Z,116
SES0002356,U00203,2024-05-31 16:37:50,2024-05-31T16:40:18Z,148
SES0002357,U00203,2024-06-21 03:04:07,2024-06-21T03:09:00Z,293
SES0002358,U00203,13/06/2024 09:13,13/06/2024 09:16,213
SES0002359,U00203,2024-06-23T02:08:57Z,2024-06-23T02:13:46Z,289
SES0002360,U00203,16/06/2024 15:36,2024-06-16 15:40:30,260
SES0002361,U00203,2024-05-31 09:49:06,31/05/2024 09:54,316
SES0002362,U00203,2024-06-22T17:23:39Z,2024-06-23T22:04:44Z,103265
SES0002363,U00203,2024-06-11 22:31:39,2024-06-11T22:32:04Z,25
SES0002364,U00203,10/06/2024 21:48,2024-06-10 21:49:03,24
SES0002365,U00203,2024-06-20 22:59:35,2024-06-20T23:00:53Z,78
SES0002366,U00203,2024-06-24 13:03:46,2024-06-24T13:03:46Z,0
SES0002367,U00203,2024-06-05 08:20:55,05/06/2024 08:29,501
SES0002368,U00203,2024-06-04 23:26:43,04/06/2024 23:29,173
SES0002369,U00203,2024-06-27T01:27:02Z,27/06/2024 01:30,230
SES0002370,U00204,2024-02-13 18:50:55,2024-02-13 18:52:10,75
SES0002371,U00205,23/12/2023 09:24,2023-12-23 09:27:33,157
SES0002372,U00205,2024-01-06T10:17:09Z,2024-01-07T10:23:44Z,86795
SES0002373,U00205,2024-01-10T09:52:47Z,2024-01-10 09:55:07,140
SES0002374,U00205,11/01/2024 16:15,2024-01-11T16:18:27Z,197
SES0002375,U00205,04/01/2024 08:29,04/01/2024 08:31,105
SES0002376,U00205,2024-01-17 20:50:47,2024-01-17T20:52:43Z,116
SES0002377,U00205,10/01/2024 21:27,2024-01-10 21:29:06,100
SES0002378,U00205,03/01/2024 23:53,2024-01-03 23:54:53,78
SES0002379,U00205,2024-01-13T05:08:40Z,13/01/2024 05:28,1202
SES0002380,U00205,2024-01-11T21:19:58Z,2024-01-11T21:21:20Z,82
SES0002381,U00205,2023-12-25 12:30:31,2023-12-25T12:32:35Z,124
SES0002382,U00205,2024-01-11T10:03:32Z,2024-01-11T10:08:11Z,279
SES0002383,U00205,06/01/2024 19:31,06/01/2024 19:34,130
SES0002384,U00205,19/01/2024 04:07,19/01/2024 04:08,62
SES0002385,U00205,03/01/2024 11:30,03/01/2024 11:30,32
SES0002386,U00205,2024-01-07T22:08:17Z,2024-01-07T22:08:57Z,40
SES0002387,U00205,2024-01-15 04:51:12,2024-01-15 04:53:26,134
SES0002388,U00205,30/12/2023 02:20,2023-12-30 02:20:35,27
SES0002389,U00205,05/01/2024 15:45,2024-01-05 15:49:51,246
SES0002390,U00205,12/01/2024 18:49,12/01/2024 18:53,200
SES0002391,U00205,2024-01-01T11:49:42Z,2024-01-01T11:49:58Z,16
SES0002392,U00205,2024-01-16 07:07:43,2024-01-16T07:08:11Z,28
SES0002393,U00205,09/01/2024 13:55,2024-01-09T14:10:29Z,902
SES0002394,U00205,16/01/2024 19:09,2024-01-16 19:09:55,12
SES0002395,U00205,2023-12-23 07:13:38,23/12/2023 07:17,208
SES0002396,U00205,08/01/2024 16:20,08/01/2024 16:22,97
SES0002397,U00205,2023-12-21T12:58:24Z,2023-12-21 13:26:39,1695
SES0002398,U00205,2024-01-11T12:56:12Z,2024-01-11 13:03:17,425
SES0002399,U00205,24/12/2023 23:10,24/12/2023 23:10,25
SES0002400,U00205,28/12/2023 04:06,2023-12-28T04:08:17Z,130
SES0002401,U00206,2024-04-14T06:23:48Z,14/04/2024 06:24,35
SES0002402,U00207,2023-02-08T19:57:48Z,2023-02-08 20:01:27,219
SES0002403,U00207,2023-02-11T03:23:21Z,2023-02-11T03:27:27Z,246
SES0002404,U00207,2023-02-05T00:38:47Z,2023-02-05 00:39:37,50
SES0002405,U00207,2023-02-09 12:02:57,2023-02-09 12:03:22,25
SES0002406,U00207,09/02/2023 23:03,2023-02-09T23:07:01Z,220
SES0002407,U00207,2023-02-07T22:35:03Z,07/02/2023 22:39,243
SES0002408,U00207,2023-02-07T17:21:34Z,2023-02-07T17:22:37Z,63
SES0002409,U00207,07/02/2023 01:42,2023-02-07T01:43:47Z,89
SES0002410,U00207,2023-02-07T07:59:13Z,2023-02-07T08:04:42Z,N/A
SES0002411,U00207,07/02/2023 11:28,2023-02-07 11:42:08,821
SES0002412,U00208,02/11/2023 01:51,2023-11-02T01:55:04Z,212
SES0002413,U00208,2023-11-02 07:36:46,02/11/2023 07:38,129
SES0002414,U00209,2023-02-04T08:43:05Z,2023-02-05T11:33:54Z,96649
SES0002415,U00209,05/02/2023 11:18,05/02/2023 11:26,484
SES0002416,U00209,05/02/2023 09:57,2023-02-05T10:00:04Z,129
SES0002417,U00209,31/01/2023 19:23,2023-01-31T19:25:05Z,90
SES0002418,U00209,2023-02-02T16:14:52Z,2023-02-02 16:17:50,178
SES0002419,U00210,21/04/2024 06:33,2024-04-21T06:34:40Z,96
SES0002420,U00210,2024-04-26 01:44:51,2024-04-26T01:46:39Z,108
SES0002421,U00210,2024-04-06T12:34:21Z,2024-04-06T12:37:23Z,182
SES0002422,U00210,28/12/2023 05:04,2023-12-28T05:14:46Z,618
SES0002423,U00210,26/02/2024 15:07,2024-02-26 15:11:55,276
SES0002424,U00210,2024-04-08T05:04:44Z,2024-04-08T05:05:49Z,65
SES0002425,U00210,08/01/2024 21:21,2024-01-08T21:23:23Z,138
SES0002426,U00210,2024-04-28T16:33:35Z,28/04/2024 16:34,60
SES0002427,U00210,2024-03-07T22:33:18Z,2024-03-07T22:42:04Z,
SES0002428,U00210,05/04/2024 13:28,2024-04-05 13:41:02,780
SES0002429,U00210,2024-02-17 13:30:59,17/02/2024 13:31,35
SES0002430,U00210,2024-05-29T03:04:36Z,2024-05-29 03:11:40,424
SES0002431,U00210,05/04/2024 16:55,2024-04-05 16:57:29,103
SES0002432,U00210,2024-01-11T16:34:20Z,11/01/2024 16:35,49
SES0002433,U00210,06/03/2024 15:15,06/03/2024 15:42,1632
SES0002434,U00210,2024-02-29T15:42:37Z,2024-02-29 15:45:50,193
SES0002435,U00210,2024-01-07 09:20:24,07/01/2024 09:46,1562
SES0002436,U00210,29/05/2024 13:59,2024-05-29 14:06:45,406
SES0002437,U00210,2024-03-01T20:13:38Z,2024-03-01 20:14:39,61
SES0002438,U00210,2024-04-15 10:18:56,2024-04-15T10:29:07Z,611
SES0002439,U00210,29/04/2024 17:11,29/04/2024 17:12,N/A
SES0002440,U00210,2024-01-16 05:19:04,16/01/2024 05:21,167
SES0002441,U00210,2024-06-12T13:25:50Z,2024-06-12T13:26:31Z,41
SES0002442,U00210,13/01/2024 12:12,2024-01-13T12:13:44Z,87
SES0002443,U00210,2024-01-14T01:45:41Z,2024-01-14 01:46:48,67
SES0002444,U00210,2024-01-17 20:11:29,2024-01-17T20:19:15Z,466
SES0002445,U00210,2024-02-28T22:07:08Z,28/02/2024 22:07,19
SES0002446,U00210,2024-05-19T01:11:26Z,2024-05-19 01:11:26,0
SES0002447,U00210,2024-03-29 03:21:09,2024-03-29 03:47:23,
SES0002448,U00210,05/03/2024 23:33,2024-03-05T23:34:01Z,58
SES0002449,U00210,2024-01-10 10:49:40,10/01/2024 10:54,281
SES0002450,U00210,14/01/2024 08:17,2024-01-14T08:17:52Z,42
SES0002451,U00210,23/05/2024 01:56,2024-05-23T01:59:06Z,151
SES0002452,U00210,2024-05-06T03:58:52Z,2024-05-06T04:01:03Z,131
SES0002453,U00210,2024-01-27T15:33:28Z,27/01/2024 15:38,311
SES0002454,U00210,09/03/2024 09:28,2024-03-09 09:30:45,153
SES0002455,U00210,2024-03-08 12:21:00,2024-03-08 13:10:32,2972
SES0002456,U00210,2024-03-07T01:22:24Z,2024-03-07T01:24:40Z,136
SES0002457,U00210,2024-04-02T16:40:29Z,2024-04-02 16:41:41,72
SES0002458,U00210,29/03/2024 10:30,2024-03-29 10:31:27,28
SES0002459,U00211,22/06/2024 23:32,2024-06-22 23:33:28,44
SES0002460,U00211,2024-05-28T11:50:33Z,2024-05-28 11:51:22,49
SES0002461,U00211,2024-06-11 10:49:26,2024-06-11T10:51:48Z,142
SES0002462,U00211,2024-06-12 07:54:45,2024-06-12 07:56:46,121
SES0002463,U00211,2024-06-13T22:08:53Z,2024-06-13T22:37:31Z,1718
SES0002464,U00211,23/06/2024 09:01,2024-06-23 09:02:53,97
SES0002465,U00211,2024-05-28T03:48:00Z,28/05/2024 03:48,41
SES0002466,U00211,25/06/2024 15:10,2024-06-25 15:14:57,244
SES0002467,U00211,2024-06-14T12:25:30Z,2024-06-14 12:28:15,165
SES0002468,U00211,12/06/2024 23:56,2024-06-13 00:00:45,N/A
SES0002469,U00211,2024-05-27 14:49:03,2024-05-27 15:07:08,1085
SES0002470,U00211,24/06/2024 01:19,2024-06-24 01:20:12,31
SES0002471,U00211,2024-06-24T16:54:21Z,24/06/2024 16:54,21
SES0002472,U00211,24/06/2024 06:39,2024-06-24 06:42:36,164
SES0002473,U00211,2024-06-19 20:55:51,2024-06-19 20:56:36,45
SES0002474,U00211,2024-06-21T21:48:12Z,2024-06-21T21:50:02Z,
SES0002475,U00211,06/06/2024 01:53,2024-06-06 02:14:24,1232
SES0002476,U00211,2024-06-25T02:41:01Z,2024-06-25 02:41:24,23
SES0002477,U00211,27/05/2024 18:54,2024-05-27 18:56:50,129
SES0002478,U00211,2024-06-13T09:46:52Z,2024-06-13T09:48:26Z,94
SES0002479,U00211,11/06/2024 17:50,2024-06-11 17:54:24,226
SES0002480,U00211,2024-05-25T15:51:28Z,2024-05-25 16:03:01,693
SES0002481,U00211,30/05/2024 14:38,2024-05-30T14:41:02Z,129
SES0002482,U00211,2024-06-28T07:15:51Z,28/06/2024 07:18,148
SES0002483,U00211,2024-06-22T04:32:55Z,2024-06-22 04:35:00,N/A
SES0002484,U00211,04/06/2024 03:16,04/06/2024 03:16,17
SES0002485,U00211,2024-06-05 00:08:34,2024-06-05 00:09:34,60
SES0002486,U00211,25/05/2024 09:05,2024-05-25 09:07:15,113
SES0002487,U00211,2024-06-10T05:39:41Z,2024-06-10T05:49:21Z,580
SES0002488,U00211,2024-05-25 13:31:55,25/05/2024 13:39,446
SES0002489,U00211,04/06/2024 23:06,2024-06-04 23:08:18,95
SES0002490,U00211,05/06/2024 15:23,05/06/2024 15:27,204
SES0002491,U00211,2024-05-29 17:57:44,2024-05-29 17:58:14,30
SES0002492,U00211,11/06/2024 18:48,11/06/2024 18:58,608
SES0002493,U00211,2024-05-29T03:33:23Z,29/05/2024 03:35,147
SES0002494,U00211,27/06/2024 16:40,2024-06-27T17:14:14Z,1996
SES0002495,U00211,2024-06-24T07:31:58Z,2024-06-24T08:08:02Z,2164
SES0002496,U00211,2024-06-06T02:25:32Z,06/06/2024 02:26,48
SES0002497,U00211,2024-06-11T16:23:40Z,11/06/2024 16:25,129
SES0002498,U00211,28/06/2024 15:49,28/06/2024 15:50,47
SES0002499,U00211,2024-06-09 09:53:24,2024-06-09 09:58:21,297
SES0002500,U00211,2024-06-25T12:45:22Z,2024-06-25 12:47:33,131
SES0002501,U00211,2024-05-30T12:04:06Z,2024-05-30 12:05:15,69
SES0002502,U00211,2024-06-16 02:12:11,2024-06-16 02:27:14,903
SES0002503,U00211,28/05/2024 02:09,2024-05-28 02:13:21,228
SES0002504,U00211,13/06/2024 08:38,2024-06-13 08:50:54,720
SES0002505,U00211,2024-05-30T23:16:22Z,2024-05-30T23:18:20Z,118
SES0002506,U00211,28/05/2024 09:13,28/05/2024 09:19,375
SES0002507,U00211,2024-06-01T00:20:51Z,01/06/2024 00:21,22
SES0002508,U00211,08/06/2024 06:21,2024-06-08 06:23:14,88
SES0002509,U00211,24/06/2024 11:34,2024-06-24 11:41:34,434
SES0002510,U00211,2024-05-28 03:17:56,2024-05-28 03:28:03,607
SES0002511,U00211,2024-06-15T00:39:44Z,16/06/2024 03:07,95242
SES0002512,U00211,2024-05-30 00:28:11,2024-05-30T00:31:55Z,224
SES0002513,U00211,25/05/2024 13:50,2024-05-25T14:09:05Z,1110
SES0002514,U00211,2024-06-27T05:30:03Z,2024-06-27 05:36:22,379
SES0002515,U00211,25/05/2024 15:57,25/05/2024 15:57,32
SES0002516,U00211,2024-06-08T21:01:50Z,2024-06-08T21:08:00Z,370
SES0002517,U00211,16/06/2024 18:11,2024-06-16 18:11:36,17
SES0002518,U00211,2024-06-11 14:42:24,2024-06-11T15:03:19Z,1255
SES0002519,U00211,2024-06-04T09:38:19Z,2024-06-04T09:40:38Z,139
SES0002520,U00211,27/06/2024 19:31,2024-06-27T19:32:53Z,109
SES0002521,U00211,2024-06-25 21:41:45,2024-06-25T21:42:10Z,25
SES0002522,U00211,2024-06-23 10:26:28,2024-06-23T10:44:53Z,1105
SES0002523,U00211,2024-06-10 19:30:10,2024-06-10T19:40:21Z,611
SES0002524,U00211,2024-06-17T16:31:25Z,2024-06-17T16:34:34Z,189
SES0002525,U00211,2024-06-25T20:26:44Z,2024-06-25 20:27:07,23
SES0002526,U00211,2024-06-16 08:20:47,2024-06-16 08:30:17,570
SES0002527,U00211,2024-06-05 17:16:15,2024-06-05T17:17:49Z,94
SES0002528,U00211,2024-06-10 16:49:43,2024-06-10 16:50:40,57
SES0002529,U00211,2024-06-07T13:22:16Z,07/06/2024 13:30,488
SES0002530,U00211,05/06/2024 06:54,2024-06-05T07:44:02Z,2970
SES0002531,U00211,2024-06-01T07:59:56Z,2024-06-01T08:07:23Z,447
SES0002532,U00211,07/06/2024 22:56,2024-06-07 23:04:20,447
SES0002533,U00211,25/06/2024 02:48,2024-06-25T02:54:45Z,351
SES0002534,U00211,2024-06-28T06:42:17Z,28/06/2024 06:45,213
SES0002535,U00211,2024-06-16 00:45:07,2024-06-16 00:45:39,32
SES0002536,U00211,2024-06-22 07:14:19,2024-06-22T07:15:16Z,57
SES0002537,U00211,04/06/2024 01:43,2024-06-04T01:45:06Z,84
SES0002538,U00211,2024-06-07T12:57:52Z,2024-06-07 13:20:51,1379
SES0002539,U00212,22/09/2023 19:26,2023-09-22 19:31:01,258
SES0002540,U00212,05/10/2023 23:15,2023-10-05T23:16:51Z,N/A
SES0002541,U00212,2023-10-02T16:05:21Z,2023-10-02T16:08:36Z,195
SES0002542,U00212,2023-09-26 12:14:18,26/09/2023 12:14,17
SES0002543,U00212,23/09/2023 15:23,2023-09-23T15:24:13Z,73
SES0002544,U00213,2023-09-19T23:30:38Z,2023-09-19 23:33:22,164
SES0002545,U00213,27/09/2023 04:44,27/09/2023 04:45,54
SES0002546,U00214,20/01/2024 19:12,20/01/2024 19:14,N/A
SES0002547,U00214,2024-01-23 03:52:47,2024-01-23T03:56:00Z,193
SES0002548,U00214,17/01/2024 07:59,2024-01-17 08:14:49,923
SES0002549,U00214,2024-01-18 15:41:41,18/01/2024 15:48,409
SES0002550,U00214,23/01/2024 06:08,2024-01-23 06:10:25,142
SES0002551,U00215,2023-03-22T20:24:26Z,2023-03-22T20:30:32Z,366
SES0002552,U00215,2023-03-24 20:58:16,2023-03-24T20:58:36Z,20
SES0002553,U00215,2023-03-24 00:48:55,24/03/2023 00:50,96
SES0002554,U00215,2023-03-20 16:37:24,20/03/2023 16:38,49
SES0002555,U00215,2023-03-26 22:40:33,2023-03-26 22:44:01,208
SES0002556,U00215,23/03/2023 11:32,2023-03-23 11:44:12,725
SES0002557,U00215,23/03/2023 06:43,2023-03-23 06:45:36,105
SES0002558,U00215,2023-03-21 18:56:32,2023-03-21T18:57:09Z,37
SES0002559,U00215,2023-03-20T07:00:47Z,2023-03-20 07:00:53,6
SES0002560,U00215,2023-03-21T13:41:10Z,21/03/2023 13:41,24
SES0002561,U00216,2023-01-25T13:13:12Z,2023-01-25 13:20:12,420
SES0002562,U00216,2023-02-07T19:05:58Z,07/02/2023 19:13,440
SES0002563,U00216,2023-01-31T17:45:35Z,2023-01-31T17:47:01Z,86
SES0002564,U00216,26/01/2023 22:16,2023-01-26 22:24:59,496
SES0002565,U00216,2023-02-02 18:37:32,2023-02-02 18:41:59,267
SES0002566,U00216,2023-01-27 20:10:57,2023-01-27 20:20:20,563
SES0002567,U00216,2023-01-25 14:00:08,2023-01-25T14:08:11Z,483
SES0002568,U00216,2023-01-26 18:02:12,2023-01-26 18:03:16,64
SES0002569,U00216,01/02/2023 03:08,01/02/2023 03:09,38
SES0002570,U00216,06/02/2023 19:49,06/02/2023 19:55,348
SES0002570,U00216,06/02/2023 19:49,06/02/2023 19:55,348
SES0002571,U00217,28/11/2023 13:18,2023-11-28 13:21:48,180
SES0002572,U00217,2023-10-14 01:45:59,2023-10-14T02:05:04Z,1145
SES0002573,U00217,2023-10-16T21:13:27Z,2023-10-16 21:20:01,394
SES0002574,U00217,10/11/2023 17:49,2023-11-10 17:52:32,208
SES0002575,U00217,20/12/2023 07:56,2023-12-20T07:58:41Z,147
SES0002576,U00217,2023-12-09T04:56:59Z,2023-12-09 04:58:50,111
SES0002577,U00217,2023-12-20 10:17:34,20/12/2023 10:40,1367
SES0002578,U00217,2023-11-04T20:02:08Z,2023-11-04T20:05:19Z,191
SES0002579,U00217,2023-12-03 22:16:14,2023-12-03 22:23:01,407
SES0002580,U00217,24/11/2023 08:51,24/11/2023 08:52,57
SES0002581,U00217,2023-12-14T03:58:07Z,2023-12-14 04:02:59,292
SES0002582,U00217,2023-12-14T16:05:40Z,14/12/2023 16:06,
SES0002583,U00217,2023-11-12T07:55:27Z,2023-11-12 07:56:04,37
SES0002584,U00217,2023-12-07T13:28:09Z,07/12/2023 13:36,475
SES0002585,U00217,18/12/2023 00:09,2023-12-18T00:10:24Z,61
SES0002586,U00217,20/11/2023 15:13,2023-11-20 15:25:58,734
SES0002587,U00217,29/11/2023 15:39,29/11/2023 15:39,24
SES0002588,U00217,2023-11-17T20:51:45Z,2023-11-17T20:53:41Z,116
SES0002589,U00217,2023-10-13 22:10:29,13/10/2023 22:14,234
SES0002590,U00217,2023-12-01 00:11:41,2023-12-01T00:17:23Z,342
SES0002591,U00217,2023-12-22T01:06:18Z,22/12/2023 01:07,
SES0002592,U00217,16/12/2023 05:32,16/12/2023 06:17,2685
SES0002593,U00217,2023-10-10 12:08:19,10/10/2023 12:33,1488
SES0002594,U00217,09/10/2023 07:20,2023-10-09T07:21:56Z,86
SES0002595,U00217,2023-10-07T18:34:34Z,2023-10-07T18:39:13Z,279
SES0002596,U00217,2023-12-12T04:24:37Z,2023-12-12 04:28:53,256
SES0002597,U00217,2023-11-22T15:12:27Z,22/11/2023 15:30,1077
SES0002598,U00217,2023-11-12 21:38:33,2023-11-12T21:42:26Z,233
SES0002599,U00217,2024-01-01T20:03:44Z,04/01/2024 04:46,204185
SES0002600,U00217,2023-10-18T16:38:55Z,2023-10-18T16:41:55Z,180
SES0002601,U00218,27/06/2024 11:29,27/06/2024 11:33,186
SES0002602,U00218,2024-06-14T13:18:41Z,14/06/2024 13:28,597
SES0002603,U00218,20/06/2024 09:54,2024-06-20 09:57:40,187
SES0002604,U00218,22/06/2024 17:55,2024-06-22T17:58:58Z,211
SES0002605,U00218,2024-06-26 18:07:39,2024-06-26T18:08:53Z,74
SES0002606,U00218,16/06/2024 17:04,2024-06-16T17:06:02Z,118
SES0002607,U00218,2024-06-18T06:29:16Z,2024-06-18 06:30:59,103
SES0002608,U00218,2024-06-25 15:49:44,2024-06-25T15:53:04Z,
SES0002609,U00218,2024-06-21 11:20:58,2024-06-21 11:33:06,728
SES0002610,U00218,2024-06-24T11:46:20Z,2024-06-24 11:50:34,254
SES0002611,U00218,2024-06-16 04:35:45,2024-06-16T04:44:16Z,511
SES0002612,U00218,2024-06-18 05:40:45,2024-06-18T05:43:48Z,183
SES0002613,U00218,2024-06-17 18:41:45,2024-06-17T18:49:26Z,461
SES0002614,U00218,17/06/2024 12:31,17/06/2024 12:31,7
SES0002615,U00218,2024-06-24 12:04:25,2024-06-24T12:08:07Z,222
SES0002616,U00218,2024-06-19 01:03:25,2024-06-19T01:08:26Z,301
SES0002617,U00218,2024-06-26T03:48:02Z,26/06/2024 03:49,86
SES0002618,U00218,2024-06-15 07:17:19,2024-06-15 07:18:48,89
SES0002619,U00218,23/06/2024 17:37,2024-06-23T17:44:22Z,439
SES0002620,U00218,2024-06-21T09:48:39Z,2024-06-21T09:57:00Z,501
SES0002621,U00219,2023-03-05T22:04:39Z,05/03/2023 22:08,205
SES0002622,U00219,2023-03-08T08:52:15Z,2023-03-08 08:52:53,38
SES0002623,U00219,03/03/2023 15:08,2023-03-03T15:10:04Z,69
SES0002624,U00220,2024-02-26T11:10:07Z,2024-02-26 11:16:34,387
SES0002625,U00220,2024-02-18 07:49:42,2024-02-18T07:51:57Z,135
SES0002626,U00222,2024-06-08 07:31:09,2024-06-08 07:33:47,158
SES0002627,U00222,05/06/2024 13:01,2024-06-05T13:01:39Z,9
SES0002628,U00223,2023-08-09T18:16:11Z,2023-08-09T18:24:39Z,508
SES0002629,U00223,2023-05-27 13:13:24,27/05/2023 13:14,83
SES0002630,U00225,2024-01-03T23:34:48Z,2024-01-03 23:36:48,120
SES0002631,U00225,2023-11-05T02:23:59Z,2023-11-05 02:25:26,87
SES0002632,U00225,25/01/2024 06:12,25/01/2024 06:16,243
SES0002633,U00226,2023-10-31T04:11:06Z,2023-10-31T04:19:41Z,515
SES0002634,U00226,2023-10-26 12:03:58,2023-10-26T12:05:41Z,103
SES0002635,U00226,2023-10-29 23:31:49,30/10/2023 00:04,1963
SES0002636,U00227,2024-06-29T09:58:37Z,29/06/2024 10:01,145
SES0002637,U00227,29/06/2024 13:41,29/06/2024 13:41,0
SES0002638,U00227,2024-06-29 02:04:17,2024-06-29T02:04:39Z,22
SES0002639,U00227,29/06/2024 17:54,2024-06-29 17:56:24,94
SES0002640,U00227,2024-06-29T04:12:59Z,2024-06-29 04:13:57,58
SES0002641,U00227,2024-06-29T02:45:14Z,2024-06-29 02:49:00,226
SES0002642,U00227,29/06/2024 14:37,2024-06-29 14:39:27,
SES0002643,U00227,2024-06-29 10:53:10,2024-06-29T11:01:03Z,473
SES0002644,U00227,2024-06-29 14:43:26,2024-06-29 14:45:49,143
SES0002645,U00227,2024-06-29 11:57:24,29/06/2024 12:03,347
SES0002646,U00228,2024-01-22T12:39:53Z,2024-01-22T12:43:31Z,N/A
SES0002647,U00228,02/09/2023 12:34,02/09/2023 12:36,130
SES0002648,U00228,13/03/2024 23:59,14/03/2024 00:01,124
SES0002649,U00228,15/05/2024 07:11,15/05/2024 07:11,N/A
SES0002650,U00228,2024-05-23 06:57:18,2024-05-23T06:59:58Z,160
SES0002651,U00228,21/11/2023 06:35,21/11/2023 06:46,685
SES0002652,U00228,2024-06-08 08:35:18,2024-06-08T08:35:46Z,28
SES0002653,U00228,2024-05-24T01:08:02Z,2024-05-24 01:08:41,39
SES0002654,U00228,2023-09-15 00:13:02,2023-09-15 00:14:30,88
SES0002655,U00228,2024-01-14T05:00:41Z,2024-01-14T05:14:48Z,847
SES0002656,U00230,2024-04-24T11:53:28Z,2024-04-24T12:12:22Z,1134
SES0002656,U00230,2024-04-24T11:53:28Z,2024-04-24T12:12:22Z,1134
SES0002657,U00232,2024-05-12T19:55:56Z,2024-05-12 19:55:56,
SES0002658,U00233,2024-01-01 19:32:27,2024-01-01 19:39:46,439
SES0002659,U00233,2024-01-12 02:51:19,12/01/2024 02:52,99
SES0002660,U00233,16/07/2023 03:29,2023-07-16T03:31:41Z,118
SES0002661,U00233,26/12/2023 20:32,2023-12-26 20:32:36,27
SES0002662,U00233,2023-12-27 15:51:49,27/12/2023 15:53,90
SES0002663,U00233,2024-01-01 01:48:18,2024-01-01T01:49:49Z,N/A
SES0002664,U00233,2023-07-16T13:34:43Z,16/07/2023 13:49,876
SES0002665,U00233,2024-01-15 22:31:17,2024-01-15T22:57:06Z,1549
SES0002666,U00233,2023-01-28 17:37:28,2023-01-28T17:39:30Z,122
SES0002667,U00233,2023-11-16 07:24:29,2023-11-16 07:35:06,637
SES0002668,U00233,2023-10-26T11:02:22Z,2023-10-26 11:05:28,
SES0002669,U00233,2023-07-28 15:36:45,2023-07-28T15:37:25Z,40
SES0002670,U00233,15/12/2023 11:20,15/12/2023 11:23,138
SES0002671,U00233,09/05/2023 02:16,09/05/2023 02:16,18
SES0002672,U00233,2023-04-18 11:01:13,18/04/2023 11:01,0
SES0002673,U00233,2023-03-30 02:30:07,2023-03-30 02:32:42,155
SES0002674,U00233,2023-02-01 02:32:42,2023-02-01 02:34:30,108
SES0002675,U00233,10/04/2023 05:13,2023-04-10T05:15:23Z,92
SES0002676,U00233,2023-11-18T10:53:01Z,2023-11-18T11:04:13Z,672
SES0002677,U00233,2023-10-22 14:26:03,22/10/2023 14:26,28
SES0002678,U00235,2023-05-31 19:52:20,31/05/2023 19:54,100
SES0002679,U00235,2023-05-23T12:45:54Z,23/05/2023 12:49,240
SES0002680,U00235,2023-05-27T12:05:12Z,27/05/2023 12:06,51
SES0002681,U00235,01/05/2023 07:09,2023-05-01 07:24:49,913
SES0002682,U00235,2023-05-26T14:47:59Z,26/05/2023 14:48,43
SES0002683,U00235,12/06/2023 18:34,12/06/2023 18:34,13
SES0002684,U00235,2023-06-09T04:14:29Z,2023-06-09 04:15:55,86
SES0002685,U00235,22/04/2023 03:49,22/04/2023 04:55,3965
SES0002686,U00235,2023-05-24 20:19:55,24/05/2023 20:22,167
SES0002687,U00235,2023-05-21T00:53:57Z,2023-05-21T01:11:41Z,1064
SES0002688,U00236,2023-05-13 12:58:26,2023-05-13 12:58:54,28
SES0002689,U00236,2023-05-13 09:20:06,2023-05-13 09:25:46,340
SES0002690,U00237,2023-06-09T07:03:28Z,09/06/2023 07:08,283
SES0002691,U00237,2023-05-07 20:22:44,2023-05-07T20:24:44Z,120
SES0002692,U00237,16/04/2023 13:16,2023-04-16T13:18:37Z,128
SES0002692,U00237,16/04/2023 13:16,2023-04-16T13:18:37Z,128
SES0002693,U00238,2024-04-02 13:41:05,2024-04-02T13:44:13Z,188
SES0002694,U00240,2024-06-08T01:26:10Z,08/06/2024 01:27,63
SES0002695,U00240,07/06/2024 16:22,2024-06-07 16:22:43,22
SES0002696,U00240,10/06/2024 21:36,2024-06-10T21:37:00Z,42
SES0002697,U00241,2024-05-11T08:05:24Z,2024-05-11 08:05:41,17
SES0002698,U00241,2024-05-25T11:57:46Z,25/05/2024 12:00,144
SES0002699,U00241,15/06/2024 15:28,2024-06-15 15:30:07,72
SES0002700,U00241,2024-06-23 07:21:02,23/06/2024 07:36,918
SES0002701,U00241,2024-05-10T10:13:00Z,10/05/2024 10:54,2499
SES0002702,U00241,2024-05-14T07:45:11Z,14/05/2024 07:46,73
SES0002703,U00241,2024-05-23 03:43:55,23/05/2024 03:45,111
SES0002704,U00241,2024-06-20T00:29:25Z,20/06/2024 00:35,354
SES0002705,U00241,2024-06-08T11:39:19Z,08/06/2024 11:41,147
SES0002706,U00241,2024-06-02 10:03:42,02/06/2024 10:05,128
SES0002707,U00241,2024-05-17T19:06:08Z,2024-05-17 19:07:33,85
SES0002708,U00241,2024-06-06T13:04:52Z,2024-06-06T13:05:25Z,33
SES0002709,U00241,2024-06-05 18:03:44,05/06/2024 18:12,534
SES0002710,U00241,2024-05-31 22:41:32,2024-05-31 22:45:30,238
SES0002711,U00241,08/06/2024 23:48,08/06/2024 23:50,
SES0002712,U00241,2024-06-07T13:46:28Z,07/06/2024 13:48,108
SES0002713,U00241,20/06/2024 11:59,20/06/2024 12:01,102
SES0002714,U00241,2024-06-19 23:07:24,2024-06-19 23:09:20,116
SES0002715,U00241,19/06/2024 18:43,2024-06-19 18:45:49,137
SES0002716,U00241,2024-06-01T02:29:49Z,2024-06-01T02:32:26Z,157
SES0002717,U00242,05/01/2024 15:18,05/01/2024 15:24,353
SES0002718,U00243,29/04/2024 01:32,29/04/2024 01:40,501
SES0002719,U00243,2024-05-03 01:02:27,2024-05-03T01:05:48Z,201
SES0002720,U00243,2024-05-04 19:49:27,2024-05-04T20:02:02Z,755
SES0002721,U00243,2024-05-09 08:37:21,2024-05-09T08:38:02Z,41
SES0002722,U00243,2024-05-11 01:34:34,2024-05-11T01:34:50Z,16
SES0002723,U00243,25/04/2024 03:56,2024-04-25T03:58:26Z,118
SES0002724,U00243,2024-05-02T01:39:40Z,2024-05-02T01:45:23Z,343
SES0002725,U00243,2024-04-27T14:04:07Z,2024-04-27T14:07:41Z,214
SES0002726,U00243,2024-05-12 05:18:59,12/05/2024 05:41,1323
SES0002727,U00243,2024-05-09T06:20:54Z,2024-05-09T06:21:40Z,
SES0002728,U00244,2024-06-28 04:47:09,2024-06-28 04:47:45,36
SES0002729,U00244,29/06/2024 09:22,2024-06-29 09:23:53,71
SES0002730,U00244,29/06/2024 07:23,2024-06-29 07:23:57,39
SES0002731,U00244,2024-06-28T05:56:55Z,2024-06-28T05:59:32Z,157
SES0002732,U00244,2024-06-29T12:18:07Z,2024-06-29 12:19:13,66
SES0002733,U00244,2024-06-28T04:19:14Z,2024-06-28T04:20:41Z,87
SES0002734,U00244,2024-06-28T11:59:32Z,2024-06-28 12:08:05,N/A
SES0002735,U00244,2024-06-29 19:54:57,2024-06-29T20:09:07Z,850
SES0002736,U00244,28/06/2024 10:35,2024-06-28T10:38:51Z,195
SES0002737,U00244,29/06/2024 22:51,2024-06-29 22:52:01,18
SES0002738,U00244,2024-06-29T13:07:56Z,2024-06-29T13:08:06Z,10
SES0002739,U00244,2024-06-28T05:25:23Z,2024-06-28 05:27:28,125
SES0002740,U00244,2024-06-28T04:48:28Z,28/06/2024 04:50,106
SES0002741,U00244,2024-06-29T20:00:51Z,2024-06-29T20:02:43Z,112
SES0002742,U00244,2024-06-28T05:12:07Z,28/06/2024 05:14,128
SES0002743,U00244,28/06/2024 16:38,2024-06-28 16:47:18,514
SES0002744,U00244,28/06/2024 19:18,2024-06-28T19:19:18Z,28
SES0002745,U00244,2024-06-28T15:45:42Z,2024-06-28T15:49:41Z,239
SES0002746,U00244,2024-06-28 19:37:23,2024-06-28 19:54:25,1022
SES0002747,U00244,2024-06-29 14:05:13,2024-06-29 14:05:34,21
SES0002748,U00245,21/06/2023 00:12,2023-06-21T00:13:05Z,17
SES0002749,U00245,2023-07-17T11:51:14Z,17/07/2023 12:00,553
SES0002750,U00246,2023-05-15 04:45:05,2023-05-15 04:45:55,50
SES0002751,U00246,24/06/2023 23:53,2023-06-24T23:54:51Z,99
SES0002752,U00247,2024-02-18 08:13:39,2024-02-18T08:17:48Z,249
SES0002753,U00247,2024-02-21 06:43:43,2024-02-21T06:44:14Z,31
SES0002754,U00248,2024-04-13T10:47:40Z,2024-04-13 10:50:27,167
SES0002755,U00248,2024-05-24 04:42:59,24/05/2024 04:43,19
SES0002756,U00248,30/04/2024 13:54,2024-04-30T13:55:54Z,85
SES0002757,U00248,2024-05-05 04:26:02,2024-05-05 04:30:32,270
SES0002758,U00248,2024-06-18 23:46:28,2024-06-18T23:52:50Z,382
SES0002759,U00248,2024-06-22 18:20:31,2024-06-22 18:22:35,124
SES0002760,U00248,2024-06-19T20:15:44Z,2024-06-19T20:18:11Z,147
SES0002761,U00248,15/06/2024 08:03,2024-06-15 08:14:06,610
SES0002762,U00248,2024-05-22 18:45:40,22/05/2024 18:49,252
SES0002763,U00248,2024-06-23 00:57:24,2024-06-23T00:57:40Z,16
SES0002764,U00249,2024-05-30T23:10:50Z,2024-05-30T23:25:03Z,853
SES0002765,U00249,2024-06-04 13:07:56,2024-06-04T13:09:34Z,98
SES0002766,U00249,2024-06-04 22:36:37,04/06/2024 22:36,16
SES0002767,U00249,2024-05-31T06:38:17Z,31/05/2024 06:38,40
SES0002768,U00249,2024-05-30 13:22:59,2024-05-30T13:23:44Z,45
SES0002769,U00249,2024-05-30 09:02:03,30/05/2024 09:02,0
SES0002770,U00249,2024-06-03 20:15:14,2024-06-03T20:15:33Z,19
SES0002771,U00249,2024-06-03 19:03:20,2024-06-03 19:09:49,389
SES0002772,U00249,05/06/2024 21:28,2024-06-05T21:28:38Z,0
SES0002773,U00249,02/06/2024 01:27,2024-06-02T01:27:18Z,3
SES0002774,U00249,2024-06-02 03:17:27,02/06/2024 03:21,
SES0002775,U00249,02/06/2024 00:43,02/06/2024 00:45,87
SES0002776,U00249,2024-06-04 02:47:36,04/06/2024 02:51,209
SES0002777,U00249,05/06/2024 14:43,2024-06-05T14:59:40Z,991
SES0002778,U00249,28/05/2024 12:14,2024-05-28 12:34:17,1167
SES0002779,U00249,2024-06-04 05:37:59,2024-06-06T17:22:03Z,215044
SES0002780,U00249,03/06/2024 03:25,2024-06-03 03:26:16,59
SES0002781,U00249,04/06/2024 15:02,2024-06-04 15:04:27,126
SES0002782,U00249,2024-06-01T01:12:22Z,01/06/2024 01:15,183
SES0002783,U00249,03/06/2024 18:06,2024-06-03 18:11:09,295
SES0002784,U00249,2024-06-06 18:43:03,2024-06-06 18:53:32,629
SES0002785,U00249,2024-05-27T15:08:00Z,2024-05-27T16:02:46Z,3286
SES0002786,U00249,31/05/2024 13:09,2024-05-31 13:14:41,329
SES0002787,U00249,2024-06-04 01:12:48,04/06/2024 01:14,87
SES0002788,U00249,2024-05-30T03:45:12Z,2024-06-02T12:30:12Z,290700
SES0002789,U00249,2024-06-03 16:28:42,2024-06-03 16:29:21,39
SES0002790,U00249,28/05/2024 17:14,28/05/2024 17:15,51
SES0002791,U00249,2024-06-03 19:51:32,05/06/2024 07:27,128180
SES0002792,U00249,2024-06-02T20:20:45Z,2024-06-02 20:21:39,54
SES0002793,U00249,2024-06-03T21:46:58Z,2024-06-03 21:47:39,41
SES0002794,U00250,2023-08-18T10:44:18Z,2023-08-18 10:46:27,129
SES0002795,U00250,24/08/2023 16:45,2023-08-24T16:50:48Z,297
SES0002796,U00250,2023-08-09T08:06:33Z,2023-08-09T08:07:05Z,32
SES0002797,U00250,2023-08-10T03:37:32Z,2023-08-10T03:38:32Z,60
SES0002798,U00250,11/08/2023 12:29,2023-08-11T12:34:38Z,N/A
SES0002799,U00250,09/08/2023 10:13,2023-08-09 10:27:00,788
SES0002800,U00250,27/08/2023 19:42,2023-08-27T19:52:30Z,616
SES0002801,U00250,2023-08-14 09:13:25,2023-08-14T09:19:51Z,386
SES0002802,U00250,2023-08-08T10:43:06Z,2023-08-08 10:44:21,75
SES0002803,U00250,2023-08-19T09:01:57Z,19/08/2023 09:05,241
SES0002804,U00250,15/08/2023 13:47,2023-08-15 13:49:13,74
SES0002805,U00250,2023-08-28T17:10:09Z,28/08/2023 17:11,72
SES0002806,U00250,29/08/2023 17:32,2023-08-29T17:34:19Z,92
SES0002807,U00250,17/08/2023 06:50,2023-08-17 06:51:32,N/A
SES0002808,U00250,17/08/2023 07:17,2023-08-17T07:18:08Z,40
SES0002809,U00250,2023-08-29 23:38:18,2023-08-29 23:38:56,38
SES0002810,U00250,2023-09-05T22:51:31Z,2023-09-05 22:55:38,247
SES0002811,U00250,11/08/2023 10:29,11/08/2023 10:30,34
SES0002812,U00250,2023-09-05T05:24:16Z,2023-09-05T05:25:45Z,89
SES0002813,U00250,2023-08-24 14:20:46,24/08/2023 14:21,57
SES0002814,U00251,2023-11-05T04:32:50Z,05/11/2023 04:33,66
SES0002815,U00251,2024-05-08T18:55:21Z,2024-05-08 19:22:24,1623
SES0002816,U00251,2024-01-10T14:52:55Z,10/01/2024 14:52,0
SES0002817,U00251,2024-04-28T13:00:34Z,28/04/2024 13:01,70
SES0002818,U00251,20/07/2023 04:21,2023-07-20T04:24:04Z,127
SES0002819,U00253,2023-11-27T22:23:37Z,27/11/2023 22:24,26
SES0002820,U00253,2023-11-16 13:30:20,16/11/2023 13:31,88
SES0002821,U00253,2023-11-12 23:18:44,2023-11-12T23:18:44Z,0
SES0002822,U00253,27/11/2023 19:23,27/11/2023 19:25,64
SES0002823,U00253,22/11/2023 09:10,2023-11-22T09:14:04Z,201
SES0002824,U00253,04/12/2023 12:53,2023-12-04 12:56:24,160
SES0002825,U00253,2023-11-30T13:23:23Z,30/11/2023 13:43,1183
SES0002826,U00253,22/11/2023 00:35,22/11/2023 00:36,101
SES0002827,U00253,2023-11-19 23:43:00,2023-11-19 23:44:38,98
SES0002828,U00253,2023-12-02 07:04:14,2023-12-02T07:36:29Z,1935
SES0002829,U00253,2023-12-03T11:10:42Z,03/12/2023 11:15,278
SES0002830,U00253,08/11/2023 03:41,08/11/2023 03:52,670
SES0002831,U00253,2023-11-09T14:29:38Z,2023-11-09 14:30:09,31
SES0002832,U00253,09/11/2023 10:15,2023-11-09T10:15:31Z,0
SES0002833,U00253,2023-11-30 01:08:31,30/11/2023 01:13,292
SES0002834,U00253,2023-11-24T06:46:31Z,2023-11-24 06:50:56,265
SES0002835,U00253,2023-12-04T05:13:45Z,2023-12-04T05:15:30Z,105
SES0002836,U00253,2023-12-04T06:35:06Z,04/12/2023 06:54,1136
SES0002837,U00253,2023-11-07T12:10:42Z,2023-11-07 12:13:19,157
SES0002838,U00253,2023-11-15T22:04:13Z,2023-11-15T22:04:13Z,0
SES0002839,U00253,2023-11-19 21:27:07,2023-11-19 21:27:24,17
SES0002840,U00253,2023-11-14 10:28:31,2023-11-14T10:29:46Z,75
SES0002841,U00253,16/11/2023 20:34,2023-11-16 20:38:59,273
SES0002842,U00253,30/11/2023 21:04,2023-11-30 21:05:02,19
SES0002843,U00253,2023-11-11T16:36:00Z,11/11/2023 16:39,191
SES0002844,U00253,2023-11-19 13:22:38,2023-11-19 13:24:40,122
SES0002845,U00253,2023-11-24 18:14:34,2023-11-25 22:24:44,101410
SES0002846,U00253,2023-11-12T10:52:33Z,2023-11-12 10:52:55,22
SES0002847,U00253,12/11/2023 19:45,2023-11-12T19:48:00Z,145
SES0002848,U00253,14/11/2023 02:17,2023-11-14 02:22:50,340
SES0002849,U00253,2023-12-02T20:33:54Z,2023-12-04 01:37:18,104604
SES0002850,U00253,2023-11-21 17:19:02,2023-11-21 17:19:35,33
SES0002851,U00253,2023-11-16 10:52:35,16/11/2023 10:57,303
SES0002852,U00253,2023-11-24 20:14:50,24/11/2023 20:18,
SES0002853,U00253,2023-11-13 14:35:29,2023-11-13T14:36:28Z,59
SES0002854,U00253,2023-11-23 00:44:50,2023-11-23 00:46:37,107
SES0002855,U00253,21/11/2023 03:51,2023-11-21T04:05:04Z,785
SES0002856,U00253,2023-11-09 14:56:11,2023-11-09T14:57:02Z,51
SES0002857,U00253,13/11/2023 06:33,13/11/2023 06:34,50
SES0002858,U00253,17/11/2023 14:17,2023-11-17 14:22:54,325
SES0002859,U00254,13/04/2023 01:51,2023-04-13T01:52:18Z,N/A
SES0002860,U00254,2023-04-05 09:57:45,2023-04-05T10:01:30Z,225
SES0002861,U00254,06/04/2023 19:45,06/04/2023 19:46,27
SES0002862,U00254,2023-06-04T12:45:21Z,2023-06-04 12:55:22,601
SES0002863,U00254,26/03/2023 15:15,2023-03-26T15:17:14Z,100
SES0002863,U00254,26/03/2023 15:15,2023-03-26T15:17:14Z,100
SES0002864,U00255,05/03/2023 14:56,2023-03-05T14:58:03Z,119
SES0002865,U00255,2023-02-17 17:49:09,2023-02-17T17:56:01Z,412
SES0002866,U00255,2023-03-11T07:49:20Z,11/03/2023 07:53,256
SES0002867,U00256,2024-03-17 17:24:49,2024-03-17 17:32:04,435
SES0002868,U00256,20/03/2024 15:41,20/03/2024 15:47,358
SES0002869,U00256,17/03/2024 17:33,17/03/2024 17:45,723
SES0002870,U00256,2024-03-20 02:11:31,2024-03-20T02:11:31Z,0
SES0002871,U00256,2024-03-16 05:22:41,16/03/2024 05:24,82
SES0002872,U00256,2024-03-17 16:29:10,2024-03-17T16:32:18Z,188
SES0002873,U00256,22/03/2024 07:40,2024-03-22T07:48:27Z,506
SES0002874,U00256,2024-03-19 14:32:40,21/03/2024 12:04,163890
SES0002875,U00256,2024-03-16T03:42:53Z,2024-03-16 03:43:43,50
SES0002876,U00256,2024-03-18T06:49:09Z,18/03/2024 06:50,85
SES0002877,U00258,2024-04-11 08:02:56,11/04/2024 08:05,133
SES0002878,U00258,2024-04-13 13:28:34,2024-04-13 13:31:53,199
SES0002879,U00258,2024-04-22 04:25:29,2024-04-22 04:25:56,27
SES0002880,U00259,31/07/2023 07:49,31/07/2023 07:50,80
SES0002881,U00259,02/09/2023 18:30,2023-09-02 18:37:23,426
SES0002882,U00259,2023-10-09T14:27:18Z,2023-10-09T14:34:25Z,427
SES0002883,U00259,2023-09-04T16:05:26Z,04/09/2023 16:05,0
SES0002884,U00259,2023-06-10 06:20:11,10/06/2023 06:27,457
SES0002885,U00259,2023-09-27 17:14:20,2023-09-27T17:27:18Z,778
SES0002886,U00259,2023-10-18 17:22:57,18/10/2023 17:24,76
SES0002887,U00259,2023-06-24 19:39:19,2023-06-27 20:29:50,262231
SES0002888,U00259,04/09/2023 03:10,2023-09-04T03:17:57Z,474
SES0002889,U00259,14/06/2023 15:15,2023-06-14 16:12:09,3389
SES0002890,U00260,25/08/2023 17:18,25/08/2023 17:20,119
SES0002891,U00260,11/01/2024 14:04,11/01/2024 14:04,14
SES0002892,U00260,14/07/2023 20:24,2023-07-14T20:24:30Z,27
SES0002893,U00260,2023-11-20 01:43:22,2023-11-20T01:44:50Z,88
SES0002894,U00260,08/06/2023 11:08,2023-06-08 11:08:59,48
SES0002895,U00260,2023-07-21 22:03:55,21/07/2023 22:08,284
SES0002896,U00260,2023-06-20 20:48:53,2023-06-20T20:50:44Z,111
SES0002897,U00260,2023-04-13T17:03:45Z,13/04/2023 17:05,119
SES0002898,U00260,2023-06-11T09:12:00Z,2023-06-11T09:22:09Z,
SES0002899,U00260,2023-02-15 16:33:19,15/02/2023 16:33,0
SES0002900,U00260,2023-10-31 00:28:24,2023-10-31 00:29:36,72
SES0002901,U00260,11/02/2023 05:20,2023-02-11T05:22:49Z,159
SES0002902,U00260,28/02/2023 08:08,28/02/2023 08:38,1818
SES0002903,U00260,2023-06-10T06:11:12Z,10/06/2023 06:13,127
SES0002904,U00260,2023-05-14 04:23:05,2023-05-14 04:24:29,84
SES0002905,U00260,2023-09-23 04:12:55,23/09/2023 04:13,37
SES0002906,U00260,2023-09-17 10:05:27,17/09/2023 10:17,726
SES0002907,U00260,13/08/2023 10:28,2023-08-13 10:33:44,286
SES0002908,U00260,2023-08-02T14:11:51Z,2023-08-02T14:14:29Z,158
SES0002909,U00260,2023-09-11 02:28:14,11/09/2023 02:29,51
SES0002910,U00260,07/02/2023 11:27,2023-02-07 11:29:32,135
SES0002911,U00260,2023-11-05 17:56:12,2023-11-05 17:56:32,20
SES0002912,U00260,2023-08-29T22:16:51Z,2023-08-29T22:23:43Z,
SES0002913,U00260,14/11/2023 16:26,14/11/2023 16:31,292
SES0002914,U00260,2023-08-26 11:52:22,2023-08-26 11:53:04,42
SES0002915,U00260,19/12/2023 21:35,2023-12-19T21:35:47Z,19
SES0002916,U00260,2023-11-12 06:58:26,12/11/2023 07:01,194
SES0002917,U00260,2023-10-07 08:07:14,07/10/2023 08:09,149
SES0002918,U00260,2023-02-01T22:38:43Z,01/02/2023 22:42,224
SES0002919,U00260,2023-06-18 18:25:31,18/06/2023 18:27,134
SES0002920,U00261,2023-01-16T01:39:14Z,2023-01-16T01:40:56Z,102
SES0002921,U00262,2024-01-26 20:56:59,2024-01-26 21:14:01,1022
SES0002922,U00262,2024-04-24T20:22:18Z,24/04/2024 20:22,13
SES0002923,U00262,2024-01-10 14:11:07,2024-01-10 14:19:03,476
SES0002924,U00262,17/02/2024 04:21,17/02/2024 04:22,55
SES0002925,U00262,2024-04-27T07:11:59Z,2024-04-27 07:16:54,295
SES0002926,U00263,2024-01-16T08:41:45Z,2024-01-16 08:41:49,4
SES0002927,U00263,13/01/2024 04:44,2024-01-13 04:45:43,N/A
SES0002928,U00263,2024-01-13T22:00:21Z,2024-01-13T22:03:12Z,171
SES0002929,U00264,23/12/2023 09:49,2023-12-23 09:51:21,140
SES0002930,U00264,2024-01-09T04:41:32Z,2024-01-09T05:10:46Z,1754
SES0002931,U00264,22/12/2023 09:21,2023-12-22T09:23:10Z,76
SES0002932,U00264,2023-12-30T15:30:28Z,30/12/2023 15:42,744
SES0002933,U00264,2024-01-09T05:14:27Z,09/01/2024 05:16,151
SES0002934,U00264,2024-01-16T07:46:39Z,2024-01-16T07:47:01Z,22
SES0002935,U00264,2024-01-13 21:45:27,2024-01-13 21:52:30,423
SES0002936,U00264,07/01/2024 07:37,2024-01-07T07:37:35Z,20
SES0002937,U00264,28/12/2023 09:37,2023-12-28 09:45:27,469
SES0002938,U00264,2023-12-20 03:55:25,2023-12-20 04:08:53,808
SES0002939,U00264,2024-01-13 15:46:45,2024-01-13T15:47:23Z,38
SES0002940,U00264,2024-01-07T05:16:57Z,2024-01-07T05:16:57Z,0
SES0002941,U00264,2024-01-11 10:52:20,2024-01-11 10:54:44,144
SES0002942,U00264,2023-12-26 05:01:12,26/12/2023 05:04,192
SES0002943,U00264,2023-12-22T01:52:22Z,2023-12-22 01:54:00,98
SES0002944,U00264,15/01/2024 22:54,17/01/2024 23:43,175759
SES0002945,U00264,2024-01-12T05:53:41Z,12/01/2024 05:53,18
SES0002946,U00264,2023-12-20T07:43:26Z,2023-12-20 08:07:12,1426
SES0002947,U00264,05/01/2024 15:28,05/01/2024 15:29,74
SES0002948,U00264,2024-01-07 04:21:12,2024-01-07T04:22:44Z,92
SES0002949,U00265,09/06/2024 07:37,2024-06-09 07:41:11,232
SES0002950,U00265,2024-03-07 15:55:32,2024-03-07T15:58:26Z,174
SES0002951,U00265,08/04/2024 03:06,08/04/2024 03:06,22
SES0002952,U00265,2024-05-12T23:06:04Z,2024-05-12T23:41:37Z,2133
SES0002953,U00265,31/12/2023 00:41,2023-12-31T00:41:30Z,0
SES0002954,U00266,2023-12-06T19:39:21Z,2023-12-06 19:46:12,411
SES0002955,U00266,26/04/2024 03:35,26/04/2024 03:35,N/A
SES0002956,U00266,2023-12-21T20:03:47Z,2023-12-21 20:03:53,6
SES0002957,U00266,2024-05-06 14:05:28,2024-05-06 14:06:26,58
SES0002958,U00266,2024-01-23T02:20:18Z,23/01/2024 02:20,15
SES0002959,U00266,2023-12-01T04:43:07Z,01/12/2023 04:43,37
SES0002960,U00266,14/04/2024 05:26,2024-04-14T05:30:35Z,253
SES0002961,U00266,23/01/2024 09:03,2024-01-23T09:05:21Z,137
SES0002962,U00266,2023-12-02T23:10:41Z,2023-12-02T23:14:06Z,205
SES0002963,U00266,2024-01-02T22:46:59Z,02/01/2024 22:53,419
SES0002964,U00267,2023-12-22T18:08:31Z,2023-12-22T18:09:31Z,60
SES0002965,U00268,2023-05-16T15:00:22Z,2023-05-16T15:02:57Z,155
SES0002966,U00268,2023-03-16T05:43:30Z,16/03/2023 05:45,101
SES0002967,U00269,2023-12-17 03:28:35,2023-12-17 03:29:26,51
SES0002968,U00269,2024-02-17 19:31:00,17/02/2024 19:32,78
SES0002969,U00269,2023-12-24T16:09:00Z,2023-12-24 16:10:21,81
SES0002970,U00269,2024-02-09 12:26:07,2024-02-09T12:27:13Z,66
SES0002971,U00269,2024-02-27 15:21:07,2024-03-01 19:45:00,275033
SES0002972,U00270,01/04/2023 14:46,2023-04-01T15:00:07Z,847
SES0002973,U00270,04/04/2023 19:16,04/04/2023 19:20,261
SES0002974,U00270,2023-03-30T19:31:45Z,30/03/2023 19:34,155
SES0002975,U00271,2023-12-07T11:55:27Z,07/12/2023 12:01,
SES0002976,U00271,05/12/2023 03:37,05/12/2023 03:37,15
SES0002977,U00271,10/12/2023 21:21,10/12/2023 21:27,357
SES0002978,U00271,2023-12-08 12:43:04,2023-12-08T12:46:52Z,228
SES0002979,U00271,2023-12-02T18:17:39Z,2023-12-02 18:44:41,1622
SES0002980,U00271,2023-12-14 22:16:57,14/12/2023 22:16,0
SES0002981,U00271,2023-12-10T14:44:28Z,2023-12-10 14:46:11,103
SES0002982,U00271,07/12/2023 07:16,2023-12-07T07:16:22Z,0
SES0002983,U00271,13/12/2023 01:44,2023-12-13 01:45:09,47
SES0002984,U00271,2023-12-06 05:41:06,2023-12-06 05:43:05,119
SES0002985,U00271,2023-12-07 11:46:16,2023-12-07 11:47:22,66
SES0002986,U00271,2023-12-15T09:13:12Z,2023-12-15T09:13:26Z,14
SES0002987,U00271,2023-12-06 06:05:20,2023-12-06T06:05:50Z,30
SES0002988,U00271,13/12/2023 19:36,2023-12-13T20:03:39Z,1647
SES0002989,U00271,2023-12-12T09:20:36Z,2023-12-12 09:20:47,11
SES0002990,U00271,07/12/2023 08:22,07/12/2023 08:30,478
SES0002991,U00271,2023-12-09 08:20:39,2023-12-09T08:24:18Z,219
SES0002992,U00271,2023-12-14T09:10:31Z,14/12/2023 09:11,88
SES0002993,U00271,2023-12-06T08:57:19Z,06/12/2023 08:58,47
SES0002994,U00271,2023-12-02T01:21:32Z,02/12/2023 01:22,73
SES0002995,U00271,2023-12-13 00:50:07,2023-12-13T00:50:22Z,15
SES0002996,U00271,09/12/2023 16:50,09/12/2023 17:16,1554
SES0002997,U00271,2023-12-12T03:18:33Z,12/12/2023 03:22,238
SES0002998,U00271,2023-12-04 15:17:34,2023-12-04 15:35:48,1094
SES0002999,U00271,07/12/2023 15:10,07/12/2023 15:10,27
SES0003000,U00271,2023-12-05T02:23:52Z,2023-12-07 20:57:23,239611
SES0003001,U00271,2023-12-04 14:36:12,04/12/2023 15:01,1544
SES0003002,U00271,2023-12-06T14:04:15Z,2023-12-06 14:11:48,453
SES0003003,U00271,06/12/2023 12:27,2023-12-06T12:32:11Z,271
SES0003004,U00271,10/12/2023 22:11,10/12/2023 22:16,314
SES0003005,U00272,2023-12-29T17:49:00Z,29/12/2023 17:51,167
SES0003006,U00272,24/12/2023 00:53,24/12/2023 00:53,18
SES0003007,U00272,2024-01-01T06:37:07Z,2024-01-01T06:37:37Z,30
SES0003008,U00272,2023-12-27 06:07:33,2023-12-27 06:09:42,129
SES0003009,U00272,2023-12-20T17:28:07Z,2023-12-20T17:31:24Z,197
SES0003010,U00272,26/12/2023 02:20,28/12/2023 11:10,204597
SES0003011,U00272,2023-12-22 19:40:18,22/12/2023 19:47,439
SES0003012,U00272,2023-12-21T09:54:29Z,2023-12-21 09:57:01,152
SES0003013,U00272,2023-12-22T04:59:14Z,2023-12-22 04:59:48,
SES0003014,U00272,30/12/2023 05:32,2023-12-30 05:33:22,28
SES0003015,U00273,2023-10-28 20:11:05,2023-10-28T20:14:37Z,212
SES0003016,U00273,2023-09-20 15:49:14,2023-09-20 15:52:09,175
SES0003017,U00274,2024-03-20T09:33:47Z,2024-03-20T09:36:11Z,144
SES0003018,U00274,24/01/2024 03:05,2024-01-24 03:06:08,13
SES0003019,U00274,2023-10-29 08:04:42,2023-10-29T08:07:02Z,140
SES0003020,U00274,2023-10-27 16:27:07,2023-10-27T16:29:51Z,164
SES0003021,U00274,20/10/2023 00:08,2023-10-20 00:09:27,35
SES0003022,U00274,2024-05-25T21:02:37Z,25/05/2024 21:11,560
SES0003023,U00274,2024-01-07T20:45:13Z,2024-01-07 20:45:13,0
SES0003024,U00274,2023-11-24T10:43:27Z,24/11/2023 10:45,116
SES0003025,U00274,2024-02-04T00:59:21Z,2024-02-04 01:01:41,140
SES0003026,U00274,2024-04-25T20:35:20Z,2024-04-25 20:50:00,880
SES0003027,U00275,2023-05-31T06:51:34Z,2023-05-31T06:55:26Z,232
SES0003028,U00275,18/03/2023 12:19,18/03/2023 12:28,573
SES0003029,U00275,14/05/2023 21:59,14/05/2023 22:08,562
SES0003030,U00275,2023-05-10T12:46:44Z,10/05/2023 12:52,327
SES0003031,U00275,2023-05-27T14:03:45Z,2023-05-27T14:06:05Z,140
SES0003032,U00275,2023-05-13T02:04:04Z,2023-05-13T02:07:59Z,235
SES0003033,U00275,2023-06-04 19:52:44,2023-06-04 19:54:40,116
SES0003034,U00275,08/04/2023 16:28,08/04/2023 16:28,
SES0003035,U00275,16/04/2023 22:25,2023-04-16T22:26:56Z,81
SES0003036,U00275,22/03/2023 16:13,2023-03-22T16:15:13Z,106
SES0003037,U00275,2023-03-29 21:48:26,2023-03-29T21:49:15Z,N/A
SES0003038,U00275,2023-06-11T03:09:09Z,11/06/2023 03:26,1039
SES0003039,U00275,2023-06-07T11:48:48Z,2023-06-07 11:52:40,232
SES0003040,U00275,2023-03-19 19:59:22,2023-03-19 20:01:10,108
SES0003041,U00275,2023-03-26T23:10:01Z,29/03/2023 13:49,225546
SES0003042,U00275,2023-04-23 08:20:39,23/04/2023 08:22,122
SES0003043,U00275,2023-05-04 20:37:00,04/05/2023 20:38,88
SES0003044,U00275,28/04/2023 21:22,2023-04-28 21:30:57,504
SES0003045,U00275,14/05/2023 17:30,2023-05-14T17:30:55Z,7
SES0003046,U00275,2023-05-09T14:21:08Z,2023-05-09T14:37:54Z,1006
SES0003047,U00276,2023-05-02T17:25:37Z,02/05/2023 17:34,511
SES0003048,U00276,2023-04-16 23:58:22,2023-04-17T00:13:24Z,902
SES0003049,U00277,2024-06-14T19:13:53Z,2024-06-14T19:14:04Z,11
SES0003050,U00277,20/06/2024 17:27,2024-06-20 17:34:07,418
SES0003051,U00277,2024-06-23T02:30:52Z,2024-06-23T02:36:56Z,
SES0003052,U00277,2024-06-08 05:27:59,2024-06-08 05:28:43,44
SES0003053,U00277,29/06/2024 23:29,2024-06-29 23:33:00,213
SES0003054,U00277,2024-06-19T14:50:40Z,2024-06-19 14:52:48,128
SES0003055,U00277,17/06/2024 19:19,2024-06-17 19:21:35,142
SES0003056,U00277,08/06/2024 13:54,08/06/2024 14:03,500
SES0003057,U00277,10/06/2024 08:01,2024-06-10 08:04:38,193
SES0003058,U00277,2024-06-12 08:41:00,2024-06-12T08:44:12Z,192
SES0003059,U00277,2024-06-19 03:42:12,2024-06-19 03:43:28,76
SES0003060,U00277,2024-06-08T22:55:46Z,08/06/2024 23:01,370
SES0003061,U00277,2024-06-23 02:17:05,23/06/2024 02:21,291
SES0003062,U00277,2024-06-23T11:07:25Z,2024-06-23 11:15:30,485
SES0003063,U00277,2024-06-07T05:30:51Z,2024-06-07T05:33:11Z,140
SES0003064,U00277,2024-06-18T10:06:50Z,2024-06-18 10:06:50,0
SES0003065,U00277,21/06/2024 04:57,21/06/2024 05:05,456
SES0003066,U00277,2024-06-24 08:45:39,2024-06-24 08:46:51,72
SES0003067,U00277,2024-06-26T03:26:17Z,2024-06-26 03:28:11,114
SES0003068,U00277,2024-06-10T04:36:14Z,2024-06-10 04:45:50,576
SES0003069,U00279,25/03/2023 00:19,2023-03-25 00:20:48,68
SES0003070,U00280,2024-03-11 07:48:38,2024-03-11T07:53:26Z,288
SES0003071,U00280,12/03/2024 01:20,12/03/2024 01:30,583
SES0003072,U00280,16/03/2024 19:07,2024-03-16T19:11:22Z,224
SES0003073,U00280,2024-03-11T06:36:56Z,2024-03-11 06:46:50,594
SES0003074,U00280,2024-03-11T03:59:40Z,2024-03-11 04:03:49,249
SES0003075,U00280,12/03/2024 08:00,12/03/2024 08:13,799
SES0003076,U00280,2024-03-11 04:13:19,11/03/2024 04:19,N/A
SES0003077,U00280,2024-03-15 02:33:41,2024-03-15T02:35:03Z,82
SES0003078,U00280,10/03/2024 04:09,2024-03-10 04:16:59,472
SES0003079,U00280,2024-03-10T03:53:48Z,2024-03-10T03:56:45Z,177
SES0003080,U00283,2023-09-28T20:38:58Z,2023-09-28T20:41:51Z,173
SES0003081,U00283,2024-02-10 11:22:07,2024-02-10T11:25:22Z,195
SES0003082,U00283,2023-09-11T03:22:11Z,2023-09-11T03:32:30Z,619
SES0003083,U00283,2023-11-28T18:08:05Z,2023-11-28 18:09:17,72
SES0003084,U00283,2023-12-20T07:42:29Z,2023-12-20T07:53:27Z,658
SES0003085,U00283,2023-10-28T20:33:56Z,2023-10-28 20:38:17,261
SES0003086,U00283,13/01/2024 14:29,2024-01-13T14:36:17Z,396
SES0003087,U00283,2024-01-04T04:33:42Z,2024-01-04 04:34:55,73
SES0003088,U00283,2023-10-15T13:21:31Z,2023-10-15T13:21:52Z,21
SES0003089,U00283,11/10/2023 22:14,2023-10-11 22:14:59,36
SES0003090,U00283,2024-01-05 15:59:44,2024-01-05T16:03:07Z,203
SES0003091,U00283,2023-12-31 13:07:04,2023-12-31T13:07:47Z,43
SES0003092,U00283,2024-02-12T15:52:50Z,2024-02-12 16:06:29,819
SES0003093,U00283,2024-01-03T14:55:32Z,2024-01-03 14:55:57,25
SES0003094,U00283,2023-10-22T08:50:25Z,2023-10-22 08:51:56,91
SES0003095,U00283,29/11/2023 21:17,29/11/2023 21:22,253
SES0003096,U00283,2023-12-21T23:10:28Z,21/12/2023 23:10,6
SES0003097,U00283,2023-11-05 07:14:54,2023-11-05 08:06:03,3069
SES0003098,U00283,16/12/2023 05:53,16/12/2023 05:56,198
SES0003099,U00283,2024-02-13 18:49:39,2024-02-13T18:49:51Z,12
SES0003100,U00285,2023-03-18T12:49:19Z,2023-03-18T12:49:19Z,0
SES0003101,U00285,2023-03-14T03:51:46Z,2023-03-14 03:55:17,211
SES0003102,U00285,2023-03-17 13:27:29,2023-03-17T13:28:32Z,63
SES0003103,U00285,14/03/2023 11:35,2023-03-14 11:36:37,79
SES0003104,U00285,18/03/2023 08:43,18/03/2023 08:51,495
SES0003105,U00285,2023-03-17 12:07:56,17/03/2023 12:10,132
SES0003106,U00285,2023-03-19T08:00:16Z,2023-03-19 08:00:16,0
SES0003107,U00285,2023-03-14T10:45:48Z,2023-03-14 11:19:25,2017
SES0003108,U00285,20/03/2023 03:03,20/03/2023 03:04,61
SES0003109,U00285,2023-03-17 00:34:57,2023-03-17T00:35:07Z,10
SES0003110,U00285,19/03/2023 19:51,2023-03-19T19:53:13Z,94
SES0003111,U00285,18/03/2023 08:53,18/03/2023 08:58,310
SES0003112,U00285,20/03/2023 04:35,2023-03-20T04:37:49Z,138
SES0003113,U00285,2023-03-17T05:11:32Z,17/03/2023 05:13,95
SES0003114,U00285,20/03/2023 04:10,2023-03-20 04:11:41,66
SES0003115,U00285,17/03/2023 23:48,2023-03-17T23:52:58Z,259
SES0003116,U00285,2023-03-15T06:50:48Z,15/03/2023 07:02,679
SES0003117,U00285,2023-03-18 10:00:52,2023-03-18T10:04:54Z,242
SES0003118,U00285,2023-03-16T07:37:08Z,2023-03-16 07:41:49,281
SES0003119,U00285,2023-03-15 07:26:28,15/03/2023 07:31,300
SES0003120,U00285,2023-03-14T15:01:48Z,2023-03-14 15:12:49,661
SES0003121,U00285,19/03/2023 07:43,2023-03-19T07:43:57Z,48
SES0003122,U00285,2023-03-16T11:51:16Z,2023-03-16 12:01:12,596
SES0003123,U00285,20/03/2023 03:16,20/03/2023 03:18,112
SES0003124,U00285,2023-03-18 15:35:08,2023-03-18T15:35:42Z,34
SES0003125,U00285,2023-03-19T00:39:42Z,2023-03-19 00:43:08,206
SES0003126,U00285,14/03/2023 08:04,14/03/2023 08:10,
SES0003127,U00285,14/03/2023 18:05,2023-03-14T18:05:54Z,20
SES0003128,U00285,2023-03-18 10:59:56,2023-03-18T11:29:09Z,1753
SES0003129,U00285,2023-03-16 01:40:55,2023-03-16 01:42:57,122
SES0003130,U00285,2023-03-20 07:31:26,2023-03-20T07:35:37Z,251
SES0003131,U00285,2023-03-17 04:12:51,2023-03-17T04:13:33Z,42
SES0003132,U00285,2023-03-16 04:45:23,2023-03-16T04:46:41Z,78
SES0003133,U00285,2023-03-19T15:30:28Z,19/03/2023 15:31,81
SES0003134,U00285,2023-03-16 10:35:33,2023-03-16 10:35:44,11
SES0003135,U00285,20/03/2023 08:49,2023-03-20 08:49:57,48
SES0003136,U00285,16/03/2023 12:28,2023-03-16 12:29:41,68
SES0003137,U00285,2023-03-16T23:32:50Z,2023-03-16T23:38:09Z,319
SES0003138,U00285,2023-03-20T00:16:20Z,2023-03-20 00:17:08,48
SES0003139,U00285,2023-03-18T06:14:14Z,18/03/2023 06:15,N/A
SES0003140,U00287,2023-09-05T10:33:10Z,05/09/2023 10:34,
SES0003141,U00287,2023-09-07 18:09:13,2023-09-07 18:09:43,30
SES0003142,U00287,2023-09-08 11:09:19,2023-09-08 11:10:41,82
SES0003143,U00287,2023-09-08T12:05:48Z,2023-09-08 12:06:12,24
SES0003144,U00287,2023-09-07T07:32:18Z,07/09/2023 07:33,98
SES0003145,U00287,2023-09-07 02:16:23,2023-09-07 02:23:24,421
SES0003146,U00287,2023-09-10T09:06:52Z,2023-09-10 09:12:46,354
SES0003147,U00287,2023-09-13 04:27:51,13/09/2023 04:34,N/A
SES0003148,U00287,08/09/2023 02:43,08/09/2023 02:43,0
SES0003149,U00287,2023-09-11 12:10:09,2023-09-11T12:11:42Z,93
SES0003150,U00287,2023-09-11 15:41:28,2023-09-11 15:52:35,667
SES0003151,U00287,2023-09-09T00:37:49Z,2023-09-09 00:37:49,0
SES0003152,U00287,02/09/2023 21:39,2023-09-02T21:41:06Z,98
SES0003153,U00287,2023-09-03 21:44:57,2023-09-03 22:20:06,2109
SES0003154,U00287,2023-09-15 06:59:33,15/09/2023 07:01,116
SES0003155,U00287,02/09/2023 01:09,2023-09-02T01:13:16Z,247
SES0003156,U00287,2023-09-05 18:59:34,2023-09-05 19:00:34,60
SES0003157,U00287,2023-09-02 15:51:44,02/09/2023 15:54,170
SES0003158,U00287,2023-09-03 11:45:06,2023-09-03 11:59:35,869
SES0003159,U00287,09/09/2023 19:59,09/09/2023 20:00,60
SES0003160,U00287,08/09/2023 22:32,2023-09-08 22:35:39,213
SES0003161,U00287,2023-09-15 09:27:45,15/09/2023 09:28,24
SES0003162,U00287,2023-09-03 07:53:38,03/09/2023 07:54,78
SES0003163,U00287,2023-09-06T12:56:47Z,06/09/2023 12:59,191
SES0003164,U00287,2023-09-13 00:59:18,2023-09-13 00:59:33,15
SES0003165,U00287,2023-09-08 18:44:27,2023-09-08 18:46:12,105
SES0003166,U00287,2023-09-14 16:06:45,2023-09-14 16:10:48,243
SES0003167,U00287,2023-09-10T04:48:45Z,10/09/2023 04:51,183
SES0003168,U00287,03/09/2023 00:40,2023-09-03 01:10:31,1782
SES0003169,U00287,2023-09-06T12:04:33Z,2023-09-06T12:07:37Z,184
SES0003170,U00288,2023-09-22T10:01:02Z,2023-09-22T10:05:38Z,276
SES0003171,U00288,2023-04-25T11:12:27Z,2023-04-25 11:13:40,73
SES0003172,U00288,2023-05-02 11:27:26,2023-05-02T11:32:57Z,331
SES0003173,U00289,09/06/2024 12:36,09/06/2024 12:36,37
SES0003174,U00289,2024-06-22 20:16:18,2024-06-22 20:17:35,77
SES0003175,U00289,2024-06-13 09:58:00,2024-06-13T09:58:00Z,0
SES0003176,U00289,19/06/2024 13:49,2024-06-19T13:53:16Z,201
SES0003177,U00289,24/06/2024 07:03,2024-06-24T07:08:25Z,277
SES0003178,U00289,2024-06-18T05:50:45Z,2024-06-18 05:54:39,234
SES0003179,U00289,2024-06-27T02:44:22Z,2024-06-27 02:48:46,264
SES0003180,U00289,28/06/2024 07:41,2024-06-28 07:41:47,13
SES0003181,U00289,2024-06-24T20:36:01Z,2024-06-24T20:37:36Z,95
SES0003182,U00289,09/06/2024 15:14,2024-06-09 15:22:26,464
SES0003183,U00289,29/06/2024 10:07,29/06/2024 10:08,23
SES0003184,U00289,2024-06-15 13:40:03,15/06/2024 14:16,2200
SES0003185,U00289,2024-06-10 10:10:13,2024-06-10 10:11:30,77
SES0003186,U00289,2024-06-23T18:35:29Z,23/06/2024 18:52,1015
SES0003187,U00289,14/06/2024 20:15,14/06/2024 20:20,277
SES0003188,U00289,2024-06-23T05:38:21Z,23/06/2024 05:40,120
SES0003189,U00289,2024-06-16T01:12:43Z,2024-06-16 01:13:42,N/A
SES0003190,U00289,20/06/2024 04:05,20/06/2024 04:08,179
SES0003191,U00289,2024-06-21 17:05:02,2024-06-21T17:11:03Z,361
SES0003192,U00289,2024-06-21 08:40:10,2024-06-21 08:42:20,130
SES0003193,U00289,2024-06-24T23:15:03Z,2024-06-24 23:16:41,98
SES0003194,U00289,09/06/2024 17:55,2024-06-09 17:55:23,0
SES0003195,U00289,2024-06-12 03:47:02,2024-06-12 03:47:31,29
SES0003196,U00289,28/06/2024 10:27,2024-06-28T10:27:34Z,34
SES0003197,U00289,2024-06-16T16:22:23Z,2024-06-16 16:22:52,29
SES0003198,U00289,2024-06-15T11:41:53Z,15/06/2024 11:42,28
SES0003199,U00289,11/06/2024 22:09,2024-06-11 22:11:07,85
SES0003200,U00289,22/06/2024 02:30,2024-06-22 02:32:10,114
SES0003201,U00289,29/06/2024 23:54,2024-06-30 00:44:42,3004
SES0003202,U00289,2024-06-09T20:49:57Z,09/06/2024 20:51,79
SES0003203,U00289,13/06/2024 12:48,2024-06-13 12:58:23,608
SES0003204,U00289,13/06/2024 12:52,13/06/2024 12:53,40
SES0003205,U00289,2024-06-28 18:00:19,2024-06-28T18:04:39Z,260
SES0003206,U00289,23/06/2024 19:10,2024-06-23 19:12:36,103
SES0003207,U00289,2024-06-11T09:45:00Z,2024-06-11 09:49:02,242
SES0003208,U00289,2024-06-27T18:19:47Z,2024-06-27 18:24:11,264
SES0003209,U00289,2024-06-12T23:58:06Z,2024-06-12 23:59:51,105
SES0003210,U00289,21/06/2024 12:47,2024-06-21T12:51:00Z,200
SES0003211,U00289,2024-06-12 15:23:41,12/06/2024 15:29,344
SES0003212,U00289,2024-06-19T08:22:48Z,19/06/2024 08:24,81
SES0003213,U00289,2024-06-29 09:14:46,2024-06-29T09:16:50Z,124
SES0003214,U00289,2024-06-24T13:08:35Z,24/06/2024 13:20,712
SES0003215,U00289,2024-06-20 23:01:25,2024-06-20 23:03:31,126
SES0003216,U00289,2024-06-20 23:17:30,2024-06-20 23:20:03,153
SES0003217,U00289,27/06/2024 00:28,2024-06-27 00:30:52,132
SES0003218,U00289,2024-06-29 02:42:40,2024-06-29T02:42:40Z,0
SES0003219,U00289,2024-06-28T16:45:30Z,28/06/2024 16:49,269
SES0003220,U00289,2024-06-23 05:37:09,2024-06-23T05:39:13Z,124
SES0003221,U00289,14/06/2024 19:26,14/06/2024 19:33,402
SES0003222,U00289,2024-06-20 17:36:18,2024-06-20 17:37:12,54
SES0003223,U00289,2024-06-28T19:29:07Z,28/06/2024 19:33,241
SES0003224,U00289,2024-06-19 09:26:58,2024-06-19T09:26:58Z,0
SES0003225,U00289,2024-06-23T18:25:42Z,2024-06-23T18:26:27Z,45
SES0003226,U00289,23/06/2024 08:00,23/06/2024 08:59,3491
SES0003227,U00289,16/06/2024 13:32,2024-06-16 13:43:11,657
SES0003228,U00289,2024-06-19T03:22:28Z,2024-06-19 03:25:36,188
SES0003229,U00289,27/06/2024 00:13,2024-06-27T00:22:02Z,487
SES0003230,U00289,2024-06-09 08:21:28,09/06/2024 08:22,33
SES0003231,U00289,19/06/2024 13:40,2024-06-19 13:42:13,121
SES0003232,U00289,29/06/2024 01:01,29/06/2024 01:03,143
SES0003233,U00289,24/06/2024 15:31,2024-06-24 15:52:09,1254
SES0003234,U00289,13/06/2024 19:14,13/06/2024 19:16,119
SES0003235,U00289,2024-06-29T17:09:22Z,2024-06-29T17:09:29Z,7
SES0003236,U00289,20/06/2024 23:39,2024-06-22T07:16:52Z,113834
SES0003237,U00289,2024-06-10 02:04:38,2024-06-10 02:21:08,990
SES0003238,U00289,2024-06-15 01:05:54,15/06/2024 01:05,0
SES0003239,U00289,2024-06-09T05:36:33Z,09/06/2024 05:40,249
SES0003240,U00289,11/06/2024 18:16,11/06/2024 18:25,557
SES0003241,U00289,23/06/2024 13:04,2024-06-23T13:05:06Z,44
SES0003242,U00289,10/06/2024 19:37,2024-06-10 19:39:21,101
SES0003243,U00289,2024-06-19 11:22:58,2024-06-19T11:23:41Z,43
SES0003244,U00289,2024-06-18 06:16:39,2024-06-18 06:19:17,158
SES0003245,U00289,2024-06-26T04:01:35Z,2024-06-26T04:04:17Z,162
SES0003246,U00289,2024-06-14T06:32:19Z,2024-06-14 06:54:03,1304
SES0003247,U00289,2024-06-21T22:03:11Z,21/06/2024 22:03,43
SES0003248,U00289,2024-06-16 08:53:43,16/06/2024 08:54,22
SES0003249,U00289,27/06/2024 17:13,2024-06-27 17:16:32,201
SES0003250,U00289,2024-06-27T21:10:03Z,2024-06-27 21:18:33,510
SES0003251,U00289,2024-06-24 20:56:19,2024-06-24T20:56:19Z,0
SES0003252,U00289,2024-06-20T19:48:56Z,2024-06-20 19:52:32,216
SES0003253,U00290,01/05/2024 03:18,2024-05-01 03:27:09,530
SES0003254,U00290,2024-02-12T14:30:36Z,12/02/2024 14:32,119
SES0003255,U00290,2024-02-16T13:36:16Z,16/02/2024 14:35,3546
SES0003256,U00290,2024-02-28T07:48:26Z,2024-02-28T07:52:02Z,216
SES0003257,U00290,2024-03-13 18:40:24,2024-03-13T18:41:28Z,64
SES0003258,U00290,2024-02-15T15:09:44Z,2024-02-15T15:09:55Z,11
SES0003259,U00290,30/04/2024 15:03,2024-04-30T15:05:09Z,80
SES0003260,U00290,2024-04-21 11:15:35,21/04/2024 11:35,1174
SES0003261,U00290,10/02/2024 00:44,10/02/2024 00:47,170
SES0003262,U00290,10/02/2024 20:08,2024-02-10 20:08:44,36
SES0003263,U00292,23/02/2024 09:16,23/02/2024 09:25,520
SES0003264,U00292,2024-02-21 09:32:31,2024-02-21T09:35:08Z,157
SES0003265,U00294,2023-08-04T03:54:22Z,2023-08-04T03:56:06Z,104
SES0003266,U00294,06/08/2023 15:08,2023-08-06 15:17:29,523
SES0003267,U00295,24/04/2024 14:34,24/04/2024 14:38,270
SES0003268,U00295,2024-06-09T15:10:05Z,09/06/2024 15:10,43
SES0003269,U00295,29/05/2024 17:15,2024-05-29T17:16:32Z,69
SES0003270,U00295,03/04/2024 05:34,2024-04-03 05:40:55,386
SES0003271,U00295,2024-02-08 12:56:49,2024-02-08T12:59:14Z,N/A
SES0003272,U00295,17/05/2024 05:04,2024-05-17T05:05:27Z,44
SES0003273,U00295,30/05/2024 03:28,30/05/2024 03:30,128
SES0003274,U00295,14/03/2024 14:59,14/03/2024 15:12,819
SES0003275,U00295,30/05/2024 21:43,30/05/2024 21:46,200
SES0003276,U00295,28/02/2024 02:46,28/02/2024 02:59,780
SES0003277,U00295,2024-03-30T05:24:21Z,2024-03-30T05:28:21Z,240
SES0003278,U00295,2024-03-11T22:10:45Z,2024-03-11 22:14:13,208
SES0003279,U00295,28/02/2024 04:28,28/02/2024 05:03,2116
SES0003280,U00295,2024-04-10T05:30:27Z,2024-04-10 05:30:40,13
SES0003281,U00295,06/02/2024 05:11,2024-02-06 05:13:25,111
SES0003282,U00295,02/05/2024 07:29,2024-05-02T07:35:34Z,353
SES0003283,U00295,2024-05-03T12:41:02Z,2024-05-03T12:41:32Z,N/A
SES0003284,U00295,2024-05-31 14:19:23,31/05/2024 14:21,116
SES0003285,U00295,2024-02-04T18:49:34Z,07/02/2024 21:43,269607
SES0003286,U00295,2024-06-08T10:23:16Z,2024-06-08T10:31:48Z,512
SES0003287,U00295,2024-04-20 15:34:46,20/04/2024 15:35,23
SES0003288,U00295,2024-04-18T06:48:10Z,2024-04-18 06:53:09,299
SES0003289,U00295,2024-03-30 06:56:00,2024-03-30 07:02:18,378
SES0003290,U00295,2024-06-16 02:12:56,2024-06-16 02:15:42,166
SES0003291,U00295,13/05/2024 12:30,2024-05-13 12:33:59,231
SES0003292,U00295,2024-03-24T08:02:08Z,2024-03-24T08:13:12Z,664
SES0003293,U00295,2024-04-16 19:18:42,16/04/2024 19:20,86
SES0003294,U00295,2024-04-23T04:27:35Z,23/04/2024 04:31,218
SES0003295,U00295,18/04/2024 10:21,18/04/2024 10:22,47
SES0003296,U00295,2024-05-07 05:33:40,2024-05-07 05:35:27,107
SES0003297,U00297,2023-04-30 17:25:48,2023-04-30 17:26:53,65
SES0003298,U00297,2023-04-12 03:49:55,2023-04-12T04:02:13Z,738
SES0003299,U00297,2023-04-09 17:02:40,2023-04-09 17:10:40,480
SES0003300,U00297,16/03/2023 16:29,2023-03-16 16:37:32,481
SES0003301,U00297,2023-04-12 17:26:01,2023-04-12T17:27:01Z,60
SES0003302,U00297,2023-02-21T04:39:15Z,21/02/2023 04:40,95
SES0003303,U00297,18/07/2023 20:58,2023-07-18 21:05:10,398
SES0003304,U00297,2023-04-14 23:28:17,14/04/2023 23:29,96
SES0003305,U00297,09/07/2023 15:47,09/07/2023 15:56,543
SES0003306,U00297,2023-06-03 15:07:51,03/06/2023 15:10,158
SES0003307,U00298,2024-01-10 22:02:00,2024-01-10 22:03:24,
SES0003308,U00298,2024-02-02 05:38:03,02/02/2024 05:39,N/A
SES0003309,U00298,2023-09-30 07:15:42,2023-09-30 07:30:43,901
SES0003310,U00298,2023-12-31T06:24:15Z,31/12/2023 06:30,374
SES0003311,U00298,2023-09-12T17:38:34Z,2023-09-12 17:40:11,97
SES0003312,U00300,2024-04-27T19:09:23Z,2024-04-27 19:10:37,74
SES0003313,U00300,06/05/2024 04:19,06/05/2024 04:31,706
SES0003314,U00300,2024-05-03 15:12:38,2024-05-03 15:14:34,116
SES0003315,U00300,2024-05-27T17:20:13Z,2024-05-27 17:28:44,511
SES0003316,U00300,2024-05-07 12:08:15,2024-05-07 12:08:15,0
SES0003317,U00301,2024-04-17T14:36:58Z,2024-04-17 14:38:10,72
SES0003318,U00301,2024-06-07T01:46:41Z,2024-06-07 01:55:23,522
SES0003319,U00301,2024-03-06 05:49:49,2024-03-06 05:51:42,113
SES0003320,U00302,2024-04-16 22:20:50,2024-04-16 22:21:38,48
SES0003321,U00302,13/04/2024 04:59,2024-04-13 05:04:37,330
SES0003322,U00302,12/04/2024 08:16,2024-04-12T08:17:35Z,49
SES0003323,U00302,2024-04-14T23:08:08Z,2024-04-14 23:16:36,508
SES0003324,U00302,11/04/2024 17:01,2024-04-11T17:01:32Z,9
SES0003325,U00302,2024-04-16 14:34:06,16/04/2024 14:38,293
SES0003326,U00302,2024-04-15 00:37:25,2024-04-15T00:37:55Z,30
SES0003327,U00302,2024-04-12T19:39:04Z,12/04/2024 19:42,178
SES0003328,U00302,2024-04-10T00:28:29Z,2024-04-10T00:31:32Z,183
SES0003329,U00302,04/04/2024 18:52,2024-04-04 19:13:25,N/A
SES0003330,U00303,07/02/2024 15:30,2024-02-07T15:31:25Z,73
SES0003331,U00303,2023-10-05T17:26:03Z,2023-10-05T17:26:03Z,0
SES0003332,U00303,21/12/2023 23:28,2023-12-21T23:39:52Z,657
SES0003333,U00303,2024-01-30 13:14:38,30/01/2024 13:14,16
SES0003334,U00303,29/11/2023 13:18,2023-11-29T13:20:07Z,76
SES0003335,U00303,01/01/2024 18:04,2024-01-01T18:10:01Z,331
SES0003336,U00303,2023-09-14 01:50:16,14/09/2023 01:50,0
SES0003337,U00303,01/09/2023 18:26,2023-09-01 18:27:17,34
SES0003338,U00303,2023-12-03T23:26:56Z,2023-12-03 23:44:58,1082
SES0003339,U00303,2024-01-09T10:26:13Z,12/01/2024 15:14,276489
SES0003340,U00303,01/10/2023 02:52,01/10/2023 02:53,5
SES0003341,U00303,2023-09-14T04:59:07Z,2023-09-14T05:00:34Z,87
SES0003342,U00303,2023-12-13 06:14:23,13/12/2023 06:16,131
SES0003343,U00303,27/09/2023 06:46,2023-09-27T06:49:26Z,182
SES0003344,U00303,2023-10-14 11:21:51,2023-10-14T11:21:59Z,8
SES0003345,U00303,2023-11-17T20:55:09Z,17/11/2023 21:00,311
SES0003346,U00303,08/12/2023 05:58,08/12/2023 05:58,22
SES0003347,U00303,2023-12-29 11:43:08,29/12/2023 11:50,414
SES0003348,U00303,2023-12-06T01:11:46Z,2023-12-06 01:13:10,84
SES0003349,U00303,2024-01-22T15:05:57Z,2024-01-22T15:08:13Z,136
SES0003350,U00304,27/05/2023 15:19,2023-05-27 15:24:24,313
SES0003351,U00304,05/06/2023 11:19,2023-06-05 11:23:55,248
SES0003352,U00304,2023-05-15 03:56:45,15/05/2023 03:57,20
SES0003353,U00304,2023-06-08 07:15:09,08/06/2023 07:16,83
SES0003354,U00304,2023-05-27 11:37:47,2023-05-27T11:38:56Z,69
SES0003355,U00304,2023-05-31T14:12:01Z,31/05/2023 14:12,38
SES0003356,U00304,2023-05-17 20:55:06,2023-05-17T20:55:59Z,53
SES0003357,U00304,18/05/2023 20:51,2023-05-18 21:04:32,760
SES0003358,U00304,2023-05-12 14:09:28,2023-05-12 14:10:50,82
SES0003359,U00304,2023-05-25 03:03:03,2023-05-25 03:03:48,45
SES0003360,U00304,17/05/2023 17:21,17/05/2023 17:21,0
SES0003361,U00304,2023-05-25T16:17:01Z,2023-05-25T16:22:44Z,343
SES0003362,U00304,12/05/2023 08:22,12/05/2023 08:33,679
SES0003363,U00304,2023-05-12T03:25:22Z,2023-05-12T03:26:01Z,39
SES0003364,U00304,2023-06-05 03:40:52,05/06/2023 03:41,58
SES0003365,U00304,2023-05-11 17:57:45,2023-05-11T18:23:54Z,1569
SES0003366,U00304,01/06/2023 17:03,2023-06-01 17:07:37,250
SES0003367,U00304,2023-05-16T03:27:07Z,2023-05-16 03:30:34,207
SES0003368,U00304,2023-05-17T05:17:24Z,17/05/2023 05:17,0
SES0003369,U00304,2023-06-07 16:00:13,07/06/2023 16:04,271
SES0003370,U00304,2023-05-22T06:38:53Z,2023-05-22T06:39:47Z,54
SES0003371,U00304,2023-06-02T21:32:04Z,2023-06-02T21:33:27Z,
SES0003372,U00304,08/06/2023 03:47,2023-06-08 03:49:28,102
SES0003373,U00304,2023-05-22T15:28:35Z,22/05/2023 15:46,1067
SES0003374,U00304,11/05/2023 12:11,11/05/2023 12:12,58
SES0003375,U00304,04/06/2023 17:35,2023-06-04 19:39:00,7417
SES0003376,U00304,24/05/2023 15:34,2023-05-24T15:36:07Z,124
SES0003377,U00304,2023-06-02T07:22:52Z,02/06/2023 07:26,196
SES0003378,U00304,2023-05-24 13:10:02,24/05/2023 13:12,143
SES0003379,U00304,09/06/2023 11:42,2023-06-09T11:50:12Z,458
SES0003380,U00304,02/06/2023 06:14,2023-06-02T06:14:29Z,26
SES0003381,U00304,2023-06-01T09:15:19Z,2023-06-01T09:19:05Z,226
SES0003382,U00304,2023-05-25T03:50:12Z,2023-05-25T03:52:02Z,110
SES0003383,U00304,15/05/2023 23:14,15/05/2023 23:27,810
SES0003384,U00304,16/05/2023 20:52,2023-05-16T20:52:24Z,20
SES0003385,U00304,2023-05-12 10:49:59,12/05/2023 10:57,471
SES0003386,U00304,29/05/2023 02:54,2023-05-29 02:55:49,97
SES0003387,U00304,2023-05-18T08:20:18Z,2023-05-18T08:20:49Z,31
SES0003388,U00304,2023-05-28T08:22:29Z,2023-05-28T08:23:36Z,67
SES0003389,U00304,18/05/2023 21:25,18/05/2023 21:25,16
SES0003390,U00305,2023-10-30 21:46:17,2023-10-30 21:51:02,285
SES0003391,U00305,2023-10-18 22:42:00,18/10/2023 22:42,0
SES0003392,U00305,2023-10-16T17:19:47Z,16/10/2023 17:21,109
SES0003393,U00305,19/11/2023 20:39,2023-11-19 20:41:28,136
SES0003394,U00305,06/10/2023 08:01,2023-10-06T08:02:43Z,46
SES0003394,U00305,06/10/2023 08:01,2023-10-06T08:02:43Z,46
SES0003395,U00306,09/07/2023 01:06,2023-07-09T01:08:16Z,90
SES0003396,U00306,24/08/2023 11:18,2023-08-24 11:18:56,31
SES0003397,U00306,15/07/2023 01:08,2023-07-15 01:08:36,
SES0003398,U00306,28/07/2023 18:46,2023-07-28T18:47:53Z,58
SES0003399,U00306,2023-09-19 23:05:17,19/09/2023 23:05,0
SES0003400,U00306,08/09/2023 21:35,2023-09-08 21:41:02,342
SES0003401,U00306,2023-07-12T15:18:49Z,12/07/2023 15:21,132
SES0003402,U00306,2023-10-01T14:21:37Z,01/10/2023 14:24,150
SES0003403,U00306,2023-07-08T04:50:42Z,2023-07-08 04:52:17,95
SES0003404,U00306,2023-07-16T11:09:23Z,2023-07-16 11:09:56,33
SES0003405,U00306,2023-08-09 08:26:14,09/08/2023 08:26,45
SES0003406,U00306,06/09/2023 09:34,06/09/2023 09:35,77
SES0003407,U00306,2023-07-08T08:43:29Z,2023-07-08T08:44:57Z,88
SES0003408,U00306,2023-08-09T13:50:37Z,09/08/2023 13:52,87
SES0003409,U00306,2023-07-10 09:46:15,10/07/2023 09:47,75
SES0003410,U00306,2023-08-19T23:31:24Z,2023-08-19T23:35:00Z,216
SES0003411,U00306,09/08/2023 14:34,09/08/2023 14:35,87
SES0003412,U00306,2023-09-27 03:57:35,2023-09-29 03:21:44,170649
SES0003413,U00306,2023-08-17 19:08:51,17/08/2023 19:09,36
SES0003414,U00306,2023-08-26 03:58:56,2023-08-26T04:20:29Z,1293
SES0003415,U00306,2023-08-13 05:59:32,2023-08-13 06:01:55,143
SES0003416,U00306,07/08/2023 18:03,2023-08-07T18:06:52Z,191
SES0003417,U00306,02/08/2023 06:28,02/08/2023 06:29,47
SES0003418,U00306,13/07/2023 09:52,2023-07-13T09:55:21Z,143
SES0003419,U00306,2023-09-30T04:48:39Z,30/09/2023 04:48,0
SES0003420,U00306,2023-07-09T15:02:06Z,2023-07-09 15:04:51,165
SES0003421,U00306,2023-08-08T03:28:48Z,2023-08-08T03:41:17Z,749
SES0003422,U00306,2023-07-07 06:58:55,2023-07-07 07:01:37,162
SES0003423,U00306,2023-07-23T02:22:48Z,2023-07-23 02:31:23,515
SES0003424,U00306,01/08/2023 06:34,2023-08-01 06:36:51,139
SES0003425,U00306,2023-07-30T17:10:44Z,2023-07-30 17:16:42,358
SES0003426,U00306,2023-09-04T06:00:32Z,04/09/2023 06:01,43
SES0003427,U00306,30/07/2023 05:54,2023-07-30T05:59:07Z,262
SES0003428,U00306,2023-08-29 17:46:06,2023-08-29T17:57:56Z,710
SES0003429,U00306,2023-07-13T07:09:54Z,13/07/2023 07:21,675
SES0003430,U00306,2023-10-02T08:08:52Z,2023-10-02T08:09:17Z,25
SES0003431,U00306,28/08/2023 11:56,2023-08-28 12:01:02,277
SES0003432,U00306,2023-07-31 02:05:19,31/07/2023 02:11,348
SES0003433,U00306,2023-08-21 10:20:52,2023-08-21 10:22:10,78
SES0003434,U00306,2023-09-20T17:12:52Z,2023-09-20T17:14:14Z,82
SES0003435,U00307,22/05/2023 21:03,2023-05-22T21:15:58Z,732
SES0003436,U00307,16/05/2023 19:57,2023-05-16 19:58:47,104
SES0003437,U00307,18/05/2023 17:27,21/05/2023 23:00,279192
SES0003438,U00307,2023-05-17T19:22:55Z,2023-05-17 19:26:57,242
SES0003439,U00307,22/05/2023 05:08,22/05/2023 05:08,9
SES0003440,U00307,2023-05-20 10:17:53,20/05/2023 10:29,725
SES0003441,U00307,2023-05-21T13:26:20Z,21/05/2023 13:30,239
SES0003442,U00307,21/05/2023 00:08,2023-05-21T00:11:33Z,199
SES0003443,U00307,2023-05-22 23:00:02,2023-05-22T23:06:16Z,374
SES0003444,U00307,19/05/2023 06:19,2023-05-19 06:20:09,21
SES0003445,U00307,2023-05-21 05:11:44,2023-05-21 05:12:26,42
SES0003446,U00307,2023-05-17T18:16:15Z,2023-05-17T18:17:08Z,53
SES0003447,U00307,2023-05-21 19:41:09,2023-05-21 19:41:49,40
SES0003448,U00307,19/05/2023 02:57,2023-05-19T03:00:05Z,130
SES0003449,U00307,2023-05-18 20:51:34,2023-05-18 20:56:32,298
SES0003450,U00307,19/05/2023 14:55,2023-05-19T14:55:50Z,34
SES0003451,U00307,18/05/2023 10:45,2023-05-18 10:48:06,129
SES0003452,U00307,2023-05-18 08:58:17,2023-05-18 09:03:23,306
SES0003453,U00307,2023-05-22T03:21:24Z,2023-05-22 03:22:31,67
SES0003454,U00307,16/05/2023 09:29,16/05/2023 09:31,94
SES0003455,U00307,2023-05-22T16:30:24Z,2023-05-22T16:34:20Z,236
SES0003456,U00307,2023-05-21 01:38:25,21/05/2023 01:42,239
SES0003457,U00307,2023-05-18 03:15:44,2023-05-18T03:17:25Z,101
SES0003458,U00307,2023-05-21 01:49:05,21/05/2023 01:50,97
SES0003459,U00307,21/05/2023 15:42,21/05/2023 16:16,2032
SES0003460,U00307,2023-05-18 22:11:54,18/05/2023 22:12,25
SES0003461,U00307,21/05/2023 16:47,2023-05-24 12:52:33,245121
SES0003462,U00307,2023-05-16 22:44:58,2023-05-16T22:45:41Z,43
SES0003463,U00307,2023-05-20 16:58:31,20/05/2023 17:02,234
SES0003464,U00307,2023-05-17T01:56:39Z,17/05/2023 01:59,169
SES0003465,U00307,21/05/2023 09:15,2023-05-21T09:22:04Z,377
SES0003466,U00307,2023-05-19 03:06:11,2023-05-19T03:08:35Z,144
SES0003467,U00307,20/05/2023 09:54,20/05/2023 09:54,10
SES0003468,U00307,17/05/2023 05:56,2023-05-17 05:58:42,122
SES0003469,U00307,18/05/2023 18:01,18/05/2023 18:05,220
SES0003470,U00307,2023-05-16T16:43:25Z,16/05/2023 16:46,178
SES0003471,U00307,2023-05-20 18:16:14,2023-05-20T18:16:35Z,21
SES0003472,U00307,22/05/2023 08:17,2023-05-22T08:18:39Z,71
SES0003473,U00307,2023-05-18 14:58:07,2023-05-18T14:59:04Z,57
SES0003474,U00307,2023-05-21T14:55:44Z,2023-05-21T15:06:31Z,647
SES0003475,U00308,2024-02-19 18:09:07,2024-02-19 18:09:30,23
SES0003476,U00308,14/11/2023 05:06,2023-11-14 05:07:28,58
SES0003477,U00308,09/01/2024 03:37,2024-01-09T03:38:31Z,69
SES0003478,U00308,2024-03-16T07:35:24Z,2024-03-16T07:41:02Z,338
SES0003479,U00308,26/02/2024 21:33,2024-02-26T21:35:22Z,135
SES0003480,U00309,22/03/2024 06:17,22/03/2024 06:19,96
SES0003481,U00309,18/03/2024 13:39,2024-03-18 13:40:42,94
SES0003482,U00309,2024-03-23 23:34:23,2024-03-23 23:34:40,17
SES0003483,U00309,2024-03-23 22:28:50,23/03/2024 22:29,57
SES0003484,U00309,2024-03-25T17:13:43Z,2024-03-25T17:17:17Z,
SES0003485,U00309,2024-03-23 14:00:28,23/03/2024 14:05,330
SES0003486,U00309,2024-03-17 20:56:24,2024-03-17T21:00:20Z,236
SES0003487,U00309,2024-03-18 11:37:00,2024-03-18T11:37:00Z,0
SES0003488,U00309,2024-03-17T06:33:55Z,2024-03-17 06:35:21,86
SES0003489,U00309,23/03/2024 10:23,23/03/2024 10:24,50
SES0003490,U00310,2024-05-07 19:15:27,2024-05-07 19:16:52,85
SES0003491,U00310,2024-05-10 18:33:33,2024-05-10 18:36:22,169
SES0003492,U00310,2024-05-07 12:44:49,07/05/2024 12:49,272
SES0003493,U00310,2024-05-04T14:16:57Z,2024-05-04 14:18:00,63
SES0003494,U00310,2024-05-06 10:38:47,06/05/2024 10:39,50
SES0003495,U00310,2024-05-09 20:59:03,2024-05-09T21:08:15Z,552
SES0003496,U00310,2024-05-04 12:22:15,2024-05-04T12:34:08Z,713
SES0003497,U00310,2024-05-10 10:45:26,2024-05-10T11:37:13Z,3107
SES0003498,U00310,2024-05-08 13:34:43,2024-05-08T13:36:42Z,119
SES0003499,U00310,2024-05-04 17:41:36,2024-05-04T17:58:53Z,1037
SES0003500,U00310,05/05/2024 16:54,05/05/2024 17:10,951
SES0003501,U00310,07/05/2024 18:10,07/05/2024 18:12,89
SES0003502,U00310,2024-05-06 05:49:54,2024-05-06T05:52:32Z,158
SES0003503,U00310,05/05/2024 21:40,2024-05-05T21:40:50Z,23
SES0003504,U00310,2024-05-08T04:29:22Z,2024-05-08 04:29:22,0
SES0003505,U00310,2024-05-08 10:22:37,2024-05-08T10:27:17Z,280
SES0003506,U00310,05/05/2024 02:06,2024-05-05 02:08:45,141
SES0003507,U00310,2024-05-07T14:04:00Z,2024-05-07T14:06:41Z,161
SES0003508,U00310,2024-05-10T23:25:52Z,2024-05-10 23:30:09,257
SES0003509,U00310,04/05/2024 07:55,2024-05-04T07:55:56Z,16
SES0003510,U00310,07/05/2024 18:19,07/05/2024 18:20,82
SES0003511,U00310,2024-05-04 16:35:08,2024-05-04 16:35:45,37
SES0003512,U00310,2024-05-05 15:13:29,05/05/2024 15:13,12
SES0003513,U00310,2024-05-07 01:09:00,2024-05-07 01:18:44,584
SES0003514,U00310,2024-05-06 03:14:53,2024-05-06T03:19:22Z,269
SES0003515,U00310,2024-05-09 12:12:10,2024-05-09 12:13:03,53
SES0003516,U00310,2024-05-09 05:37:50,2024-05-09 05:38:08,18
SES0003517,U00310,2024-05-08 05:38:21,2024-05-08 05:39:00,39
SES0003518,U00310,2024-05-09T22:27:40Z,09/05/2024 22:29,87
SES0003519,U00310,2024-05-10 19:36:43,2024-05-10 19:37:08,25
SES0003520,U00310,2024-05-06T01:50:08Z,06/05/2024 01:55,309
SES0003521,U00310,2024-05-07 14:30:16,07/05/2024 14:30,42
SES0003522,U00310,10/05/2024 17:50,2024-05-10T17:51:58Z,87
SES0003523,U00310,07/05/2024 22:09,2024-05-07 22:09:20,0
SES0003524,U00310,2024-05-08 19:26:03,2024-05-08 19:27:55,112
SES0003525,U00310,08/05/2024 12:57,2024-05-08 13:13:30,984
SES0003526,U00310,09/05/2024 03:43,2024-05-09T03:45:31Z,148
SES0003527,U00310,2024-05-08 19:45:34,2024-05-08T19:47:36Z,122
SES0003528,U00310,2024-05-08T12:08:35Z,2024-05-08T12:09:12Z,37
SES0003529,U00310,2024-05-05 23:24:27,2024-05-05 23:25:33,66
SES0003530,U00311,31/08/2023 20:06,31/08/2023 20:06,10
SES0003531,U00311,2023-08-30T21:50:16Z,30/08/2023 21:50,40
SES0003532,U00311,2023-08-27T05:22:01Z,2023-08-27T05:23:38Z,97
SES0003533,U00311,30/08/2023 20:02,2023-08-30T20:09:35Z,421
SES0003534,U00311,01/09/2023 02:51,2023-09-01T02:54:59Z,219
SES0003535,U00311,2023-09-02 10:24:11,2023-09-02 10:25:12,61
SES0003536,U00311,2023-09-07 08:28:14,2023-09-07T08:37:05Z,N/A
SES0003537,U00311,2023-08-27 04:19:15,27/08/2023 04:21,146
SES0003538,U00311,2023-09-04 06:34:26,04/09/2023 06:34,0
SES0003539,U00311,2023-08-25T01:42:10Z,25/08/2023 01:42,33
SES0003540,U00311,26/08/2023 11:52,26/08/2023 11:56,217
SES0003541,U00311,31/08/2023 14:46,31/08/2023 14:48,152
SES0003542,U00311,2023-08-31T14:07:17Z,31/08/2023 14:13,353
SES0003543,U00311,01/09/2023 13:04,2023-09-01T13:05:18Z,N/A
SES0003544,U00311,03/09/2023 04:49,2023-09-03T04:53:02Z,207
SES0003545,U00311,31/08/2023 16:32,2023-08-31T16:38:08Z,325
SES0003546,U00311,2023-09-01T14:26:00Z,01/09/2023 14:29,197
SES0003547,U00311,2023-08-28T04:32:45Z,2023-08-28T04:42:23Z,578
SES0003548,U00311,31/08/2023 02:42,2023-08-31 02:42:00,0
SES0003549,U00311,25/08/2023 11:19,25/08/2023 11:21,107
SES0003550,U00311,03/09/2023 07:32,2023-09-03 07:35:53,192
SES0003551,U00311,2023-09-07T15:39:43Z,2023-09-07T15:40:45Z,62
SES0003552,U00311,2023-08-31T12:27:15Z,31/08/2023 12:30,182
SES0003553,U00311,2023-08-25T01:35:01Z,2023-08-25 01:35:29,28
SES0003554,U00311,2023-08-27 21:53:49,2023-08-27 21:58:17,268
SES0003555,U00311,2023-08-29T21:41:41Z,29/08/2023 21:42,49
SES0003556,U00311,2023-08-27T09:15:18Z,27/08/2023 09:15,34
SES0003557,U00311,2023-08-25 23:50:47,2023-08-26T00:22:36Z,1909
SES0003558,U00311,2023-08-28T10:33:17Z,28/08/2023 10:34,78
SES0003559,U00311,06/09/2023 11:57,2023-09-06 12:29:28,1930
SES0003560,U00311,2023-08-25T20:01:57Z,2023-08-28 23:14:43,270766
SES0003561,U00311,2023-09-06T09:48:05Z,2023-09-06T09:49:36Z,91
SES0003562,U00311,2023-08-30 09:59:38,30/08/2023 10:00,51
SES0003563,U00311,2023-09-05 11:32:18,05/09/2023 11:35,186
SES0003564,U00311,06/09/2023 15:14,2023-09-06 15:15:22,38
SES0003565,U00311,05/09/2023 19:24,05/09/2023 19:28,253
SES0003566,U00311,2023-08-25 05:03:47,25/08/2023 05:07,238
SES0003567,U00311,25/08/2023 05:44,2023-08-25T05:46:13Z,100
SES0003568,U00311,2023-08-30T04:07:50Z,30/08/2023 04:08,39
SES0003569,U00311,2023-08-26T01:31:52Z,2023-08-26T01:35:13Z,201
SES0003570,U00312,2023-09-03T23:01:10Z,03/09/2023 23:06,338
SES0003571,U00312,2023-09-04 07:41:03,2023-09-04T07:45:48Z,285
SES0003572,U00312,31/08/2023 16:02,31/08/2023 16:03,83
SES0003573,U00312,2023-09-04 23:58:55,04/09/2023 23:58,0
SES0003574,U00312,03/09/2023 15:41,2023-09-03T15:42:22Z,62
SES0003575,U00312,03/09/2023 20:40,03/09/2023 20:42,66
SES0003576,U00312,2023-09-04T14:21:52Z,04/09/2023 14:21,0
SES0003577,U00312,2023-09-01 21:13:17,01/09/2023 21:20,442
SES0003578,U00312,2023-09-05 21:14:07,2023-09-05T21:15:28Z,81
SES0003579,U00312,2023-09-02 11:17:30,2023-09-02 11:40:51,1401
SES0003580,U00312,2023-09-02T18:52:14Z,2023-09-02 18:53:48,94
SES0003581,U00312,2023-09-05T05:07:44Z,05/09/2023 05:08,72
SES0003582,U00312,2023-09-05T12:50:00Z,2023-09-05T12:55:17Z,317
SES0003583,U00312,2023-09-02 04:12:11,2023-09-02T04:19:22Z,431
SES0003584,U00312,2023-09-06T08:25:39Z,2023-09-06 08:26:57,78
SES0003585,U00312,2023-09-06 09:43:26,2023-09-06T09:44:36Z,70
SES0003586,U00312,31/08/2023 00:36,31/08/2023 00:38,118
SES0003587,U00312,2023-09-02T06:46:50Z,02/09/2023 06:52,328
SES0003588,U00312,2023-09-01 13:10:17,2023-09-01 13:13:48,211
SES0003589,U00312,2023-09-03 12:46:18,2023-09-03T12:48:33Z,135
SES0003590,U00312,2023-09-06T06:13:44Z,2023-09-06 06:20:09,385
SES0003591,U00312,2023-09-06T22:51:02Z,2023-09-06T22:52:01Z,59
SES0003592,U00312,2023-09-05T05:44:03Z,2023-09-05 05:44:42,39
SES0003593,U00312,2023-09-05T17:07:06Z,2023-09-05T17:07:53Z,47
SES0003594,U00312,2023-08-31T22:27:17Z,31/08/2023 22:27,29
SES0003595,U00312,2023-09-05 23:35:52,2023-09-05T23:38:23Z,151
SES0003596,U00312,31/08/2023 14:04,2023-08-31 14:05:04,41
SES0003597,U00312,01/09/2023 10:07,2023-09-01 10:10:43,219
SES0003598,U00312,2023-08-31T07:08:13Z,31/08/2023 07:09,99
SES0003599,U00312,2023-09-02T20:57:56Z,2023-09-02T21:02:56Z,300
SES0003600,U00313,2023-07-22 04:19:12,2023-07-22T04:21:47Z,155
SES0003601,U00313,2024-01-08T14:30:45Z,2024-01-08 14:33:04,139
SES0003602,U00313,15/12/2023 21:59,2023-12-15T22:03:23Z,
SES0003603,U00313,2023-06-24T11:55:56Z,2023-06-24 12:10:04,848
SES0003604,U00313,2023-07-06T14:37:05Z,2023-07-06 14:49:23,738
SES0003605,U00313,2023-06-25 07:15:34,25/06/2023 07:15,10
SES0003606,U00313,17/12/2023 10:41,2023-12-17T10:42:24Z,61
SES0003607,U00313,05/09/2023 03:02,05/09/2023 03:04,94
SES0003608,U00313,29/02/2024 22:32,29/02/2024 22:33,N/A
SES0003609,U00313,2023-04-28 05:07:21,2023-04-28T05:08:34Z,73
SES0003610,U00313,2024-01-22T23:39:38Z,22/01/2024 23:40,74
SES0003611,U00313,2024-02-19T09:24:43Z,2024-02-19T09:26:48Z,125
SES0003612,U00313,23/07/2023 21:30,23/07/2023 21:31,72
SES0003613,U00313,2024-01-11 06:17:00,2024-01-11T06:17:56Z,56
SES0003614,U00313,2023-09-21T18:21:33Z,2023-09-21T18:23:14Z,101
SES0003615,U00313,23/07/2023 09:27,2023-07-23T09:29:28Z,119
SES0003616,U00313,2023-10-07 11:37:17,2023-10-07T11:54:29Z,1032
SES0003617,U00313,2023-10-13 14:26:54,13/10/2023 14:30,205
SES0003618,U00313,2023-07-06 20:17:10,2023-07-06T20:19:03Z,113
SES0003619,U00313,2024-02-10 13:48:59,10/02/2024 14:04,914
SES0003620,U00314,2023-12-28T14:19:39Z,2023-12-28 14:22:41,182
SES0003621,U00314,2023-12-29T20:28:36Z,2023-12-29 20:35:45,429
SES0003622,U00314,2024-01-06T06:23:35Z,06/01/2024 06:25,
SES0003623,U00314,2024-01-04 08:39:29,04/01/2024 08:41,107
SES0003624,U00314,2023-12-27 20:27:06,2023-12-27T20:27:37Z,31
SES0003625,U00316,2024-02-02 00:20:21,2024-02-02 00:22:19,118
SES0003626,U00316,2024-02-07 17:25:58,2024-02-07 17:33:24,446
SES0003627,U00316,01/02/2024 00:43,2024-02-01T00:57:58Z,893
SES0003628,U00316,2024-01-27 09:14:52,27/01/2024 09:17,181
SES0003629,U00316,2024-02-08 20:42:00,2024-02-08 20:49:24,444
SES0003630,U00316,27/01/2024 01:07,2024-01-27 01:08:07,28
SES0003631,U00316,2024-01-26T00:56:36Z,2024-01-26T01:00:08Z,212
SES0003632,U00316,2024-02-04 15:59:04,04/02/2024 15:59,N/A
SES0003633,U00316,2024-01-26 23:53:33,2024-01-26T23:54:37Z,64
SES0003634,U00316,2024-01-27T00:22:19Z,2024-01-27 00:22:32,13
SES0003635,U00316,04/02/2024 04:40,04/02/2024 04:44,283
SES0003636,U00316,07/02/2024 13:51,2024-02-07 13:52:21,77
SES0003637,U00316,2024-01-30 08:33:02,2024-01-30T08:36:59Z,237
SES0003638,U00316,02/02/2024 23:51,2024-02-02 23:54:21,151
SES0003639,U00316,29/01/2024 18:50,2024-01-29 18:56:07,351
SES0003640,U00316,29/01/2024 19:29,29/01/2024 19:29,12
SES0003641,U00316,2024-02-07 17:45:41,2024-02-07 17:53:10,449
SES0003642,U00316,04/02/2024 02:20,2024-02-04 02:21:20,70
SES0003643,U00316,2024-01-30T17:11:06Z,2024-01-30 17:12:09,63
SES0003644,U00316,26/01/2024 08:21,26/01/2024 08:21,12
SES0003645,U00316,2024-02-02T10:58:12Z,2024-02-02 11:00:47,N/A
SES0003646,U00316,27/01/2024 01:34,27/01/2024 01:37,200
SES0003647,U00316,30/01/2024 05:43,2024-01-30T05:46:46Z,171
SES0003648,U00316,2024-02-02T13:41:13Z,02/02/2024 13:55,866
SES0003649,U00316,28/01/2024 23:39,2024-01-28T23:49:41Z,613
SES0003650,U00316,2024-02-07 04:30:42,2024-02-07 05:07:03,2181
SES0003651,U00316,2024-02-05T22:15:44Z,2024-02-05 22:16:38,54
SES0003652,U00316,07/02/2024 15:34,07/02/2024 15:46,714
SES0003653,U00316,05/02/2024 08:18,2024-02-05T08:27:22Z,532
SES0003654,U00316,2024-02-02T00:43:43Z,2024-02-02 00:45:17,
SES0003655,U00317,2023-03-29 04:20:42,2023-03-29T04:20:55Z,13
SES0003656,U00320,2023-09-24 00:57:51,2023-09-24T01:02:18Z,267
SES0003657,U00320,2023-09-25 00:59:31,2023-09-25T01:41:32Z,2521
SES0003658,U00320,20/09/2023 01:32,2023-09-20T01:32:34Z,0
SES0003659,U00320,2023-09-24 19:33:10,2023-09-24 19:33:25,15
SES0003660,U00320,2023-09-23T18:29:59Z,23/09/2023 18:32,174
SES0003661,U00320,21/09/2023 22:44,2023-09-21 22:46:58,166
SES0003662,U00320,2023-09-20T18:42:04Z,2023-09-20T18:42:16Z,N/A
SES0003663,U00320,21/09/2023 15:56,2023-09-21 16:04:45,518
SES0003664,U00320,20/09/2023 04:24,20/09/2023 04:24,25
SES0003665,U00320,2023-09-26 20:49:07,26/09/2023 20:50,N/A
SES0003666,U00321,27/01/2024 09:25,2024-01-27 09:27:36,99
SES0003667,U00321,25/03/2023 17:49,2023-03-25 17:56:16,379
SES0003668,U00321,10/06/2023 07:30,2023-06-10T07:43:20Z,799
SES0003669,U00321,2023-12-31 00:00:05,2023-12-31T00:01:11Z,66
SES0003670,U00321,07/09/2023 14:40,07/09/2023 14:42,145
SES0003671,U00321,2024-01-27T16:18:21Z,27/01/2024 16:18,20
SES0003672,U00321,2023-08-31 17:47:45,2023-08-31T17:53:48Z,363
SES0003673,U00321,2023-06-21 12:31:52,2023-06-21 12:32:54,62
SES0003674,U00321,17/02/2024 12:46,2024-02-17 12:53:09,375
SES0003675,U00321,11/04/2023 10:14,2023-04-11T10:19:06Z,305
SES0003676,U00321,2023-06-27T22:40:36Z,2023-06-27T22:47:12Z,
SES0003677,U00321,2023-09-23 04:45:04,2023-09-23 04:45:07,3
SES0003678,U00321,2023-10-01 00:19:58,2023-10-01T00:21:33Z,N/A
SES0003679,U00321,2023-07-07 12:46:04,07/07/2023 12:56,602
SES0003680,U00321,16/01/2024 06:15,16/01/2024 06:33,1096
SES0003681,U00321,2023-09-17 03:44:24,2023-09-17 03:50:23,359
SES0003682,U00321,2023-08-14 18:50:38,14/08/2023 18:51,81
SES0003683,U00321,12/01/2024 05:39,2024-01-12 05:42:38,173
SES0003684,U00321,2023-09-25T20:08:51Z,2023-09-25T20:11:16Z,145
SES0003685,U00321,17/05/2023 18:56,17/05/2023 18:57,53
SES0003686,U00321,20/09/2023 03:20,2023-09-20 03:21:16,45
SES0003687,U00321,2023-11-11T11:45:25Z,11/11/2023 11:45,0
SES0003688,U00321,06/11/2023 16:22,06/11/2023 16:26,190
SES0003689,U00321,2023-07-01T08:37:00Z,01/07/2023 08:37,N/A
SES0003690,U00321,2023-03-09T00:45:10Z,2023-03-09T00:52:25Z,435
SES0003691,U00321,2023-06-24T20:10:02Z,2023-06-24 20:12:43,161
SES0003692,U00321,2023-05-13 19:02:01,2023-05-13 19:02:38,37
SES0003693,U00321,2023-07-23 05:36:53,2023-07-23T05:41:19Z,266
SES0003694,U00321,2023-05-29T08:29:33Z,29/05/2023 08:35,354
SES0003695,U00321,2024-01-25 16:44:13,2024-01-25T16:44:41Z,28
SES0003696,U00322,11/08/2023 22:02,2023-08-11T22:11:00Z,529
SES0003697,U00322,12/08/2023 21:35,12/08/2023 21:44,571
SES0003698,U00322,14/08/2023 11:17,2023-08-14T11:23:16Z,373
SES0003699,U00322,13/08/2023 04:52,2023-08-13 05:03:49,677
SES0003700,U00322,2023-08-11T22:33:11Z,11/08/2023 22:37,251
SES0003701,U00322,2023-08-13 21:38:02,13/08/2023 21:48,608
SES0003702,U00322,2023-08-13T15:12:17Z,13/08/2023 15:14,126
SES0003703,U00322,2023-08-10T19:06:11Z,2023-08-10 19:06:18,7
SES0003704,U00322,10/08/2023 15:35,2023-08-10 15:38:08,140
SES0003705,U00322,12/08/2023 03:43,2023-08-12 03:44:32,48
SES0003706,U00322,2023-08-09 02:04:29,2023-08-09T02:08:08Z,219
SES0003707,U00322,2023-08-15 16:36:25,2023-08-15T16:37:20Z,55
SES0003708,U00322,2023-08-10T03:41:49Z,2023-08-10T03:44:21Z,152
SES0003709,U00322,14/08/2023 19:11,2023-08-17T09:24:03Z,223955
SES0003710,U00322,2023-08-13T09:27:06Z,13/08/2023 09:28,104
SES0003711,U00322,2023-08-12 21:02:02,2023-08-12T21:06:29Z,267
SES0003712,U00322,15/08/2023 06:58,15/08/2023 07:01,197
SES0003713,U00322,09/08/2023 23:25,09/08/2023 23:27,141
SES0003714,U00322,2023-08-15T21:50:14Z,15/08/2023 21:51,74
SES0003715,U00322,11/08/2023 05:07,2023-08-11 05:13:05,361
SES0003716,U00322,2023-08-10 03:02:16,2023-08-10T03:02:49Z,33
SES0003717,U00322,10/08/2023 07:57,2023-08-10 07:59:26,125
SES0003718,U00322,15/08/2023 11:49,15/08/2023 11:58,536
SES0003719,U00322,09/08/2023 03:36,09/08/2023 03:40,281
SES0003720,U00322,2023-08-14T09:51:49Z,2023-08-14 09:52:18,29
SES0003721,U00322,2023-08-10T09:28:01Z,2023-08-10 09:31:17,196
SES0003722,U00322,2023-08-10 06:47:48,10/08/2023 07:01,815
SES0003723,U00322,09/08/2023 16:55,2023-08-09 16:56:24,79
SES0003724,U00322,2023-08-15T14:52:38Z,2023-08-15T14:57:43Z,305
SES0003725,U00322,11/08/2023 15:49,2023-08-11 15:53:38,231
SES0003726,U00322,2023-08-11T00:09:32Z,2023-08-11 00:11:08,96
SES0003727,U00322,2023-08-12T04:47:07Z,12/08/2023 04:48,73
SES0003728,U00322,14/08/2023 02:47,14/08/2023 02:55,446
SES0003729,U00322,2023-08-09T14:20:50Z,2023-08-09T14:22:31Z,101
SES0003730,U00322,2023-08-15T18:43:40Z,2023-08-15 18:44:23,43
SES0003731,U00322,2023-08-09 16:00:39,09/08/2023 16:07,427
SES0003732,U00322,2023-08-15T04:52:51Z,2023-08-15 04:53:03,12
SES0003733,U00322,2023-08-09T15:25:52Z,09/08/2023 15:26,25
SES0003734,U00322,2023-08-10T04:05:28Z,2023-08-10T04:15:38Z,610
SES0003735,U00322,2023-08-14T16:01:28Z,14/08/2023 16:04,165
SES0003736,U00323,2023-09-17T16:56:20Z,17/09/2023 17:01,326
SES0003737,U00323,2023-09-17T15:10:22Z,2023-09-17T15:10:56Z,34
SES0003738,U00323,2023-09-17T20:47:31Z,2023-09-17 20:52:27,296
SES0003739,U00323,2023-09-17T04:50:19Z,2023-09-17T05:03:01Z,762
SES0003740,U00323,17/09/2023 22:04,2023-09-17 22:04:47,0
SES0003741,U00323,2023-09-17T23:21:19Z,17/09/2023 23:22,95
SES0003742,U00323,2023-09-17T14:49:06Z,17/09/2023 14:50,111
SES0003743,U00323,17/09/2023 21:51,2023-09-17T21:52:40Z,93
SES0003744,U00323,17/09/2023 02:34,2023-09-17 02:38:11,231
SES0003745,U00323,17/09/2023 18:59,17/09/2023 19:18,1161
SES0003746,U00324,2024-06-25 21:47:03,25/06/2024 21:48,80
SES0003747,U00324,2024-06-04T13:57:44Z,2024-06-04T14:03:23Z,339
SES0003748,U00324,2024-06-12 14:32:32,2024-06-12 14:32:53,21
SES0003749,U00324,2024-06-08 13:50:09,08/06/2024 13:50,11
SES0003750,U00324,2024-06-07T01:13:56Z,07/06/2024 01:15,71
SES0003751,U00324,2024-06-01 00:22:21,01/06/2024 00:32,634
SES0003752,U00324,2024-06-17 18:29:04,2024-06-17T19:17:42Z,2918
SES0003753,U00324,24/06/2024 14:21,24/06/2024 14:35,865
SES0003754,U00324,26/05/2024 23:03,2024-05-26T23:09:25Z,378
SES0003755,U00324,28/05/2024 22:19,2024-05-28T22:28:23Z,504
SES0003756,U00325,24/03/2023 21:03,24/03/2023 21:06,215
SES0003757,U00325,02/09/2023 19:33,2023-09-02T19:34:54Z,112
SES0003758,U00325,2023-05-18 05:48:36,2023-05-18 05:53:44,308
SES0003759,U00325,2023-06-26T16:43:46Z,26/06/2023 17:04,1234
SES0003760,U00325,07/03/2023 04:51,2023-03-08T14:05:48Z,119681
SES0003761,U00326,2023-04-18 17:09:33,2023-04-18T17:11:04Z,91
SES0003762,U00326,12/04/2023 06:11,12/04/2023 06:12,41
SES0003763,U00326,20/04/2023 06:20,2023-04-20T06:27:30Z,399
SES0003764,U00326,2023-04-19 09:06:32,2023-04-19 09:10:19,227
SES0003765,U00326,17/04/2023 02:03,2023-04-17 02:07:27,252
SES0003766,U00326,17/04/2023 00:35,17/04/2023 00:37,134
SES0003767,U00326,23/04/2023 18:00,2023-04-23 18:07:43,408
SES0003768,U00326,2023-04-12 10:31:26,2023-04-12 10:32:24,58
SES0003769,U00326,2023-04-22T05:34:41Z,22/04/2023 05:35,61
SES0003770,U00326,2023-04-19T15:37:02Z,2023-04-19 15:37:55,53
SES0003771,U00327,2024-05-21T07:17:37Z,2024-05-21 07:17:54,17
SES0003772,U00327,2024-05-29 04:37:10,2024-05-29T04:37:38Z,28
SES0003773,U00327,2024-05-28 03:52:01,2024-05-28T03:55:46Z,225
SES0003774,U00327,2024-05-22T10:23:50Z,22/05/2024 10:33,578
SES0003775,U00327,2024-05-27T10:14:37Z,2024-05-27 10:17:27,170
SES0003776,U00327,2024-05-25T09:16:01Z,2024-05-25 09:20:44,283
SES0003777,U00327,2024-05-26T04:43:16Z,2024-05-26T04:44:00Z,44
SES0003778,U00327,2024-05-22T17:15:44Z,2024-05-22T17:16:12Z,28
SES0003779,U00327,2024-05-29T16:32:07Z,2024-05-29T16:33:28Z,81
SES0003780,U00327,2024-05-25T12:23:45Z,25/05/2024 12:24,32
SES0003781,U00327,21/05/2024 11:49,2024-05-21T11:54:40Z,298
SES0003782,U00327,2024-05-27 00:46:15,27/05/2024 00:46,36
SES0003783,U00327,2024-05-30 23:40:35,2024-05-30 23:41:12,37
SES0003784,U00327,17/05/2024 19:13,2024-05-17 19:14:26,58
SES0003785,U00327,26/05/2024 09:58,2024-05-26 09:59:44,70
SES0003786,U00327,29/05/2024 19:40,2024-05-29 19:43:42,208
SES0003787,U00327,2024-05-22 03:11:34,22/05/2024 03:12,51
SES0003788,U00327,28/05/2024 08:06,2024-05-28T08:08:28Z,115
SES0003789,U00327,2024-05-29 16:54:02,2024-05-29 17:31:38,2256
SES0003790,U00327,29/05/2024 09:39,2024-05-29T09:39:54Z,34
SES0003791,U00328,27/05/2024 00:02,2024-05-27T00:02:40Z,33
SES0003792,U00328,26/02/2024 09:31,2024-02-26 09:33:04,65
SES0003793,U00328,2024-03-28T02:51:56Z,2024-03-28T03:07:30Z,934
SES0003794,U00328,10/05/2024 12:26,2024-05-10T12:30:31Z,248
SES0003795,U00328,24/05/2024 01:33,2024-05-24T01:41:31Z,
SES0003796,U00328,25/01/2024 15:04,2024-01-25T15:14:51Z,601
SES0003797,U00328,07/04/2024 20:05,07/04/2024 20:09,251
SES0003798,U00328,2024-02-29 15:58:23,2024-03-02 23:38:13,200390
SES0003799,U00328,09/06/2024 21:39,2024-06-09T21:49:56Z,636
SES0003800,U00328,25/02/2024 12:49,2024-02-25 12:50:08,65
SES0003801,U00328,24/02/2024 04:35,2024-02-24 04:36:22,71
SES0003802,U00328,19/02/2024 19:18,2024-02-19T19:25:30Z,449
SES0003803,U00328,09/05/2024 10:47,2024-05-09 10:48:43,82
SES0003804,U00328,21/03/2024 19:30,2024-03-21 19:41:57,666
SES0003805,U00328,02/04/2024 20:20,2024-04-02 20:47:14,1601
SES0003806,U00328,2024-05-29T21:13:21Z,29/05/2024 21:28,893
SES0003807,U00328,2024-05-05T05:14:23Z,05/05/2024 05:19,326
SES0003808,U00328,2024-06-18T09:12:18Z,2024-06-18 09:15:02,164
SES0003809,U00328,15/01/2024 10:41,2024-01-15 10:46:50,302
SES0003810,U00328,2024-03-16 05:15:31,2024-03-16T05:17:26Z,115
SES0003811,U00328,2024-04-02T07:15:14Z,2024-04-02 07:18:49,215
SES0003812,U00328,29/04/2024 09:32,29/04/2024 09:32,0
SES0003813,U00328,2024-03-13 18:41:35,2024-03-13T18:43:33Z,118
SES0003814,U00328,2024-03-26 09:10:49,2024-03-26 09:11:47,58
SES0003815,U00328,19/01/2024 07:55,2024-01-19T07:55:47Z,33
SES0003816,U00328,2024-03-29T23:45:46Z,2024-03-29T23:53:57Z,491
SES0003817,U00328,25/02/2024 22:43,2024-02-25 22:45:12,104
SES0003818,U00328,21/03/2024 18:01,21/03/2024 18:12,640
SES0003819,U00328,2024-04-17 02:51:59,2024-04-17T02:54:57Z,178
SES0003820,U00328,2024-02-01T16:24:57Z,2024-02-01 16:33:45,528
SES0003821,U00328,2024-05-29 21:15:59,29/05/2024 21:36,
SES0003822,U00328,2024-04-05 01:23:58,05/04/2024 01:31,468
SES0003823,U00328,2024-05-24 04:24:49,24/05/2024 04:28,216
SES0003824,U00328,2024-05-18T20:03:41Z,2024-05-18 20:05:08,87
SES0003825,U00328,14/06/2024 00:03,2024-06-14 00:04:08,39
SES0003826,U00328,2024-03-02 12:34:27,2024-03-02T12:36:23Z,116
SES0003827,U00328,2024-02-18T01:59:38Z,18/02/2024 02:02,154
SES0003828,U00328,2024-04-03T09:03:38Z,2024-04-03T09:07:40Z,242
SES0003829,U00328,20/05/2024 16:36,2024-05-20 16:36:46,11
SES0003830,U00328,31/01/2024 23:13,31/01/2024 23:19,401
SES0003831,U00328,2024-04-27T22:42:28Z,27/04/2024 22:42,16
SES0003832,U00328,13/05/2024 05:47,13/05/2024 05:47,13
SES0003833,U00328,2024-04-06 01:09:38,2024-04-06 01:10:04,26
SES0003834,U00328,14/01/2024 17:22,14/01/2024 17:31,531
SES0003835,U00328,2024-04-27T03:28:28Z,2024-04-27T03:31:21Z,173
SES0003836,U00328,2024-03-31 11:41:01,2024-03-31 11:43:27,146
SES0003837,U00328,2024-05-21T16:26:10Z,2024-05-21 16:27:18,68
SES0003838,U00328,2024-06-24T02:12:14Z,2024-06-24T02:14:17Z,123
SES0003839,U00328,2024-02-03 21:59:57,03/02/2024 22:02,162
SES0003840,U00328,2024-02-25 07:35:47,2024-02-25T07:42:08Z,381
SES0003841,U00328,2024-03-24 01:17:52,24/03/2024 01:18,50
SES0003842,U00328,2024-01-14T22:27:38Z,2024-01-14 22:28:14,36
SES0003843,U00328,09/04/2024 12:42,09/04/2024 12:43,65
SES0003844,U00328,2024-01-28T18:51:07Z,28/01/2024 18:53,118
SES0003845,U00328,21/05/2024 10:56,21/05/2024 10:57,67
SES0003846,U00328,16/01/2024 22:24,2024-01-16 22:26:45,161
SES0003847,U00328,2024-05-04T14:19:30Z,2024-05-04T14:22:49Z,199
SES0003848,U00328,2024-06-19 06:55:54,19/06/2024 07:03,476
SES0003849,U00328,07/02/2024 03:23,2024-02-07 03:24:26,84
SES0003850,U00328,2024-03-25 16:16:08,25/03/2024 16:30,885
SES0003851,U00328,26/06/2024 01:30,2024-06-26T01:44:03Z,820
SES0003852,U00328,2024-02-05 18:40:31,2024-02-05 18:41:52,81
SES0003853,U00328,01/02/2024 17:07,2024-02-01T17:15:07Z,428
SES0003854,U00328,2024-03-12T00:27:39Z,12/03/2024 00:39,710
SES0003855,U00328,2024-01-15 09:34:51,2024-01-15T09:38:57Z,246
SES0003856,U00328,15/01/2024 02:52,2024-01-15 02:54:45,139
SES0003857,U00328,2024-03-14T12:17:37Z,2024-03-14 12:20:36,179
SES0003858,U00328,2024-04-28T08:51:42Z,28/04/2024 08:54,143
SES0003859,U00328,2024-04-05T18:53:12Z,2024-04-05T19:43:11Z,2999
SES0003860,U00328,2024-01-27 07:37:18,2024-01-27T07:38:45Z,87
SES0003861,U00328,18/01/2024 12:06,20/01/2024 10:48,168118
SES0003862,U00328,2024-03-02T16:32:17Z,2024-03-02 16:33:53,
SES0003863,U00328,2024-05-23 21:24:37,2024-05-23 21:27:45,188
SES0003864,U00328,17/02/2024 10:30,2024-02-17 10:32:59,136
SES0003865,U00328,15/02/2024 07:08,2024-02-15 07:09:18,44
SES0003866,U00328,2024-02-11 09:04:08,11/02/2024 09:14,600
SES0003867,U00328,23/02/2024 22:36,2024-02-23T22:37:58Z,98
SES0003868,U00328,2024-02-23 00:10:25,2024-02-23 00:32:11,1306
SES0003869,U00328,2024-05-24T11:15:58Z,24/05/2024 11:29,822
SES0003870,U00328,21/06/2024 23:58,2024-06-22T00:02:08Z,
SES0003871,U00330,2024-06-01T08:13:46Z,2024-06-01 08:25:11,685
SES0003872,U00331,2024-04-16T14:12:29Z,2024-04-16T14:18:56Z,387
SES0003873,U00331,2024-04-17T21:23:14Z,2024-04-17 21:23:49,35
SES0003874,U00331,2024-05-05T02:33:03Z,2024-05-05 02:36:53,230
SES0003875,U00331,16/04/2024 13:17,2024-04-16T13:18:47Z,54
SES0003876,U00331,2024-04-30T14:41:44Z,2024-04-30T14:43:52Z,128
SES0003877,U00331,2024-05-08 23:56:14,2024-05-08 23:57:23,69
SES0003878,U00331,2024-04-12T21:32:16Z,2024-04-12T21:36:26Z,250
SES0003879,U00331,02/05/2024 22:24,02/05/2024 22:25,102
SES0003880,U00331,03/05/2024 19:44,03/05/2024 19:44,8
SES0003881,U00331,2024-05-06 08:59:19,2024-05-06T09:01:54Z,155
SES0003882,U00331,15/04/2024 04:11,2024-04-15T04:13:06Z,94
SES0003883,U00331,2024-04-21T01:59:03Z,21/04/2024 02:08,570
SES0003884,U00331,2024-04-27T10:28:17Z,2024-04-27T10:29:06Z,49
SES0003885,U00331,06/05/2024 10:21,06/05/2024 10:48,1637
SES0003886,U00331,2024-04-24 13:51:51,2024-04-24 13:53:53,122
SES0003887,U00331,2024-04-16 21:08:01,2024-04-16 21:09:12,71
SES0003888,U00331,13/04/2024 16:28,13/04/2024 16:37,530
SES0003889,U00331,13/04/2024 19:01,2024-04-13T19:02:32Z,84
SES0003890,U00331,2024-04-15 04:40:52,15/04/2024 04:41,50
SES0003891,U00331,2024-04-24T14:58:45Z,2024-04-24 14:59:04,19
SES0003892,U00331,2024-04-12T19:24:06Z,12/04/2024 19:30,411
SES0003893,U00331,18/04/2024 00:56,18/04/2024 00:57,69
SES0003894,U00331,2024-05-08 15:40:04,2024-05-08 15:44:01,237
SES0003895,U00331,10/04/2024 16:53,10/04/2024 16:55,113
SES0003896,U00331,2024-04-25T12:59:03Z,2024-04-25 13:00:23,80
SES0003897,U00331,2024-04-27T11:50:39Z,2024-04-27T11:50:39Z,0
SES0003898,U00331,08/05/2024 21:36,2024-05-08T21:39:24Z,171
SES0003899,U00331,2024-05-06 05:14:33,2024-05-06T05:14:51Z,18
SES0003900,U00331,04/05/2024 11:12,04/05/2024 11:29,973
SES0003901,U00331,14/04/2024 17:08,2024-04-14 17:09:11,41
SES0003902,U00332,2023-05-20T05:31:57Z,2023-05-20T05:33:33Z,96
SES0003903,U00332,2023-05-29T12:10:08Z,2023-05-29T12:11:54Z,106
SES0003904,U00332,2023-05-23T00:55:17Z,23/05/2023 00:56,77
SES0003905,U00332,27/05/2023 05:03,2023-05-27T05:04:24Z,52
SES0003906,U00332,2023-05-27 15:41:49,2023-05-29T17:27:00Z,179111
SES0003907,U00332,2023-05-12T04:38:52Z,12/05/2023 04:40,122
SES0003908,U00332,2023-06-05 14:28:21,05/06/2023 14:29,95
SES0003909,U00332,2023-05-17 19:42:10,17/05/2023 19:43,62
SES0003910,U00332,2023-06-05T14:42:48Z,2023-06-05 14:44:44,116
SES0003911,U00332,2023-06-05T18:36:34Z,2023-06-05T18:37:14Z,40
SES0003912,U00332,2023-06-07T09:16:53Z,2023-06-07 09:18:09,76
SES0003913,U00332,2023-05-22 22:11:28,22/05/2023 22:13,139
SES0003914,U00332,2023-05-22T08:41:53Z,22/05/2023 08:42,50
SES0003915,U00332,2023-05-20T15:23:54Z,20/05/2023 15:35,718
SES0003916,U00332,2023-05-10T15:16:33Z,2023-05-10T15:16:33Z,0
SES0003917,U00332,23/05/2023 10:05,2023-05-23T10:05:16Z,15
SES0003918,U00332,2023-05-26 09:07:24,2023-05-26 09:12:04,280
SES0003919,U00332,06/06/2023 14:13,06/06/2023 14:13,14
SES0003920,U00332,2023-05-15T23:13:24Z,15/05/2023 23:21,513
SES0003921,U00332,2023-06-07T11:48:35Z,07/06/2023 11:55,436
SES0003922,U00332,2023-05-13T18:11:17Z,13/05/2023 18:11,39
SES0003923,U00332,2023-05-19T21:26:44Z,2023-05-19 21:26:44,0
SES0003924,U00332,2023-06-01 16:55:24,2023-06-01T16:58:12Z,168
SES0003925,U00332,15/05/2023 13:49,15/05/2023 13:49,0
SES0003926,U00332,2023-06-06 22:22:14,2023-06-06 22:32:49,635
SES0003927,U00332,2023-05-13T09:29:45Z,2023-05-13T09:39:19Z,574
SES0003928,U00332,2023-05-24 14:50:54,2023-05-24 14:51:38,44
SES0003929,U00332,07/06/2023 18:54,2023-06-07T19:13:04Z,1134
SES0003930,U00332,06/06/2023 14:13,2023-06-06 14:28:56,933
SES0003931,U00332,20/05/2023 01:21,20/05/2023 01:22,104
SES0003932,U00333,2024-06-15T03:05:34Z,15/06/2024 03:06,62
SES0003933,U00333,2023-12-22T14:39:21Z,22/12/2023 14:52,771
SES0003934,U00334,21/05/2024 14:39,21/05/2024 14:41,73
SES0003935,U00334,2024-04-21T15:10:58Z,2024-04-21T15:20:10Z,552
SES0003936,U00334,2024-04-28 09:47:04,28/04/2024 09:48,101
SES0003937,U00334,2024-05-23T10:19:06Z,23/05/2024 10:19,28
SES0003938,U00334,15/06/2024 10:48,15/06/2024 10:49,32
SES0003939,U00334,07/05/2024 05:26,2024-05-07T05:28:58Z,136
SES0003940,U00334,21/05/2024 10:01,2024-05-21T10:09:03Z,463
SES0003941,U00334,2024-06-02T02:07:38Z,2024-06-02T02:09:57Z,139
SES0003942,U00334,2024-05-30T15:29:46Z,2024-05-30T15:46:36Z,1010
SES0003943,U00334,29/06/2024 18:52,2024-06-29T18:54:51Z,167
SES0003944,U00334,2024-06-06 23:41:08,2024-06-06T23:41:32Z,24
SES0003945,U00334,25/05/2024 03:50,2024-05-25 03:59:27,566
SES0003946,U00334,2024-05-31T15:42:51Z,31/05/2024 15:45,154
SES0003947,U00334,2024-04-27T22:54:47Z,27/04/2024 22:54,0
SES0003948,U00334,19/06/2024 17:05,2024-06-19 17:05:54,N/A
SES0003949,U00334,2024-06-01T02:57:59Z,2024-06-01T03:00:55Z,176
SES0003950,U00334,2024-06-06 20:37:45,2024-06-06 21:13:48,2163
SES0003951,U00334,2024-06-05T12:16:18Z,2024-06-05T13:17:52Z,3694
SES0003952,U00334,2024-05-23 02:15:11,23/05/2024 02:40,1515
SES0003953,U00334,2024-05-05T19:14:04Z,2024-05-05T19:15:00Z,56
SES0003954,U00336,2024-06-27T01:12:13Z,27/06/2024 01:17,304
SES0003955,U00336,2024-06-26 14:27:53,2024-06-26 14:28:23,30
SES0003956,U00336,21/06/2024 12:03,21/06/2024 12:05,90
SES0003957,U00336,2024-06-14 12:36:52,2024-06-14 12:37:33,41
SES0003958,U00336,2024-06-21T18:43:32Z,2024-06-21T18:46:13Z,161
SES0003959,U00337,2023-11-14 07:31:19,2023-11-14T07:32:19Z,60
SES0003960,U00337,2023-11-06T04:32:08Z,2023-11-06T04:32:40Z,32
SES0003961,U00337,2023-11-19T16:27:39Z,19/11/2023 16:35,457
SES0003962,U00338,2023-08-18 02:42:51,18/08/2023 03:04,1300
SES0003963,U00338,2023-06-15 09:36:09,2023-06-15T09:48:52Z,763
SES0003964,U00338,26/07/2023 11:52,2023-07-26 11:59:51,416
SES0003965,U00338,2023-07-02T12:09:14Z,2023-07-02T12:19:26Z,612
SES0003966,U00338,2023-07-17T12:56:51Z,17/07/2023 12:58,71
SES0003967,U00338,2023-07-22 20:57:18,22/07/2023 21:01,275
SES0003968,U00338,2023-08-27T19:41:44Z,2023-08-27 19:49:48,484
SES0003969,U00338,2023-07-27 02:34:11,27/07/2023 02:34,31
SES0003970,U00338,03/07/2023 11:08,2023-07-03 11:13:54,336
SES0003971,U00338,2023-08-24 21:57:45,2023-08-24 21:58:04,19
SES0003972,U00338,2023-08-25T18:48:52Z,25/08/2023 18:52,188
SES0003973,U00338,11/08/2023 12:30,2023-08-11 12:31:51,110
SES0003974,U00338,18/06/2023 18:45,2023-06-18T18:45:17Z,12
SES0003975,U00338,2023-06-21 19:50:14,2023-06-21T19:52:45Z,151
SES0003976,U00338,2023-06-29 12:40:29,2023-06-29 12:42:05,96
SES0003977,U00338,2023-07-19T23:32:30Z,19/07/2023 23:32,22
SES0003978,U00338,2023-08-29T13:09:42Z,2023-08-29 13:11:33,111
SES0003979,U00338,26/08/2023 22:04,2023-08-26 22:13:13,499
SES0003980,U00338,2023-06-07T05:24:54Z,2023-06-07T05:33:52Z,538
SES0003981,U00338,2023-06-08T23:22:49Z,08/06/2023 23:23,38
SES0003982,U00338,2023-08-26T10:02:36Z,2023-08-26 10:05:09,153
SES0003983,U00338,08/06/2023 00:43,2023-06-08 00:44:36,76
SES0003984,U00338,2023-08-22 07:45:47,2023-08-22 07:47:08,81
SES0003985,U00338,2023-08-02 08:32:05,2023-08-02 08:34:05,120
SES0003986,U00338,01/07/2023 01:55,01/07/2023 01:56,
SES0003987,U00338,2023-06-12T20:21:31Z,2023-06-12T20:23:48Z,137
SES0003988,U00338,2023-07-01T23:37:48Z,2023-07-01 23:44:56,428
SES0003989,U00338,2023-08-03 04:30:13,2023-08-03T04:32:49Z,156
SES0003990,U00338,16/06/2023 06:03,2023-06-16 06:06:10,175
SES0003991,U00338,2023-07-07 16:57:32,2023-07-07 16:59:20,108
SES0003992,U00339,2023-03-01 00:46:58,2023-03-01T00:46:58Z,0
SES0003993,U00340,2024-02-09T13:47:33Z,2024-02-09 14:02:12,879
SES0003994,U00340,06/02/2024 18:12,2024-02-06 18:14:30,97
SES0003995,U00340,11/02/2024 07:32,2024-02-11T07:32:36Z,12
SES0003996,U00340,09/02/2024 00:52,2024-02-09T01:05:19Z,775
SES0003997,U00340,2024-02-11T12:59:36Z,11/02/2024 13:00,44
SES0003998,U00340,2024-02-07 05:22:15,2024-02-07 05:26:30,255
SES0003999,U00340,07/02/2024 10:37,2024-02-07T10:44:36Z,425
SES0004000,U00340,11/02/2024 03:08,2024-02-11T03:10:39Z,141
SES0004001,U00340,2024-02-10 02:45:43,2024-02-10 02:46:20,37
SES0004002,U00340,2024-02-10T05:08:03Z,10/02/2024 05:25,1042
SES0004003,U00341,18/07/2023 18:55,2023-07-18 19:02:01,
SES0004004,U00341,2023-05-21 15:16:36,2023-05-21T15:27:52Z,676
SES0004005,U00342,17/12/2023 16:08,2023-12-17 16:08:43,37
SES0004006,U00342,2023-12-08T07:16:15Z,2023-12-08T07:24:17Z,482
SES0004007,U00342,2023-12-06 18:31:13,06/12/2023 18:31,46
SES0004008,U00342,2023-12-27 20:24:33,2023-12-27 20:27:17,
SES0004009,U00342,2023-12-28 09:02:51,2023-12-28T09:10:21Z,450
SES0004010,U00343,2023-07-09 06:23:38,09/07/2023 06:49,1564
SES0004011,U00343,04/07/2023 14:45,2023-07-04T14:46:04Z,18
SES0004012,U00343,2023-07-08T18:21:28Z,2023-07-08T18:32:05Z,637
SES0004013,U00343,2023-07-09T22:10:58Z,2023-07-09T22:27:40Z,1002
SES0004014,U00343,2023-07-08 14:36:27,08/07/2023 14:53,1012
SES0004015,U00343,06/07/2023 23:30,06/07/2023 23:36,397
SES0004016,U00343,2023-07-07T02:26:24Z,2023-07-07T02:26:52Z,28
SES0004017,U00343,09/07/2023 12:18,2023-07-09 12:22:22,216
SES0004018,U00343,04/07/2023 05:32,04/07/2023 05:33,39
SES0004019,U00343,2023-07-03T23:30:12Z,2023-07-03T23:31:42Z,90
SES0004020,U00343,2023-07-06 18:11:38,06/07/2023 18:19,454
SES0004021,U00343,07/07/2023 17:42,2023-07-07 17:43:37,41
SES0004022,U00343,2023-07-05T14:48:58Z,2023-07-05 14:50:57,119
SES0004023,U00343,2023-07-05 22:27:28,2023-07-05 22:27:52,24
SES0004024,U00343,2023-07-03 18:18:13,03/07/2023 18:19,99
SES0004025,U00343,2023-07-09T20:56:22Z,2023-07-09T21:16:12Z,1190
SES0004026,U00343,09/07/2023 01:54,2023-07-09 02:04:17,563
SES0004027,U00343,04/07/2023 02:59,04/07/2023 03:04,287
SES0004028,U00343,2023-07-07T19:52:40Z,07/07/2023 19:52,19
SES0004029,U00343,07/07/2023 12:49,2023-07-07T12:54:51Z,322
SES0004030,U00343,2023-07-05 21:23:31,2023-07-05 21:25:57,146
SES0004031,U00343,2023-07-08 11:21:49,08/07/2023 11:22,62
SES0004032,U00343,2023-07-05T08:28:22Z,2023-07-05 08:30:37,135
SES0004033,U00343,2023-07-08T12:56:04Z,2023-07-08 12:56:24,20
SES0004034,U00343,04/07/2023 17:00,2023-07-04T17:01:09Z,51
SES0004035,U00343,2023-07-06 06:55:39,06/07/2023 07:06,642
SES0004036,U00343,2023-07-09T03:11:38Z,2023-07-09 03:12:46,68
SES0004037,U00343,2023-07-08T21:45:53Z,08/07/2023 21:47,117
SES0004038,U00343,2023-07-08 07:51:52,08/07/2023 07:54,175
SES0004039,U00343,2023-07-04T16:03:47Z,2023-07-04T16:05:56Z,129
SES0004040,U00344,2023-07-11 09:12:04,2023-07-11 09:13:44,100
SES0004041,U00345,28/06/2024 09:16,28/06/2024 09:17,42
SES0004042,U00345,2024-06-27T04:39:59Z,27/06/2024 04:44,
SES0004043,U00346,2023-12-15T06:31:09Z,2023-12-15T06:33:31Z,142
SES0004044,U00346,2023-12-15 18:24:19,2023-12-15 18:39:50,931
SES0004045,U00346,15/12/2023 12:02,15/12/2023 12:05,220
SES0004046,U00346,15/12/2023 06:23,2023-12-15 06:23:25,10
SES0004047,U00346,2023-12-15T12:36:09Z,2023-12-15T12:37:27Z,78
SES0004048,U00346,2023-12-15T04:33:50Z,15/12/2023 04:38,252
SES0004049,U00346,2023-12-15 18:31:56,2023-12-15 18:33:09,73
SES0004050,U00346,2023-12-15T17:59:28Z,15/12/2023 18:01,99
SES0004051,U00346,15/12/2023 13:27,15/12/2023 13:31,238
SES0004052,U00346,15/12/2023 12:11,2023-12-15 12:11:47,18
SES0004053,U00346,15/12/2023 11:32,2023-12-15T11:33:17Z,26
SES0004054,U00346,2023-12-15 04:31:37,2023-12-15T04:34:05Z,148
SES0004055,U00346,2023-12-15T19:25:36Z,2023-12-15T19:25:47Z,11
SES0004056,U00346,2023-12-15T07:53:09Z,2023-12-15T07:54:10Z,61
SES0004057,U00346,15/12/2023 02:24,2023-12-15T02:29:13Z,265
SES0004058,U00346,2023-12-15T18:50:33Z,15/12/2023 18:51,42
SES0004059,U00346,2023-12-15 07:30:42,2023-12-15T07:32:50Z,128
SES0004060,U00346,2023-12-15T06:54:05Z,15/12/2023 06:56,123
SES0004061,U00346,2023-12-15T12:39:32Z,2023-12-15 12:47:30,
SES0004062,U00346,15/12/2023 01:59,2023-12-15T02:04:41Z,318
SES0004063,U00346,15/12/2023 19:21,15/12/2023 19:42,1236
SES0004064,U00346,15/12/2023 08:49,15/12/2023 09:05,959
SES0004065,U00346,2023-12-15 21:19:56,2023-12-15 21:20:40,44
SES0004066,U00346,2023-12-15T01:23:08Z,2023-12-15T01:23:18Z,10
SES0004067,U00346,2023-12-15T12:53:13Z,15/12/2023 12:53,36
SES0004068,U00346,15/12/2023 12:05,15/12/2023 12:05,0
SES0004069,U00346,2023-12-15T17:20:04Z,15/12/2023 17:21,74
SES0004070,U00346,2023-12-15 00:58:04,15/12/2023 01:00,138
SES0004071,U00346,2023-12-15 17:01:42,2023-12-15 17:03:08,86
SES0004072,U00346,15/12/2023 07:56,2023-12-15 08:00:59,250
SES0004073,U00346,2023-12-15T02:00:25Z,15/12/2023 02:08,457
SES0004074,U00346,2023-12-15 12:25:31,2023-12-15T12:29:46Z,255
SES0004075,U00346,2023-12-15T02:54:36Z,2023-12-15 02:56:01,85
SES0004076,U00346,15/12/2023 00:45,2023-12-15 00:48:07,140
SES0004077,U00346,2023-12-15T15:01:15Z,2023-12-15T15:03:28Z,133
SES0004078,U00346,15/12/2023 23:34,2023-12-15T23:34:57Z,25
SES0004079,U00346,2023-12-15T21:56:09Z,15/12/2023 21:57,79
SES0004080,U00346,2023-12-15 07:40:41,2023-12-15T07:41:56Z,75
SES0004081,U00346,2023-12-15 10:11:08,2023-12-15T10:30:04Z,1136
SES0004082,U00346,15/12/2023 00:31,2023-12-15 00:32:44,56
SES0004083,U00347,01/09/2023 23:26,2023-09-01 23:26:36,21
SES0004084,U00347,2023-07-28T17:21:05Z,2023-07-28T17:25:38Z,273
SES0004085,U00347,2023-07-21T00:15:37Z,21/07/2023 00:17,142
SES0004086,U00347,2023-09-11T06:06:58Z,2023-09-11T06:21:05Z,847
SES0004087,U00347,2023-07-29T08:37:47Z,2023-07-29 08:40:51,184
SES0004088,U00347,2023-08-20 13:03:18,2023-08-20 13:05:17,119
SES0004089,U00347,2023-10-11 16:46:18,2023-10-11 16:46:18,N/A
SES0004090,U00347,2023-07-30 09:51:43,2023-07-30T10:03:34Z,711
SES0004091,U00347,25/09/2023 18:14,2023-09-25 18:14:20,17
SES0004092,U00347,2023-10-07T03:32:44Z,2023-10-07T03:32:49Z,5
SES0004093,U00347,26/09/2023 00:03,2023-09-26T00:05:26Z,139
SES0004094,U00347,2023-09-07 12:58:38,2023-09-07 13:02:51,
SES0004095,U00347,2023-08-28 05:39:46,2023-08-28 05:41:28,N/A
SES0004096,U00347,2023-09-28 00:57:54,28/09/2023 00:59,93
SES0004097,U00347,14/10/2023 19:50,14/10/2023 19:51,66
SES0004098,U00347,08/09/2023 02:58,08/09/2023 03:00,107
SES0004099,U00347,2023-09-15 14:47:02,2023-09-15T14:52:44Z,
SES0004100,U00347,28/07/2023 15:42,2023-07-28 15:44:55,128
SES0004101,U00347,2023-09-05T06:53:16Z,2023-09-05T06:58:43Z,327
SES0004102,U00347,2023-09-08T15:23:22Z,2023-09-08 15:27:27,245
SES0004103,U00347,10/10/2023 13:24,10/10/2023 13:25,90
SES0004104,U00347,2023-09-08T07:57:53Z,2023-09-08 08:00:02,129
SES0004105,U00347,2023-10-08 18:21:18,2023-10-08T18:22:32Z,74
SES0004106,U00347,2023-08-07T00:16:47Z,2023-08-07T00:33:32Z,1005
SES0004107,U00347,21/09/2023 13:05,2023-09-21T13:05:40Z,8
SES0004108,U00347,21/08/2023 01:50,21/08/2023 01:50,0
SES0004109,U00347,2023-08-18T21:26:50Z,2023-08-18T21:27:08Z,18
SES0004110,U00347,2023-08-14 06:28:41,2023-08-14T06:29:50Z,69
SES0004111,U00347,2023-09-08 14:11:27,2023-09-08T14:11:53Z,26
SES0004112,U00347,16/08/2023 23:19,2023-08-16 23:20:42,62
SES0004113,U00347,24/07/2023 09:09,2023-07-24T09:10:53Z,107
SES0004114,U00347,2023-07-21T16:34:51Z,2023-07-21T16:35:22Z,31
SES0004115,U00347,03/09/2023 05:22,2023-09-03 05:22:46,29
SES0004116,U00347,2023-09-18T20:16:56Z,2023-09-18T20:21:19Z,263
SES0004117,U00347,15/09/2023 15:04,2023-09-15 15:04:21,0
SES0004118,U00347,2023-09-15T07:05:32Z,2023-09-15 07:17:25,713
SES0004119,U00347,09/09/2023 11:06,09/09/2023 11:14,475
SES0004120,U00347,2023-08-08 07:10:42,2023-08-08T07:10:42Z,0
SES0004121,U00347,23/08/2023 15:27,2023-08-23 15:27:40,19
SES0004122,U00347,2023-09-20T00:12:00Z,20/09/2023 00:14,128
SES0004123,U00348,2023-04-12T13:57:06Z,2023-04-12T13:57:06Z,0
SES0004124,U00348,06/04/2023 10:27,2023-04-06T10:28:56Z,89
SES0004125,U00348,2023-04-01 20:48:40,01/04/2023 20:56,471
SES0004126,U00348,2023-04-13 01:41:38,13/04/2023 01:47,350
SES0004127,U00348,2023-04-26 01:33:44,26/04/2023 01:41,456
SES0004128,U00348,2023-04-06T22:35:23Z,2023-04-06T22:43:09Z,466
SES0004129,U00348,08/04/2023 02:55,08/04/2023 02:56,20
SES0004130,U00348,2023-04-03 13:16:47,03/04/2023 13:17,53
SES0004131,U00348,2023-04-02T04:57:09Z,2023-04-02 04:59:36,147
SES0004132,U00348,2023-04-23 08:50:16,2023-04-23 08:50:16,0
SES0004133,U00348,2023-04-10 14:13:12,2023-04-10 14:20:04,N/A
SES0004134,U00348,2023-04-11 00:03:00,2023-04-11T00:05:54Z,174
SES0004135,U00348,2023-04-06T06:45:27Z,06/04/2023 06:47,129
SES0004136,U00348,13/04/2023 00:42,2023-04-13T00:43:54Z,99
SES0004137,U00348,2023-04-26 20:04:14,26/04/2023 20:13,533
SES0004138,U00348,2023-04-14T22:29:27Z,2023-04-14 22:33:19,232
SES0004139,U00348,2023-04-13T03:37:24Z,2023-04-13 03:40:11,167
SES0004140,U00348,23/04/2023 19:14,23/04/2023 19:19,318
SES0004141,U00348,2023-04-04 21:18:42,2023-04-04 21:22:01,199
SES0004142,U00348,2023-04-17T07:13:57Z,2023-04-17 07:15:16,79
SES0004143,U00348,2023-04-21T05:06:12Z,21/04/2023 05:31,1529
SES0004144,U00348,2023-04-16T05:42:24Z,16/04/2023 05:43,57
SES0004145,U00348,2023-04-20 11:20:07,2023-04-20T11:24:10Z,243
SES0004146,U00348,2023-04-23 14:39:10,23/04/2023 14:39,36
SES0004147,U00348,2023-04-10 09:47:50,2023-04-10T09:53:53Z,363
SES0004148,U00348,2023-04-07 12:43:11,2023-04-07T12:44:59Z,108
SES0004149,U00348,2023-04-25 10:31:59,2023-04-28 16:40:04,281285
SES0004150,U00348,2023-04-21T07:50:00Z,2023-04-21T07:50:00Z,0
SES0004151,U00348,2023-04-27T08:09:43Z,2023-04-28 20:07:56,129493
SES0004152,U00348,2023-04-27T13:33:43Z,2023-04-27 13:37:46,243
SES0004153,U00348,2023-04-01T16:15:56Z,2023-04-01T16:18:32Z,156
SES0004154,U00348,2023-04-02T07:43:58Z,2023-04-03T17:00:34Z,119796
SES0004155,U00348,03/04/2023 00:49,03/04/2023 00:51,95
SES0004156,U00348,2023-04-21 01:05:57,21/04/2023 01:20,852
SES0004157,U00348,28/04/2023 14:17,2023-04-28T14:20:09Z,161
SES0004158,U00348,01/04/2023 06:46,2023-04-01 06:48:37,121
SES0004159,U00348,2023-04-11 21:54:30,11/04/2023 21:54,18
SES0004160,U00348,2023-04-18 07:51:35,18/04/2023 07:53,125
SES0004161,U00348,2023-04-04T09:33:27Z,2023-04-04T09:40:26Z,N/A
SES0004162,U00348,25/04/2023 17:10,2023-04-25 17:10:37,N/A
SES0004163,U00348,2023-04-03 08:43:11,03/04/2023 08:45,137
SES0004164,U00348,2023-04-18 19:00:39,2023-04-18 19:07:45,426
SES0004165,U00348,2023-04-15 12:26:15,15/04/2023 12:28,109
SES0004166,U00348,2023-04-18T22:27:26Z,18/04/2023 22:29,121
SES0004167,U00348,2023-04-23 16:59:41,23/04/2023 17:01,120
SES0004168,U00348,2023-03-30 01:40:39,30/03/2023 01:40,18
SES0004169,U00348,2023-04-20T02:59:56Z,2023-04-20 03:10:59,663
SES0004170,U00348,2023-04-09T02:17:46Z,09/04/2023 02:18,73
SES0004171,U00348,2023-04-12T08:03:20Z,2023-04-12 08:07:49,269
SES0004172,U00348,11/04/2023 21:18,2023-04-11 21:19:49,56
SES0004173,U00348,2023-04-28 01:23:19,2023-04-28 01:23:31,12
SES0004174,U00348,21/04/2023 03:00,2023-04-21 03:04:29,265
SES0004175,U00348,2023-04-24 01:42:15,2023-04-24T01:42:15Z,0
SES0004176,U00348,2023-03-30 20:01:46,2023-03-30T20:02:24Z,38
SES0004177,U00348,10/04/2023 20:08,2023-04-10T20:08:29Z,23
SES0004178,U00348,2023-04-04T19:29:15Z,2023-04-04T19:36:05Z,410
SES0004179,U00348,2023-04-09T06:53:40Z,2023-04-09T06:54:41Z,61
SES0004180,U00348,2023-04-07 06:01:11,2023-04-07T06:02:37Z,86
SES0004181,U00348,2023-04-26 19:41:44,2023-04-26 19:43:38,114
SES0004182,U00348,2023-04-10 02:06:09,10/04/2023 02:09,177
SES0004183,U00348,19/04/2023 23:02,2023-04-19T23:03:05Z,9
SES0004184,U00348,2023-03-31 01:36:17,31/03/2023 01:54,1082
SES0004185,U00348,2023-04-20T15:59:10Z,2023-04-20T16:02:45Z,215
SES0004186,U00348,07/04/2023 09:47,2023-04-07 09:48:25,73
SES0004187,U00348,2023-04-28T00:35:42Z,2023-04-28T00:38:05Z,143
SES0004188,U00348,2023-04-20 07:42:55,20/04/2023 07:49,367
SES0004189,U00348,2023-04-06T16:55:08Z,2023-04-06T17:01:19Z,371
SES0004190,U00348,02/04/2023 19:34,2023-04-02T19:35:19Z,58
SES0004191,U00348,12/04/2023 14:21,12/04/2023 14:23,131
SES0004192,U00348,2023-04-14T03:43:22Z,2023-04-14 03:43:22,0
SES0004193,U00348,2023-04-17 18:32:59,17/04/2023 18:36,240
SES0004194,U00348,2023-04-13T12:15:03Z,2023-04-13T12:34:15Z,1152
SES0004195,U00348,16/04/2023 21:58,2023-04-16 22:01:33,208
SES0004196,U00348,2023-04-25 09:30:24,25/04/2023 09:54,1457
SES0004197,U00348,30/03/2023 00:37,30/03/2023 00:37,35
SES0004198,U00348,05/04/2023 01:31,2023-04-05 01:34:58,179
SES0004199,U00348,15/04/2023 22:01,15/04/2023 22:02,36
SES0004200,U00348,2023-04-25 16:15:59,2023-04-25 16:18:30,N/A
SES0004201,U00348,2023-03-31T17:57:04Z,31/03/2023 18:00,179
SES0004202,U00348,2023-04-06T00:00:00Z,2023-04-06 00:00:56,56
SES0004203,U00349,2023-04-06 14:04:12,06/04/2023 14:04,0
SES0004204,U00349,2023-04-11T19:31:43Z,2023-04-11 19:33:10,87
SES0004205,U00349,09/04/2023 00:58,2023-04-09 01:15:50,1018
SES0004206,U00349,2023-04-07T19:35:03Z,2023-04-10 18:49:41,256478
SES0004207,U00349,05/04/2023 03:39,2023-04-05T03:39:31Z,13
SES0004208,U00349,2023-04-08T23:28:04Z,08/04/2023 23:28,46
SES0004209,U00349,2023-04-11 23:44:39,2023-04-11 23:44:56,17
SES0004210,U00349,2023-04-11T04:36:50Z,11/04/2023 04:38,112
SES0004211,U00349,2023-04-08T12:23:49Z,2023-04-08 12:41:24,1055
SES0004212,U00349,2023-04-07T20:21:51Z,07/04/2023 20:22,46
SES0004213,U00350,2023-02-20T00:55:18Z,2023-02-20 00:59:52,274
SES0004214,U00350,2023-03-04T01:29:34Z,2023-03-04T01:44:11Z,877
SES0004215,U00350,2023-03-11 16:46:42,2023-03-11T16:49:59Z,197
SES0004216,U00350,18/03/2023 12:35,2023-03-18T12:51:41Z,996
SES0004217,U00350,2023-03-15T02:40:36Z,2023-03-15T02:41:02Z,26
SES0004218,U00350,2023-02-21 06:51:29,2023-02-21 06:52:44,75
SES0004219,U00350,13/03/2023 19:49,2023-03-13T19:50:51Z,60
SES0004220,U00350,2023-03-17T08:58:58Z,17/03/2023 09:03,252
SES0004221,U00350,2023-03-01 17:46:18,2023-03-01 17:49:00,162
SES0004222,U00350,2023-03-16 08:05:45,2023-03-16T08:15:53Z,608
SES0004223,U00351,07/08/2023 13:52,07/08/2023 13:56,252
SES0004224,U00351,2023-08-29T06:36:11Z,2023-08-29 06:37:05,54
SES0004225,U00351,2023-09-12T22:59:23Z,2023-09-12 22:59:46,
SES0004226,U00351,2023-07-24T14:09:05Z,2023-07-24T14:10:23Z,78
SES0004227,U00351,06/08/2023 12:13,2023-08-06T12:14:04Z,25
SES0004228,U00352,2023-02-04T15:01:50Z,2023-02-04T15:02:19Z,29
SES0004229,U00354,28/02/2023 10:57,2023-02-28T11:00:18Z,197
SES0004230,U00354,2023-02-27 07:27:26,2023-02-27 07:29:01,95
SES0004231,U00354,2023-02-28T19:47:59Z,2023-02-28 19:48:32,33
SES0004232,U00354,24/02/2023 14:02,2023-02-24 14:04:18,N/A
SES0004233,U00354,02/03/2023 06:15,02/03/2023 06:16,41
SES0004234,U00354,2023-02-25T04:31:49Z,25/02/2023 04:33,96
SES0004235,U00354,2023-02-27 12:15:56,2023-02-27T12:19:07Z,191
SES0004236,U00354,28/02/2023 10:06,2023-02-28T10:08:01Z,64
SES0004237,U00354,2023-02-25 06:52:24,25/02/2023 07:26,2020
SES0004238,U00354,2023-03-02T18:30:23Z,2023-03-02 18:39:19,536
SES0004238,U00354,2023-03-02T18:30:23Z,2023-03-02 18:39:19,536
SES0004239,U00355,2024-05-22T23:36:19Z,2024-05-22T23:37:12Z,53
SES0004240,U00355,2023-12-16T04:16:27Z,2023-12-16 04:17:10,43
SES0004241,U00355,2024-04-23 16:51:16,2024-04-23 16:52:43,87
SES0004242,U00355,2024-02-07 15:04:59,07/02/2024 15:11,386
SES0004243,U00355,08/02/2024 15:53,2024-02-08 15:55:17,78
SES0004244,U00355,2024-06-19 02:36:05,2024-06-19T02:37:54Z,109
SES0004245,U00355,11/02/2024 18:33,2024-02-11 18:43:59,610
SES0004246,U00355,2024-03-25T07:17:12Z,2024-03-25 07:18:26,74
SES0004247,U00355,2024-06-14T01:15:16Z,2024-06-14 01:20:02,286
SES0004248,U00355,08/02/2024 17:10,08/02/2024 17:14,213
SES0004249,U00355,2024-06-16 19:58:03,2024-06-16 20:01:03,180
SES0004250,U00355,16/02/2024 18:03,2024-02-16 18:05:30,111
SES0004251,U00355,2024-04-12 16:45:17,12/04/2024 16:49,246
SES0004252,U00355,2024-04-10T05:16:05Z,10/04/2024 05:19,197
SES0004253,U00355,07/01/2024 08:12,2024-01-07 08:20:10,457
SES0004254,U00355,2024-01-13 18:06:23,2024-01-13 18:06:51,28
SES0004255,U00355,2024-06-01 22:12:14,2024-06-01 22:13:10,56
SES0004256,U00355,04/01/2024 11:53,2024-01-04 11:54:58,67
SES0004257,U00355,2024-04-24 23:47:52,24/04/2024 23:49,77
SES0004258,U00355,2024-04-10 01:27:23,2024-04-10 01:28:14,51
SES0004259,U00356,2023-10-19T08:15:37Z,19/10/2023 08:16,24
SES0004260,U00356,2023-10-18 18:23:16,2023-10-18 18:25:04,108
SES0004261,U00356,2023-10-19 03:58:57,2023-10-19T04:05:02Z,365
SES0004262,U00357,10/03/2023 05:36,2023-03-10 05:38:22,93
SES0004263,U00357,2023-03-02T15:50:38Z,2023-03-02 15:51:02,24
SES0004264,U00357,16/03/2023 18:36,2023-03-16T18:39:41Z,175
SES0004265,U00357,2023-03-11 18:04:37,11/03/2023 18:10,344
SES0004266,U00357,27/02/2023 23:07,27/02/2023 23:08,78
SES0004267,U00357,2023-03-12 11:27:46,2023-03-12 11:28:00,14
SES0004268,U00357,2023-02-28T08:00:19Z,2023-02-28 08:02:23,124
SES0004269,U00357,11/03/2023 06:17,2023-03-11 06:21:46,235
SES0004270,U00357,2023-03-23T18:54:17Z,2023-03-23T18:54:17Z,0
SES0004271,U00357,2023-03-04T07:22:03Z,2023-03-04T07:27:34Z,331
SES0004272,U00359,14/02/2024 11:19,14/02/2024 11:24,333
SES0004273,U00359,01/01/2024 20:32,2024-01-01 20:55:25,1348
SES0004274,U00359,2023-12-20T16:30:10Z,2023-12-20 16:34:06,236
SES0004275,U00359,2024-02-10T06:29:47Z,2024-02-10T06:32:57Z,190
SES0004276,U00359,06/03/2024 07:55,06/03/2024 08:09,842
SES0004277,U00359,2023-12-18 20:06:39,2023-12-18T20:08:54Z,135
SES0004278,U00359,08/01/2024 01:33,08/01/2024 01:34,35
SES0004279,U00359,2024-01-30 18:25:22,2024-01-30 18:26:16,54
SES0004280,U00359,2023-12-07 21:04:31,2023-12-07T21:04:52Z,21
SES0004281,U00359,20/10/2023 16:57,20/10/2023 16:58,58
SES0004282,U00359,2023-12-17T04:15:15Z,17/12/2023 04:30,889
SES0004283,U00359,18/02/2024 03:09,2024-02-18 03:25:58,1011
SES0004284,U00359,12/10/2023 22:10,2023-10-12T22:14:09Z,243
SES0004285,U00359,2023-09-30T18:26:32Z,2023-09-30 18:28:52,140
SES0004286,U00359,2023-12-14T13:41:22Z,2023-12-14T13:43:14Z,112
SES0004287,U00359,27/11/2023 06:33,2023-11-27T06:34:51Z,83
SES0004288,U00359,2024-01-08T21:30:42Z,2024-01-08T21:30:42Z,0
SES0004289,U00359,01/11/2023 06:44,01/11/2023 06:50,339
SES0004290,U00359,2024-01-06T14:33:45Z,2024-01-06 14:35:43,118
SES0004291,U00359,2024-02-25 14:15:15,2024-02-25T14:21:04Z,349
SES0004292,U00360,2024-06-24T12:12:44Z,24/06/2024 12:15,
SES0004293,U00360,27/06/2024 05:30,2024-06-27 05:30:36,0
SES0004294,U00360,2024-06-28T03:42:53Z,28/06/2024 03:43,34
SES0004295,U00361,11/01/2024 01:30,11/01/2024 01:36,379
SES0004296,U00361,2024-01-09T14:27:37Z,2024-01-09T14:28:28Z,51
SES0004297,U00361,2024-01-13 23:04:28,2024-01-13T23:05:26Z,58
SES0004298,U00361,2024-01-04 16:47:50,2024-01-04 16:49:18,88
SES0004299,U00361,2024-01-21 22:56:16,21/01/2024 23:00,272
SES0004300,U00361,2024-01-21 10:47:06,2024-01-21T10:47:51Z,N/A
SES0004301,U00361,2023-12-31T23:55:42Z,31/12/2023 23:56,24
SES0004302,U00361,17/01/2024 18:04,2024-01-17 18:05:06,38
SES0004303,U00361,2023-12-23T21:25:33Z,23/12/2023 21:31,347
SES0004304,U00361,2024-01-20T04:08:29Z,2024-01-20 04:12:10,221
SES0004305,U00361,2023-12-29 20:25:01,29/12/2023 20:25,39
SES0004306,U00361,01/01/2024 15:18,2024-01-01T15:20:49Z,122
SES0004307,U00361,2024-01-07 22:27:02,2024-01-07 22:27:02,0
SES0004308,U00361,28/12/2023 19:15,28/12/2023 19:23,523
SES0004309,U00361,07/01/2024 13:08,07/01/2024 13:18,592
SES0004310,U00361,2023-12-23T00:55:47Z,23/12/2023 00:55,0
SES0004311,U00361,2023-12-25 14:39:37,2023-12-25T14:41:52Z,135
SES0004312,U00361,2023-12-30T06:30:26Z,2023-12-30T06:35:03Z,277
SES0004313,U00361,2023-12-23T16:56:17Z,2023-12-23 16:56:54,37
SES0004314,U00361,2024-01-17 17:46:09,17/01/2024 17:47,63
SES0004315,U00362,2024-02-11 16:03:21,2024-02-11 16:06:45,204
SES0004316,U00362,2024-02-07T02:15:43Z,2024-02-07T02:39:28Z,1425
SES0004317,U00362,2024-02-13T03:09:08Z,2024-02-13T03:29:55Z,1247
SES0004318,U00362,2024-02-18T10:36:38Z,18/02/2024 10:37,68
SES0004319,U00362,12/02/2024 10:30,12/02/2024 10:33,182
SES0004320,U00362,08/02/2024 12:50,2024-02-08T12:51:27Z,31
SES0004321,U00362,2024-02-14T11:27:48Z,2024-02-14 11:32:41,293
SES0004322,U00362,2024-02-17T01:41:59Z,2024-02-17 01:46:43,284
SES0004323,U00362,2024-02-13T11:30:42Z,2024-02-13T12:06:26Z,2144
SES0004324,U00362,2024-02-13T12:30:36Z,2024-02-13 12:32:41,125
SES0004325,U00362,18/02/2024 04:01,18/02/2024 04:02,69
SES0004326,U00362,08/02/2024 11:41,2024-02-08T11:43:26Z,123
SES0004327,U00362,2024-02-14 08:07:20,2024-02-14T08:13:06Z,346
SES0004328,U00362,2024-02-08 18:08:15,08/02/2024 18:08,36
SES0004329,U00362,07/02/2024 17:16,2024-02-07T17:19:36Z,158
SES0004330,U00362,2024-02-10 22:51:00,10/02/2024 23:07,969
SES0004331,U00362,07/02/2024 20:36,2024-02-07T20:48:27Z,743
SES0004332,U00362,2024-02-17 12:45:03,2024-02-17T12:47:56Z,173
SES0004333,U00362,2024-02-07T08:54:37Z,2024-02-07 08:54:48,11
SES0004334,U00362,18/02/2024 08:28,2024-02-18 08:31:06,175
SES0004335,U00362,2024-02-14T00:16:49Z,2024-02-14 00:17:24,35
SES0004336,U00362,2024-02-13 17:29:03,13/02/2024 17:46,1064
SES0004337,U00362,2024-02-10T05:30:40Z,2024-02-10T05:33:36Z,176
SES0004338,U00362,16/02/2024 14:57,2024-02-16T15:16:01Z,1092
SES0004339,U00362,2024-02-12T17:09:19Z,2024-02-12 17:10:30,
SES0004340,U00362,10/02/2024 21:09,10/02/2024 21:10,43
SES0004341,U00362,2024-02-06T01:07:19Z,06/02/2024 01:09,157
SES0004342,U00362,13/02/2024 04:28,2024-02-13T04:30:55Z,135
SES0004343,U00362,2024-02-10 01:07:54,2024-02-10 01:09:18,84
SES0004344,U00362,2024-02-18T13:30:34Z,2024-02-18 13:30:34,0
SES0004345,U00363,2023-06-13T05:16:17Z,2023-06-13T05:16:47Z,30
SES0004346,U00363,2023-06-03 00:34:46,2023-06-03 00:36:45,119
SES0004347,U00365,2024-04-04T10:31:34Z,2024-04-04 10:32:49,75
SES0004348,U00365,2024-06-28 21:44:17,2024-06-28T21:45:06Z,49
SES0004349,U00365,09/02/2024 17:21,2024-02-09 17:21:33,31
SES0004350,U00365,2024-05-28 16:58:08,2024-05-28 16:58:33,25
SES0004351,U00365,2024-03-05 01:42:28,05/03/2024 01:44,94
SES0004352,U00366,2023-07-24T15:03:00Z,2023-07-24T15:04:23Z,83
SES0004353,U00366,2023-11-21 07:59:37,2023-11-21T08:06:11Z,394
SES0004354,U00366,01/08/2023 15:35,2023-08-01T15:48:54Z,788
SES0004355,U00366,2023-06-06T03:18:13Z,2023-06-06 03:21:20,187
SES0004356,U00366,2023-10-19T23:27:22Z,19/10/2023 23:27,34
SES0004357,U00366,2023-08-28T18:52:25Z,28/08/2023 18:53,80
SES0004358,U00366,2023-08-25T20:08:23Z,2023-08-25 20:14:30,367
SES0004359,U00366,2023-07-01T19:07:15Z,2023-07-01 19:07:37,22
SES0004360,U00366,2023-07-29T09:42:08Z,2023-07-29 09:43:39,91
SES0004361,U00366,2023-08-24T23:17:43Z,2023-08-24T23:29:11Z,688
SES0004362,U00366,03/08/2023 13:54,2023-08-03T13:55:34Z,57
SES0004363,U00366,2023-07-13 15:52:18,2023-07-13 16:03:10,652
SES0004364,U00366,17/06/2023 19:32,17/06/2023 19:34,109
SES0004365,U00366,14/07/2023 02:48,2023-07-14T02:50:36Z,111
SES0004366,U00366,2023-09-21 10:48:50,2023-09-21T11:31:11Z,2541
SES0004367,U00366,2023-08-12 09:26:33,2023-08-12 09:28:54,141
SES0004368,U00366,2023-10-31T07:18:48Z,2023-10-31T07:19:44Z,56
SES0004369,U00366,27/05/2023 09:01,2023-05-27T09:02:43Z,63
SES0004370,U00366,2023-07-26 18:35:46,2023-07-26 18:48:47,781
SES0004371,U00366,2023-10-19 22:15:15,2023-10-19 22:17:00,105
SES0004372,U00367,2024-06-23T19:55:01Z,2024-06-23T19:58:05Z,184
SES0004373,U00367,2024-05-16 19:49:48,2024-05-16T19:56:13Z,385
SES0004374,U00367,2024-06-02T06:24:21Z,2024-06-02T06:27:11Z,170
SES0004375,U00367,31/05/2024 15:54,31/05/2024 16:02,
SES0004376,U00367,09/05/2024 07:40,2024-05-09T07:51:00Z,616
SES0004377,U00367,2024-02-23T02:06:46Z,2024-02-23T02:09:43Z,177
SES0004378,U00367,2024-04-29 00:33:25,29/04/2024 00:34,77
SES0004379,U00367,2024-04-01 00:22:44,2024-04-01 00:27:20,276
SES0004380,U00367,2024-02-29 21:34:47,2024-02-29 21:37:24,157
SES0004381,U00367,2024-06-13T09:39:08Z,13/06/2024 09:46,430
SES0004382,U00367,2024-03-13 15:05:06,2024-03-13 15:06:23,77
SES0004383,U00367,2024-06-25T03:11:21Z,2024-06-25 03:12:36,75
SES0004384,U00367,01/05/2024 03:46,2024-05-01 03:48:32,107
SES0004385,U00367,15/06/2024 21:28,15/06/2024 21:32,243
SES0004386,U00367,2024-04-14T08:15:26Z,2024-04-14 08:19:32,246
SES0004387,U00367,2024-03-31 09:39:12,31/03/2024 09:44,344
SES0004388,U00367,2024-06-23 23:05:55,23/06/2024 23:17,692
SES0004389,U00367,2024-02-13 18:36:27,2024-02-13 18:37:01,34
SES0004390,U00367,2024-02-12 11:52:39,2024-02-12T11:53:01Z,22
SES0004391,U00367,2024-03-11T09:14:26Z,2024-03-11T09:18:56Z,270
SES0004392,U00368,2023-03-12 00:40:14,2023-03-12 00:40:50,36
SES0004393,U00368,26/03/2023 01:06,26/03/2023 01:08,75
SES0004394,U00368,10/03/2023 18:46,2023-03-10T18:46:40Z,38
SES0004395,U00368,2023-03-25T07:36:14Z,2023-03-25T07:37:31Z,77
SES0004396,U00368,2023-03-15 15:54:40,2023-03-15 15:59:20,280
SES0004397,U00368,2023-03-24 23:22:06,2023-03-24 23:22:41,35
SES0004398,U00368,2023-03-29T10:30:40Z,2023-03-29 10:32:52,132
SES0004399,U00368,2023-03-11 13:15:48,11/03/2023 13:22,423
SES0004400,U00368,24/03/2023 02:01,2023-03-24T02:04:00Z,141
SES0004401,U00368,07/03/2023 23:01,07/03/2023 23:05,195
SES0004402,U00368,2023-03-14 03:45:28,2023-03-14T03:47:51Z,143
SES0004403,U00368,2023-03-07 19:42:19,2023-03-07 19:50:17,478
SES0004404,U00368,2023-03-30T07:22:28Z,30/03/2023 07:24,148
SES0004405,U00368,23/03/2023 22:12,2023-03-23 22:14:47,152
SES0004406,U00368,2023-04-01T20:33:51Z,2023-04-01T20:48:57Z,906
SES0004407,U00368,15/03/2023 12:26,2023-03-15T12:29:04Z,162
SES0004408,U00368,01/04/2023 20:10,2023-04-01T20:15:19Z,276
SES0004409,U00368,23/03/2023 16:57,23/03/2023 16:58,34
SES0004410,U00368,2023-03-29T04:38:33Z,29/03/2023 04:39,37
SES0004411,U00368,2023-03-05T15:30:19Z,2023-03-05T15:37:38Z,439
SES0004412,U00368,26/03/2023 00:04,2023-03-26T00:15:22Z,N/A
SES0004413,U00368,15/03/2023 01:31,2023-03-15T02:17:27Z,2781
SES0004414,U00368,30/03/2023 16:12,30/03/2023 16:12,0
SES0004415,U00368,2023-03-23T18:35:35Z,2023-03-23 18:37:47,132
SES0004416,U00368,30/03/2023 08:34,30/03/2023 08:34,24
SES0004417,U00368,2023-03-11 18:54:05,14/03/2023 21:28,268467
SES0004418,U00368,13/03/2023 03:03,2023-03-13T03:06:13Z,137
SES0004419,U00368,2023-03-03 17:29:41,2023-03-03T17:31:00Z,79
SES0004420,U00368,2023-03-11T20:24:09Z,2023-03-11T20:47:32Z,N/A
SES0004421,U00368,2023-03-16T15:07:42Z,2023-03-16 15:10:31,169
SES0004422,U00369,2023-09-12 07:05:55,2023-09-12T07:09:59Z,244
SES0004423,U00369,26/10/2023 08:12,26/10/2023 08:12,27
SES0004424,U00369,2023-09-12T05:31:26Z,2023-09-12 05:33:33,127
SES0004425,U00369,2023-10-26 06:37:57,2023-10-26T06:39:44Z,107
SES0004426,U00369,13/11/2023 08:59,13/11/2023 09:06,399
SES0004427,U00369,2023-11-14T05:34:24Z,2023-11-14T05:37:46Z,202
SES0004428,U00369,07/11/2023 02:20,2023-11-07T02:23:51Z,208
SES0004429,U00369,2023-11-06 08:36:16,2023-11-06T08:38:10Z,114
SES0004430,U00369,2023-11-01 07:41:42,01/11/2023 07:44,173
SES0004431,U00369,10/11/2023 04:21,2023-11-10T04:23:18Z,121
SES0004432,U00369,2023-10-23 20:52:59,23/10/2023 21:30,2226
SES0004433,U00369,2023-10-31 10:58:40,2023-10-31T10:59:56Z,76
SES0004434,U00369,2023-11-28T00:52:59Z,28/11/2023 00:54,83
SES0004435,U00369,2023-11-27T06:57:34Z,2023-11-27 07:08:26,652
SES0004436,U00369,2023-10-31 09:53:56,2023-10-31T09:54:31Z,35
SES0004437,U00369,2023-10-10T15:00:46Z,10/10/2023 15:02,76
SES0004438,U00369,2023-09-12 19:02:28,2023-09-12 19:03:44,76
SES0004439,U00369,2023-10-26 01:47:21,2023-10-26 01:48:09,48
SES0004440,U00369,11/11/2023 11:45,2023-11-11T11:46:10Z,19
SES0004441,U00369,2023-11-14T13:59:54Z,2023-11-14 14:01:34,100
SES0004442,U00369,2023-09-12 09:28:24,2023-09-12T09:31:15Z,
SES0004443,U00369,19/10/2023 14:19,22/10/2023 18:34,274495
SES0004444,U00369,08/10/2023 22:43,08/10/2023 22:46,177
SES0004445,U00369,2023-10-12 13:30:26,2023-10-12 13:33:49,203
SES0004446,U00369,2023-11-26 22:23:28,26/11/2023 22:34,657
SES0004447,U00369,2023-09-16 02:10:30,16/09/2023 02:24,864
SES0004448,U00369,2023-09-22 05:35:46,22/09/2023 05:42,412
SES0004449,U00369,03/12/2023 16:51,2023-12-03 16:55:25,226
SES0004450,U00369,2023-10-31 08:29:29,2023-10-31 08:37:17,N/A
SES0004451,U00369,2023-09-21 19:38:55,2023-09-21T19:39:31Z,36
SES0004452,U00369,2023-09-11T21:29:12Z,11/09/2023 21:30,61
SES0004453,U00369,2023-11-15T10:49:55Z,15/11/2023 10:51,69
SES0004454,U00369,2023-11-13 10:27:41,2023-11-13T10:34:04Z,383
SES0004455,U00369,2023-10-07T03:26:54Z,2023-10-07 03:33:27,393
SES0004456,U00369,2023-09-15T14:30:38Z,2023-09-15T14:30:55Z,17
SES0004457,U00369,2023-11-17 09:48:42,2023-11-17 09:51:45,183
SES0004458,U00369,2023-09-17T03:41:38Z,17/09/2023 03:47,372
SES0004459,U00369,2023-10-03 20:57:36,2023-10-03 20:58:39,63
SES0004460,U00369,2023-09-22T06:49:35Z,2023-09-22T06:49:35Z,0
SES0004461,U00369,2023-10-20 16:52:29,2023-10-20 16:53:06,37
SES0004462,U00370,25/03/2024 04:59,25/03/2024 05:01,138
SES0004463,U00370,25/01/2024 04:09,2024-01-25 04:09:51,18
SES0004464,U00370,2024-01-02 11:58:31,02/01/2024 12:03,313
SES0004465,U00371,2023-12-24T10:16:24Z,2023-12-24 10:19:32,188
SES0004466,U00371,2024-01-05T14:29:41Z,2024-01-05T14:30:32Z,51
SES0004467,U00371,2023-12-23T02:55:54Z,2023-12-23 03:05:39,585
SES0004468,U00371,2023-12-16T15:21:39Z,16/12/2023 15:22,68
SES0004469,U00371,01/01/2024 23:14,2024-01-01 23:22:47,501
SES0004470,U00371,10/01/2024 02:42,2024-01-10 02:42:29,24
SES0004471,U00371,2024-01-03T15:53:31Z,2024-01-03T16:00:01Z,390
SES0004472,U00371,20/12/2023 15:33,20/12/2023 15:33,0
SES0004473,U00371,06/01/2024 10:26,2024-01-06T10:26:23Z,0
SES0004474,U00371,2023-12-28 07:51:49,2023-12-28T07:53:23Z,94
SES0004475,U00371,2023-12-14T22:51:01Z,2023-12-14T22:52:19Z,N/A
SES0004476,U00371,25/12/2023 17:15,2023-12-25T17:15:44Z,0
SES0004477,U00371,28/12/2023 03:53,2023-12-28 03:57:43,261
SES0004478,U00371,05/01/2024 13:03,05/01/2024 13:05,114
SES0004479,U00371,20/12/2023 20:54,2023-12-20 20:58:05,206
SES0004480,U00371,2024-01-02 19:08:30,2024-01-02 19:15:02,392
SES0004481,U00371,2024-01-03 14:25:24,03/01/2024 14:26,80
SES0004482,U00371,2024-01-12T13:37:52Z,2024-01-12 13:40:36,164
SES0004483,U00371,29/12/2023 10:38,2023-12-29T10:40:07Z,124
SES0004484,U00371,2023-12-25 21:53:35,25/12/2023 21:56,167
SES0004485,U00372,07/08/2023 07:02,2023-08-07 07:07:21,269
SES0004486,U00373,15/10/2023 06:32,15/10/2023 06:33,66
SES0004487,U00373,2023-10-14 17:07:26,2023-10-14T17:10:25Z,179
SES0004488,U00373,2023-10-10 08:18:38,10/10/2023 08:25,405
SES0004489,U00373,2023-10-13T18:51:57Z,13/10/2023 18:55,205
SES0004490,U00373,14/10/2023 23:21,14/10/2023 23:23,84
SES0004491,U00373,2023-10-11T04:13:03Z,11/10/2023 04:26,800
SES0004492,U00373,2023-10-11T06:24:32Z,11/10/2023 06:24,21
SES0004493,U00373,2023-10-11T12:43:12Z,2023-10-11 13:01:12,1080
SES0004494,U00373,2023-10-11 10:02:33,11/10/2023 10:04,90
SES0004495,U00373,10/10/2023 20:08,10/10/2023 20:15,387
SES0004496,U00374,2023-02-04 20:11:45,2023-02-04T20:32:58Z,1273
SES0004497,U00374,26/01/2023 00:42,2023-01-26 00:51:01,N/A
SES0004498,U00374,2023-01-29 01:24:15,2023-01-29 01:25:36,81
SES0004499,U00374,30/01/2023 22:09,2023-01-30T22:20:18Z,672
SES0004500,U00374,2023-02-01 02:22:34,2023-02-01 02:32:23,589
SES0004501,U00374,2023-02-07T17:50:43Z,2023-02-07T18:03:43Z,780
SES0004502,U00374,07/02/2023 00:19,07/02/2023 00:23,239
SES0004503,U00374,30/01/2023 14:25,2023-01-30 14:26:37,68
SES0004504,U00374,31/01/2023 17:27,31/01/2023 17:27,0
SES0004505,U00374,2023-02-01 04:03:17,2023-02-01T04:10:00Z,403
SES0004506,U00375,2023-01-29 19:57:50,2023-01-29T20:01:50Z,240
SES0004507,U00375,2023-01-29T10:14:50Z,29/01/2023 10:17,N/A
SES0004508,U00375,2023-01-29 12:37:26,29/01/2023 12:42,302
SES0004509,U00375,2023-01-29 17:36:08,29/01/2023 17:36,26
SES0004510,U00375,29/01/2023 06:26,29/01/2023 06:28,130
SES0004511,U00375,2023-01-29 04:28:31,2023-01-29T04:35:40Z,429
SES0004512,U00375,29/01/2023 00:16,2023-01-29 00:17:48,50
SES0004513,U00375,29/01/2023 00:42,29/01/2023 00:47,324
SES0004514,U00375,29/01/2023 06:44,2023-01-29 06:52:53,486
SES0004515,U00375,2023-01-29T11:20:28Z,2023-01-29T11:34:18Z,830
SES0004516,U00377,2024-06-29T23:03:23Z,29/06/2024 23:11,497
SES0004517,U00378,2023-06-03T14:05:28Z,03/06/2023 14:13,495
SES0004518,U00378,2023-03-30 06:14:18,2023-03-30 06:15:07,49
SES0004519,U00378,2023-04-15 21:40:17,15/04/2023 21:45,331
SES0004520,U00379,20/11/2023 03:54,2023-11-20T03:54:39Z,12
SES0004521,U00379,05/12/2023 04:02,2023-12-05T04:05:33Z,211
SES0004522,U00379,2023-11-14 21:12:55,2023-11-14T21:16:40Z,225
SES0004523,U00379,2024-01-09T10:56:19Z,09/01/2024 11:04,470
SES0004524,U00379,2023-12-26T08:25:32Z,2023-12-26 08:27:58,146
SES0004525,U00379,16/11/2023 14:46,2023-11-16 14:49:24,150
SES0004526,U00379,01/12/2023 16:14,01/12/2023 16:19,327
SES0004527,U00379,18/01/2024 00:48,2024-01-18T00:49:17Z,29
SES0004528,U00379,2023-12-03 03:52:23,03/12/2023 03:56,218
SES0004529,U00379,2023-12-14T01:03:53Z,2023-12-14T01:05:50Z,117
SES0004530,U00380,11/03/2024 03:03,11/03/2024 03:04,31
SES0004531,U00380,07/09/2023 11:34,2023-09-07 11:35:15,30
SES0004532,U00380,2023-08-07T23:13:04Z,07/08/2023 23:17,236
SES0004533,U00380,06/10/2023 02:35,2023-10-06T02:37:33Z,108
SES0004534,U00380,21/01/2024 05:39,21/01/2024 05:41,125
SES0004535,U00380,2023-05-07 21:54:09,2023-05-07T21:55:18Z,69
SES0004536,U00380,2023-11-14T00:00:48Z,2023-11-14 00:01:04,16
SES0004537,U00380,2024-03-24 12:34:38,2024-03-24T12:36:56Z,138
SES0004538,U00380,27/03/2024 21:01,27/03/2024 21:01,13
SES0004539,U00380,2023-12-23T21:39:06Z,23/12/2023 21:39,9
SES0004540,U00380,16/06/2023 10:37,16/06/2023 10:37,36
SES0004541,U00380,2024-02-19T02:36:44Z,2024-02-19 02:37:09,25
SES0004542,U00380,2023-10-12T20:51:55Z,2023-10-12T20:57:35Z,340
SES0004543,U00380,2023-12-17 11:19:29,2023-12-17T11:19:29Z,0
SES0004544,U00380,2024-02-07T00:39:22Z,07/02/2024 00:53,868
SES0004545,U00380,11/12/2023 00:17,11/12/2023 00:25,493
SES0004546,U00380,2023-04-11T01:10:15Z,2023-04-11T01:11:49Z,94
SES0004547,U00380,05/12/2023 22:05,2023-12-05T22:11:07Z,
SES0004548,U00380,2023-07-16T05:19:42Z,2023-07-16 05:21:01,N/A
SES0004549,U00380,2023-07-08T02:48:08Z,08/07/2023 02:48,43
SES0004550,U00380,2023-07-09 19:13:44,09/07/2023 19:19,330
SES0004551,U00380,2024-01-25 20:25:53,25/01/2024 20:25,0
SES0004552,U00380,2024-03-25 13:33:36,2024-03-25 13:37:20,224
SES0004553,U00380,2023-08-03T03:05:38Z,2023-08-03 03:07:10,92
SES0004554,U00380,25/06/2023 07:11,25/06/2023 07:24,796
SES0004555,U00380,2023-11-27T22:43:24Z,2023-11-27T22:48:30Z,306
SES0004556,U00380,2024-03-27T00:31:30Z,2024-03-27 00:32:17,47
SES0004557,U00380,19/01/2024 01:39,19/01/2024 01:41,148
SES0004558,U00380,01/01/2024 12:36,2024-01-01 12:36:51,48
SES0004559,U00380,30/12/2023 17:37,30/12/2023 17:39,98
SES0004560,U00381,2024-05-14 19:44:54,14/05/2024 19:47,146
SES0004561,U00381,2024-04-19T21:14:12Z,19/04/2024 21:17,183
SES0004562,U00381,25/04/2024 15:05,25/04/2024 15:09,250
SES0004563,U00381,02/05/2024 08:03,2024-05-02 08:06:27,161
SES0004564,U00381,2024-06-05T01:31:22Z,2024-06-05 01:32:30,68
SES0004565,U00381,02/03/2024 10:40,2024-03-02 10:42:45,114
SES0004566,U00381,2024-06-08T19:06:34Z,2024-06-08 19:08:06,92
SES0004567,U00381,23/04/2024 07:18,2024-04-23 07:21:47,169
SES0004568,U00381,2024-05-23 18:28:00,2024-05-23T18:29:50Z,110
SES0004569,U00381,2024-03-06T11:08:48Z,2024-03-06 11:10:18,90
SES0004570,U00381,2024-04-22 21:00:25,2024-04-22T21:00:42Z,17
SES0004571,U00381,2024-03-05 06:56:04,2024-03-05 07:02:48,404
SES0004572,U00381,2024-03-22 20:06:35,22/03/2024 20:08,139
SES0004573,U00381,2024-06-10 19:05:03,2024-06-10 19:07:59,176
SES0004574,U00381,2024-03-23 00:01:41,2024-03-23T00:01:50Z,9
SES0004575,U00381,2024-05-12T23:42:18Z,2024-05-14T12:43:10Z,133252
SES0004576,U00381,2024-06-06T14:07:04Z,06/06/2024 14:07,0
SES0004577,U00381,09/04/2024 08:25,2024-04-09T08:34:42Z,544
SES0004578,U00381,2024-04-04T14:43:41Z,2024-04-04 14:46:47,186
SES0004579,U00381,2024-03-16 02:49:52,16/03/2024 02:58,547
SES0004580,U00381,2024-05-25 22:17:30,2024-05-29T00:11:08Z,266018
SES0004581,U00381,2024-03-16 09:22:20,16/03/2024 09:41,1132
SES0004582,U00381,25/06/2024 16:43,25/06/2024 16:51,528
SES0004583,U00381,2024-02-23T22:31:59Z,27/02/2024 01:27,269758
SES0004584,U00381,14/06/2024 10:38,2024-06-14T10:55:12Z,1015
SES0004585,U00381,2024-05-14 23:33:54,2024-05-14T23:49:36Z,942
SES0004586,U00381,2024-06-12 03:04:22,2024-06-12 03:08:50,268
SES0004587,U00381,27/06/2024 05:35,2024-06-27T05:49:59Z,870
SES0004588,U00381,2024-05-02 09:40:46,2024-05-02 09:43:46,180
SES0004589,U00381,15/05/2024 19:53,2024-05-15T19:58:59Z,310
SES0004590,U00383,2023-06-12T09:09:52Z,2023-06-12 09:12:06,134
SES0004591,U00384,2023-06-04T03:57:23Z,07/06/2023 02:38,254495
SES0004592,U00384,2023-06-14 01:32:29,2023-06-14T01:36:35Z,246
SES0004593,U00384,2023-05-24 09:42:39,2023-05-24 09:52:54,615
SES0004594,U00385,18/06/2024 19:50,18/06/2024 19:52,103
SES0004595,U00386,2023-03-04T01:46:03Z,04/03/2023 01:46,29
SES0004596,U00386,2023-02-25 01:00:51,2023-02-25 01:01:19,28
SES0004597,U00386,2023-03-01 11:46:13,01/03/2023 11:53,433
SES0004598,U00386,2023-03-02 08:42:02,02/03/2023 08:42,30
SES0004599,U00386,25/02/2023 16:32,25/02/2023 16:49,1017
SES0004600,U00386,2023-03-04T04:01:57Z,04/03/2023 04:05,183
SES0004601,U00386,2023-02-24 02:45:02,2023-02-24 02:46:21,
SES0004602,U00386,2023-03-06 17:05:17,2023-03-06 17:16:45,688
SES0004603,U00386,2023-02-26 00:21:16,26/02/2023 00:33,736
SES0004604,U00386,2023-03-07T09:33:51Z,07/03/2023 09:57,1428
SES0004605,U00386,22/02/2023 08:46,2023-02-22 08:47:35,41
SES0004606,U00386,2023-03-05 08:53:24,2023-03-05T08:55:00Z,96
SES0004607,U00386,2023-03-06 21:12:59,06/03/2023 21:13,42
SES0004608,U00386,2023-02-27T10:55:36Z,2023-02-27T10:57:10Z,94
SES0004609,U00386,06/03/2023 05:01,2023-03-06T05:07:22Z,377
SES0004610,U00386,2023-03-04 05:05:08,2023-03-04 05:11:27,379
SES0004611,U00386,2023-02-23 01:41:16,23/02/2023 02:03,1305
SES0004612,U00386,2023-03-06T11:08:38Z,06/03/2023 11:09,N/A
SES0004613,U00386,2023-02-23 12:42:22,2023-02-23T13:10:12Z,1670
SES0004614,U00386,2023-02-26T23:14:13Z,26/02/2023 23:18,285
SES0004615,U00386,2023-02-23T10:32:24Z,2023-02-23T10:33:48Z,84
SES0004616,U00386,25/02/2023 17:07,25/02/2023 17:09,126
SES0004617,U00386,01/03/2023 21:29,2023-03-01 21:30:40,50
SES0004618,U00386,2023-02-26 01:25:31,26/02/2023 01:25,26
SES0004619,U00386,2023-03-04 19:07:41,2023-03-04T19:56:52Z,2951
SES0004620,U00386,2023-02-27 08:24:01,2023-02-27 08:26:07,126
SES0004621,U00386,02/03/2023 22:25,2023-03-02 22:26:26,64
SES0004622,U00386,2023-02-24 11:15:45,2023-02-24 11:18:10,145
SES0004623,U00386,2023-02-25T20:22:10Z,25/02/2023 20:51,1781
SES0004624,U00386,07/03/2023 02:24,2023-03-07T02:25:07Z,48
SES0004625,U00386,28/02/2023 11:45,2023-02-28 11:48:26,200
SES0004626,U00386,27/02/2023 13:21,27/02/2023 13:22,63
SES0004627,U00386,2023-02-26 09:35:01,26/02/2023 09:35,47
SES0004628,U00386,2023-02-27T15:27:27Z,27/02/2023 15:38,677
SES0004629,U00386,26/02/2023 19:46,2023-02-26T19:59:50Z,822
SES0004630,U00386,05/03/2023 07:03,2023-03-05T07:04:25Z,51
SES0004631,U00386,2023-02-28T14:42:51Z,28/02/2023 14:45,177
SES0004632,U00386,2023-03-06 12:52:56,06/03/2023 12:55,136
SES0004633,U00386,2023-02-22 06:35:37,2023-02-22 06:36:09,32
SES0004634,U00386,2023-03-04 02:31:13,04/03/2023 02:38,454
SES0004635,U00386,27/02/2023 04:14,2023-02-27 04:15:54,85
SES0004636,U00386,06/03/2023 11:52,2023-03-06 11:53:45,57
SES0004637,U00386,2023-02-27 15:43:39,27/02/2023 15:46,
SES0004638,U00386,2023-02-24T23:05:37Z,24/02/2023 23:07,89
SES0004639,U00386,2023-02-27 05:04:33,2023-02-27 05:15:11,638
SES0004640,U00386,2023-02-26T01:11:00Z,26/02/2023 01:12,66
SES0004641,U00386,27/02/2023 19:15,27/02/2023 19:22,365
SES0004642,U00386,2023-03-07T08:11:20Z,2023-03-07T08:12:55Z,95
SES0004643,U00386,2023-02-28T00:23:05Z,2023-02-28 00:23:35,30
SES0004644,U00386,2023-03-01 21:46:46,01/03/2023 22:13,1605
SES0004645,U00386,27/02/2023 11:19,2023-02-27T11:21:36Z,133
SES0004646,U00386,2023-02-28 19:09:20,2023-02-28T19:11:47Z,147
SES0004647,U00386,2023-02-26T21:36:06Z,26/02/2023 21:41,325
SES0004648,U00386,03/03/2023 22:19,2023-03-03 22:20:14,51
SES0004649,U00386,2023-02-26 02:19:04,26/02/2023 02:26,445
SES0004650,U00386,07/03/2023 08:02,2023-03-07T08:03:44Z,51
SES0004651,U00386,2023-02-24 16:31:02,2023-02-24T16:33:11Z,129
SES0004652,U00386,2023-03-04 09:46:55,2023-03-04T09:48:55Z,120
SES0004653,U00386,2023-02-22T00:03:41Z,22/02/2023 00:06,174
SES0004654,U00386,28/02/2023 16:17,2023-02-28 16:18:57,99
SES0004655,U00386,05/03/2023 20:11,05/03/2023 20:13,124
SES0004656,U00386,2023-02-26T21:12:29Z,2023-02-26 21:14:55,146
SES0004657,U00386,01/03/2023 23:26,2023-03-01 23:30:16,204
SES0004658,U00386,2023-02-25T14:55:06Z,25/02/2023 14:56,78
SES0004659,U00386,2023-02-26T20:33:33Z,2023-02-26 20:35:10,97
SES0004660,U00386,2023-03-01T05:31:51Z,2023-03-02T20:57:24Z,141933
SES0004661,U00386,2023-02-26 22:33:54,26/02/2023 22:42,524
SES0004662,U00386,2023-02-27T07:34:04Z,27/02/2023 07:43,544
SES0004663,U00386,2023-03-01T01:33:08Z,2023-03-01 01:33:48,40
SES0004664,U00386,03/03/2023 22:33,03/03/2023 22:37,248
SES0004665,U00386,27/02/2023 07:27,27/02/2023 07:28,69
SES0004666,U00386,2023-02-28 17:20:26,2023-02-28 17:26:36,
SES0004667,U00386,04/03/2023 17:43,2023-03-04 17:49:06,322
SES0004668,U00386,2023-03-05 04:04:54,05/03/2023 04:05,54
SES0004669,U00386,2023-02-27T08:36:58Z,2023-02-27T10:02:37Z,5139
SES0004670,U00386,2023-02-23 20:24:21,2023-02-23T20:26:34Z,133
SES0004671,U00386,26/02/2023 11:49,2023-02-26 11:50:24,25
SES0004672,U00386,2023-03-03T07:09:59Z,2023-03-03 07:30:23,1224
SES0004673,U00386,23/02/2023 03:53,23/02/2023 03:54,56
SES0004674,U00386,2023-03-06T16:51:23Z,2023-03-06 16:52:01,38
SES0004675,U00387,2023-05-08T20:07:21Z,2023-05-08 20:11:27,246
SES0004676,U00387,10/05/2023 14:38,2023-05-10 14:38:54,54
SES0004677,U00387,2023-05-09 04:20:12,09/05/2023 04:26,379
SES0004678,U00387,2023-05-05 13:18:27,05/05/2023 13:18,0
SES0004679,U00387,2023-05-04T02:38:09Z,2023-05-04T02:41:57Z,228
SES0004680,U00387,2023-05-04 14:49:17,2023-05-04T14:49:49Z,32
SES0004681,U00387,2023-05-09T16:38:48Z,09/05/2023 16:41,134
SES0004682,U00387,2023-05-05 12:00:28,2023-05-05 12:07:27,419
SES0004683,U00387,2023-05-10 16:51:35,2023-05-10T16:55:02Z,207
SES0004684,U00387,07/05/2023 15:38,2023-05-07T15:39:47Z,74
SES0004685,U00388,11/04/2023 19:55,2023-04-11 19:57:24,118
SES0004686,U00388,2023-04-13T14:35:39Z,2023-04-13T14:41:11Z,332
SES0004687,U00388,2023-04-13T08:03:22Z,2023-04-13 08:04:03,41
SES0004688,U00389,15/05/2024 22:11,2024-05-15T22:15:00Z,184
SES0004689,U00389,13/05/2024 16:14,13/05/2024 16:22,470
SES0004690,U00389,2024-05-05T11:37:11Z,05/05/2024 11:38,52
SES0004691,U00389,2024-05-04 14:16:26,2024-05-04T14:47:00Z,1834
SES0004692,U00389,2024-05-01 16:36:33,2024-05-01 16:38:35,122
SES0004693,U00389,2024-06-18 18:35:49,2024-06-18 18:36:19,30
SES0004694,U00389,07/04/2024 08:54,2024-04-07 08:55:27,78
SES0004695,U00389,2024-04-03T16:34:37Z,03/04/2024 16:35,36
SES0004696,U00389,08/04/2024 01:16,2024-04-08T01:19:36Z,201
SES0004697,U00389,08/06/2024 15:39,2024-06-08T15:40:12Z,51
SES0004698,U00390,25/02/2023 17:26,2023-02-25 17:27:21,40
SES0004699,U00390,23/02/2023 03:29,2023-02-23 03:30:40,100
SES0004700,U00391,2024-04-23 12:23:05,2024-04-23T12:23:05Z,0
SES0004701,U00391,2024-04-01 14:01:21,01/04/2024 14:04,185
SES0004702,U00391,11/04/2024 00:43,2024-04-11 00:47:40,270
SES0004703,U00391,18/02/2024 19:30,18/02/2024 19:31,45
SES0004704,U00391,2024-03-25T03:45:47Z,25/03/2024 03:48,184
SES0004705,U00392,2024-05-14T05:55:15Z,2024-05-14 05:56:27,72
SES0004706,U00392,2024-05-29T07:52:14Z,2024-05-29T07:52:35Z,21
SES0004707,U00392,2024-05-29T13:08:38Z,2024-05-29 13:08:50,12
SES0004708,U00393,2023-05-26 21:48:28,26/05/2023 22:11,
SES0004709,U00393,2023-06-15T19:50:51Z,15/06/2023 20:50,3559
SES0004710,U00393,2023-06-12 17:13:14,2023-06-12 17:13:36,22
SES0004711,U00393,15/04/2023 06:11,2023-04-15T06:13:18Z,94
SES0004712,U00393,29/05/2023 04:05,29/05/2023 04:08,168
SES0004713,U00394,13/08/2023 06:34,2023-08-13 06:44:37,623
SES0004714,U00394,2023-08-20 11:14:07,20/08/2023 11:15,62
SES0004715,U00394,2023-10-13T23:13:25Z,2023-10-13 23:34:15,
SES0004716,U00394,2024-01-12 20:59:35,12/01/2024 21:13,863
SES0004717,U00394,2023-05-04 15:49:56,04/05/2023 15:50,37
SES0004718,U00394,2023-06-27 07:33:53,2023-06-27T07:56:04Z,1331
SES0004719,U00394,2023-12-17 20:47:51,2023-12-17 20:52:21,270
SES0004720,U00394,2024-02-03 23:50:23,2024-02-03 23:55:01,278
SES0004721,U00394,19/09/2023 06:59,2023-09-19 07:00:31,37
SES0004722,U00394,07/12/2023 18:13,07/12/2023 18:15,101
SES0004723,U00394,11/12/2023 12:16,2023-12-11T12:20:51Z,248
SES0004724,U00394,25/09/2023 02:37,2023-09-25T02:37:40Z,14
SES0004725,U00394,2023-09-12 05:55:45,2023-09-12 06:15:01,1156
SES0004726,U00394,26/04/2023 19:54,26/04/2023 20:01,404
SES0004727,U00394,2024-02-21 07:17:08,21/02/2024 07:18,66
SES0004728,U00394,11/05/2023 05:14,2023-05-11 05:15:16,60
SES0004729,U00394,08/03/2024 13:01,08/03/2024 13:02,29
SES0004730,U00394,05/01/2024 13:01,2024-01-05T13:08:24Z,390
SES0004731,U00394,2023-10-31T00:57:27Z,2023-10-31 01:15:30,1083
SES0004732,U00394,2023-09-10T06:59:26Z,2023-09-10T07:02:30Z,184
SES0004733,U00395,04/03/2024 10:38,2024-03-05T13:28:01Z,96564
SES0004734,U00397,2023-03-04 14:07:04,2023-03-04 14:08:04,60
SES0004735,U00397,2023-03-04T00:15:33Z,2023-03-04 00:23:49,496
SES0004736,U00397,08/03/2023 00:02,08/03/2023 00:03,76
SES0004737,U00400,2024-03-20 00:00:58,2024-03-20T00:03:59Z,181
SES0004738,U00400,2024-03-30T08:30:17Z,2024-03-30 08:33:00,163
SES0004739,U00400,2024-03-27T17:59:14Z,2024-03-27 18:05:26,372
SES0004740,U00400,2024-03-17T06:53:28Z,2024-03-17T07:14:06Z,1238
SES0004741,U00400,2024-03-30T00:23:22Z,2024-03-30 00:23:22,0
SES0004742,U00400,13/03/2024 04:06,2024-03-13 04:09:21,146
SES0004743,U00400,13/03/2024 17:13,2024-03-13 17:15:11,101
SES0004744,U00400,05/04/2024 22:52,2024-04-05 22:53:11,55
SES0004745,U00400,2024-03-26T18:37:48Z,2024-03-26 18:38:29,41
SES0004746,U00400,2024-03-28 01:37:06,2024-03-28 01:37:28,22
SES0004747,U00401,2024-06-24T07:39:22Z,2024-06-24T07:41:13Z,111
SES0004748,U00401,2024-05-22T18:28:01Z,2024-05-22 18:29:50,109
SES0004749,U00402,27/04/2024 00:14,2024-04-27 00:14:48,19
SES0004750,U00402,2024-04-03T01:22:08Z,2024-04-03T01:27:55Z,347
SES0004751,U00402,21/04/2024 18:25,2024-04-21T18:27:25Z,112
SES0004752,U00402,2024-05-04T21:32:20Z,2024-05-04 21:37:53,333
SES0004753,U00402,2024-05-06T04:01:02Z,2024-05-06T04:01:56Z,54
SES0004754,U00402,2024-05-19T06:08:09Z,2024-05-19T06:13:13Z,304
SES0004755,U00402,21/04/2024 23:28,2024-04-21 23:32:53,273
SES0004756,U00402,2024-06-29 09:28:51,29/06/2024 09:30,88
SES0004757,U00402,2024-05-08 23:45:47,08/05/2024 23:46,58
SES0004758,U00402,2024-04-08 09:38:57,2024-04-08 09:43:15,258
SES0004759,U00402,22/05/2024 03:30,2024-05-22T03:36:46Z,366
SES0004760,U00402,2024-05-17 16:24:10,17/05/2024 16:25,57
SES0004761,U00402,31/03/2024 15:24,31/03/2024 15:24,0
SES0004762,U00402,2024-06-05T09:22:52Z,2024-06-05 09:27:58,306
SES0004763,U00402,18/06/2024 18:02,2024-06-18T18:03:17Z,72
SES0004764,U00402,22/06/2024 12:00,2024-06-22T12:07:33Z,419
SES0004765,U00402,2024-05-20 13:32:04,2024-05-20 13:36:41,277
SES0004766,U00402,26/06/2024 23:55,2024-06-27T00:04:12Z,536
SES0004767,U00402,2024-06-27 01:31:12,27/06/2024 01:31,41
SES0004768,U00402,27/05/2024 09:04,2024-05-27 09:04:25,0
SES0004769,U00402,2024-04-17 19:21:55,17/04/2024 19:23,69
SES0004770,U00402,2024-04-21 00:19:53,2024-04-21T00:21:23Z,90
SES0004771,U00402,2024-06-10T10:21:22Z,10/06/2024 10:22,55
SES0004772,U00402,2024-06-26T07:37:46Z,26/06/2024 07:39,77
SES0004773,U00402,2024-04-16 21:29:51,2024-04-16T21:30:48Z,
SES0004774,U00402,2024-04-04 00:16:39,04/04/2024 00:17,47
SES0004775,U00402,17/05/2024 05:02,17/05/2024 05:10,481
SES0004776,U00402,2024-06-09 16:48:24,09/06/2024 16:49,40
SES0004777,U00402,28/03/2024 14:13,2024-03-28 14:39:13,1552
SES0004778,U00402,2024-06-01T12:09:47Z,2024-06-01T12:12:34Z,167
SES0004779,U00402,2024-06-26 20:21:02,2024-06-26 20:24:31,209
SES0004780,U00402,2024-04-10T20:05:53Z,2024-04-10T20:07:04Z,N/A
SES0004781,U00402,25/04/2024 07:55,25/04/2024 07:59,209
SES0004782,U00402,08/04/2024 08:23,08/04/2024 08:32,543
SES0004783,U00402,26/04/2024 12:19,2024-04-26T12:23:48Z,252
SES0004784,U00402,19/05/2024 08:13,2024-05-19T08:15:01Z,85
SES0004785,U00402,17/04/2024 12:23,17/04/2024 12:24,12
SES0004786,U00402,02/04/2024 12:42,2024-04-02 12:43:23,44
SES0004787,U00402,2024-06-03 08:23:37,2024-06-03T08:25:14Z,97
SES0004788,U00402,04/04/2024 18:50,2024-04-04T18:52:18Z,130
SES0004789,U00403,2024-04-20T20:40:55Z,2024-04-20T20:40:55Z,0
SES0004790,U00403,2024-02-18T23:46:44Z,18/02/2024 23:47,74
SES0004791,U00403,2024-04-09T18:04:53Z,2024-04-09T18:09:52Z,299
SES0004792,U00403,06/06/2024 12:15,2024-06-06 12:18:46,168
SES0004793,U00403,05/06/2024 17:07,05/06/2024 17:10,211
SES0004794,U00403,14/05/2024 18:07,2024-05-14 18:08:47,93
SES0004795,U00403,10/05/2024 08:47,2024-05-10T08:55:14Z,464
SES0004796,U00403,2024-02-18T10:40:49Z,2024-02-18 10:43:31,N/A
SES0004797,U00403,24/02/2024 06:58,2024-02-24T06:59:31Z,90
SES0004798,U00403,2024-04-29T23:09:21Z,29/04/2024 23:09,10
SES0004799,U00404,22/05/2024 04:08,22/05/2024 04:26,1091
SES0004800,U00404,2024-05-20T12:13:37Z,20/05/2024 12:14,47
SES0004801,U00404,2024-05-23 08:31:06,2024-05-23T08:37:19Z,373
SES0004802,U00404,2024-05-17 11:00:46,17/05/2024 11:10,561
SES0004803,U00404,27/05/2024 05:47,2024-05-27 06:15:32,1673
SES0004804,U00404,2024-05-26T22:41:10Z,2024-05-26T22:41:45Z,35
SES0004805,U00404,2024-05-16 17:32:03,16/05/2024 17:32,25
SES0004806,U00404,2024-05-25 05:49:41,2024-05-25 05:53:41,240
SES0004807,U00404,28/05/2024 04:20,2024-05-28 04:20:37,23
SES0004808,U00404,24/05/2024 06:26,2024-05-24 06:26:57,0
SES0004809,U00404,2024-05-28T07:36:41Z,2024-05-28T07:38:17Z,96
SES0004810,U00404,2024-05-24T17:03:42Z,2024-05-24 17:07:12,210
SES0004811,U00404,2024-05-15 10:44:21,15/05/2024 10:45,55
SES0004812,U00404,2024-05-21T14:31:57Z,21/05/2024 14:35,193
SES0004813,U00404,2024-05-28T08:04:41Z,28/05/2024 08:05,62
SES0004814,U00404,2024-05-25T03:21:51Z,2024-05-25T03:24:34Z,163
SES0004815,U00404,2024-05-17 22:24:05,2024-05-17 22:36:07,722
SES0004816,U00404,20/05/2024 17:01,2024-05-20T17:01:46Z,31
SES0004817,U00404,2024-05-28 02:12:47,2024-05-28 02:16:07,200
SES0004818,U00404,2024-05-25 05:47:15,2024-05-25T06:06:46Z,1171
SES0004819,U00404,2024-05-24 03:07:31,2024-05-24T03:34:07Z,N/A
SES0004820,U00404,2024-05-24T05:55:12Z,2024-05-24T06:08:52Z,820
SES0004821,U00404,16/05/2024 17:50,2024-05-16T17:55:06Z,288
SES0004822,U00404,2024-05-25 18:36:09,2024-05-25T18:38:09Z,120
SES0004823,U00404,26/05/2024 08:06,2024-05-26 08:13:22,430
SES0004824,U00404,2024-05-17 03:00:20,17/05/2024 03:06,381
SES0004825,U00404,2024-05-23T05:52:31Z,23/05/2024 05:52,0
SES0004826,U00404,2024-05-15T19:44:38Z,2024-05-15T19:52:25Z,467
SES0004827,U00404,2024-05-20 04:38:37,2024-05-20T04:39:09Z,32
SES0004828,U00404,17/05/2024 00:01,2024-05-17T00:05:12Z,N/A
SES0004829,U00405,24/06/2024 19:15,24/06/2024 19:17,80
SES0004830,U00406,2024-01-16T14:36:25Z,16/01/2024 14:37,46
SES0004831,U00406,2024-01-17 00:44:09,2024-01-17 00:49:10,301
SES0004832,U00406,2024-01-20T10:08:06Z,2024-01-20T10:12:27Z,261
SES0004833,U00406,2024-01-23T16:59:50Z,2024-01-23 17:00:24,34
SES0004834,U00406,2024-01-17T06:13:19Z,17/01/2024 06:13,15
SES0004835,U00406,2024-01-15T14:22:09Z,2024-01-15T14:25:55Z,226
SES0004836,U00406,16/01/2024 21:13,16/01/2024 21:14,88
SES0004837,U00406,2024-01-23 03:52:33,2024-01-23T04:15:02Z,1349
SES0004838,U00406,24/01/2024 01:07,2024-01-24 01:09:40,146
SES0004839,U00406,17/01/2024 15:07,2024-01-17T15:23:42Z,983
SES0004840,U00407,2023-10-17T19:35:53Z,2023-10-17 19:58:49,1376
SES0004841,U00408,2024-06-18T17:31:49Z,18/06/2024 18:11,2353
SES0004842,U00408,2024-01-02T16:32:32Z,2024-01-02 17:00:41,1689
SES0004843,U00408,2024-04-04 17:01:01,2024-04-04 17:03:24,143
SES0004844,U00408,2024-02-29 14:01:13,2024-03-02T05:03:25Z,140532
SES0004845,U00408,11/12/2023 15:41,2023-12-11 15:42:56,88
SES0004846,U00408,2024-03-14T23:23:10Z,2024-03-14 23:28:48,338
SES0004847,U00408,2024-02-05 05:43:24,2024-02-05T05:43:42Z,18
SES0004848,U00408,2024-04-30 22:15:31,2024-04-30 22:16:23,52
SES0004849,U00408,14/05/2024 00:29,2024-05-14T00:58:56Z,1746
SES0004850,U00408,2023-11-21T09:02:59Z,2023-11-21T09:06:42Z,223
SES0004851,U00408,2023-12-03T11:47:59Z,03/12/2023 11:48,38
SES0004852,U00408,17/02/2024 10:07,17/02/2024 10:08,30
SES0004853,U00408,25/02/2024 04:56,25/02/2024 04:57,65
SES0004854,U00408,2023-12-02T16:27:59Z,2023-12-02T16:55:23Z,1644
SES0004855,U00408,2024-06-26 05:15:58,29/06/2024 11:32,281816
SES0004856,U00408,2024-02-13T10:28:54Z,2024-02-13 10:31:22,148
SES0004857,U00408,2024-04-30 17:48:12,2024-04-30T17:57:20Z,548
SES0004858,U00408,2023-12-21T11:38:16Z,2023-12-21 11:41:40,204
SES0004859,U00408,12/12/2023 22:59,2023-12-12T23:00:40Z,86
SES0004860,U00408,06/12/2023 10:58,07/12/2023 14:24,98762
SES0004861,U00408,2023-12-23 01:07:16,23/12/2023 01:10,206
SES0004862,U00408,21/04/2024 08:27,2024-04-21 08:30:50,194
SES0004863,U00408,11/03/2024 07:32,11/03/2024 07:33,54
SES0004864,U00408,2024-01-24 04:42:46,2024-01-24T04:45:28Z,162
SES0004865,U00408,22/02/2024 02:45,2024-02-22 02:55:19,616
SES0004866,U00408,2024-02-07 13:04:20,2024-02-07 13:09:34,314
SES0004867,U00408,2024-02-23T03:11:41Z,2024-02-23 03:13:39,118
SES0004868,U00408,2024-05-18T22:20:06Z,18/05/2024 22:28,503
SES0004869,U00408,24/12/2023 21:23,2023-12-24T21:26:26Z,149
SES0004870,U00408,2024-04-21 05:39:52,2024-04-21T05:41:19Z,87
SES0004871,U00408,17/02/2024 07:03,17/02/2024 07:05,63
SES0004872,U00408,2023-11-08 04:07:50,2023-11-08 04:09:34,104
SES0004873,U00408,2024-05-26 02:02:06,2024-05-26 02:02:06,0
SES0004874,U00408,2024-06-05 01:34:40,2024-06-05 01:37:04,144
SES0004875,U00408,2023-11-21 21:37:03,2023-11-21T21:57:31Z,1228
SES0004876,U00408,25/01/2024 19:34,2024-01-25 19:37:43,186
SES0004877,U00408,20/06/2024 20:39,2024-06-20T20:54:37Z,879
SES0004878,U00408,20/11/2023 10:57,2023-11-20T11:03:34Z,368
SES0004879,U00408,2024-05-17T20:19:54Z,17/05/2024 20:27,449
SES0004880,U00408,23/06/2024 01:00,23/06/2024 01:02,132
SES0004881,U00409,2023-10-19 09:52:44,2023-10-19 09:58:34,350
SES0004882,U00409,2023-11-10 04:02:19,2023-11-10T04:10:21Z,482
SES0004883,U00409,2023-10-09 20:24:13,2023-10-09 20:46:48,1355
SES0004884,U00409,03/12/2023 00:52,2023-12-03T01:06:45Z,829
SES0004885,U00409,2023-09-15T22:59:09Z,2023-09-15T23:04:04Z,
SES0004886,U00409,2024-03-01 06:48:11,01/03/2024 06:53,323
SES0004887,U00409,06/02/2024 14:48,06/02/2024 14:59,641
SES0004888,U00409,23/11/2023 05:41,24/11/2023 21:54,144786
SES0004889,U00409,2023-09-25 05:48:49,25/09/2023 05:50,98
SES0004890,U00409,2023-10-24T01:12:26Z,2023-10-24 02:01:26,2940
SES0004891,U00409,2023-12-30 03:27:33,30/12/2023 03:27,25
SES0004892,U00409,12/01/2024 21:27,12/01/2024 21:31,247
SES0004893,U00409,2023-11-25T19:10:56Z,2023-11-25 19:27:54,1018
SES0004894,U00409,2024-01-08 07:44:50,08/01/2024 07:48,223
SES0004895,U00409,2023-10-22T11:39:57Z,2023-10-22T11:47:42Z,465
SES0004896,U00409,24/02/2024 18:12,24/02/2024 18:18,328
SES0004897,U00409,2024-02-04 21:41:32,04/02/2024 22:09,1690
SES0004898,U00409,2023-09-25 15:45:50,2023-09-25 15:46:49,59
SES0004899,U00409,05/11/2023 08:33,2023-11-05T08:33:11Z,0
SES0004900,U00409,28/10/2023 20:14,28/10/2023 20:17,198
SES0004901,U00409,2023-11-15 00:19:02,2023-11-15 00:19:08,6
SES0004902,U00409,2024-01-30 13:36:05,30/01/2024 13:40,
SES0004903,U00409,2023-11-28 14:03:21,28/11/2023 14:03,12
SES0004904,U00409,2023-10-02 13:04:54,2023-10-02T13:06:19Z,85
SES0004905,U00409,2023-12-31 07:10:13,2023-12-31T07:13:05Z,172
SES0004906,U00409,22/01/2024 21:15,22/01/2024 21:16,56
SES0004907,U00409,25/09/2023 07:58,2023-09-25T08:02:07Z,236
SES0004908,U00409,2024-02-29 16:25:25,29/02/2024 16:32,452
SES0004909,U00409,18/12/2023 14:20,2023-12-18 14:22:24,90
SES0004910,U00409,06/11/2023 03:38,2023-11-06T03:39:55Z,N/A
SES0004911,U00409,30/01/2024 22:52,30/01/2024 22:54,121
SES0004912,U00409,27/01/2024 07:53,2024-01-27T07:53:24Z,8
SES0004913,U00409,13/10/2023 07:16,2023-10-13 07:17:20,
SES0004914,U00409,17/12/2023 18:09,17/12/2023 18:14,303
SES0004915,U00409,07/09/2023 07:26,07/09/2023 07:58,1895
SES0004916,U00409,2023-10-22 09:30:21,2023-10-22T09:32:18Z,117
SES0004917,U00409,2023-12-22 08:07:29,2023-12-22T08:07:46Z,17
SES0004918,U00409,22/10/2023 01:20,2023-10-22 01:21:48,53
SES0004919,U00409,24/02/2024 22:03,2024-02-24T22:12:11Z,547
SES0004920,U00409,2023-10-19T16:12:01Z,2023-10-19T16:13:32Z,91
SES0004921,U00409,13/09/2023 23:56,2023-09-14T00:08:23Z,
SES0004922,U00409,27/12/2023 13:10,2023-12-27T13:11:29Z,31
SES0004923,U00409,2023-09-30 03:12:38,2023-09-30T03:13:18Z,40
SES0004924,U00409,2023-12-26 15:39:15,2023-12-26 15:39:48,33
SES0004925,U00409,2023-09-21 15:43:36,2023-09-21T15:47:54Z,258
SES0004926,U00409,15/09/2023 02:21,2023-09-15 02:24:27,168
SES0004927,U00409,2024-01-25 02:54:53,2024-01-25T02:56:51Z,118
SES0004928,U00409,18/01/2024 05:44,2024-01-20T12:03:46Z,195533
SES0004929,U00409,2024-01-12 07:34:13,2024-01-12T07:37:16Z,183
SES0004930,U00409,2023-12-20 10:13:40,20/12/2023 10:14,52
SES0004931,U00409,2023-11-04T04:51:51Z,04/11/2023 04:52,32
SES0004932,U00409,07/12/2023 21:45,2023-12-07 21:50:10,288
SES0004933,U00409,2023-11-16T08:46:02Z,16/11/2023 08:52,399
SES0004934,U00409,2023-10-05 16:03:30,05/10/2023 16:04,63
SES0004935,U00409,2024-01-11T11:01:26Z,11/01/2024 11:06,323
SES0004936,U00409,2023-11-07T18:36:56Z,07/11/2023 18:41,274
SES0004937,U00409,17/02/2024 17:25,2024-02-17 17:30:13,265
SES0004938,U00409,2023-11-02T10:45:30Z,2023-11-02T10:46:45Z,75
SES0004939,U00409,23/09/2023 10:27,23/09/2023 10:28,26
SES0004940,U00409,03/01/2024 23:43,03/01/2024 23:48,274
SES0004941,U00409,2023-10-03T02:50:48Z,2023-10-03 02:52:16,88
SES0004942,U00409,2023-09-07 07:08:45,2023-09-07 07:10:27,102
SES0004943,U00409,2023-12-11T10:35:54Z,2023-12-11 10:36:58,64
SES0004944,U00409,2023-09-10 21:31:57,2023-09-10 22:18:06,2769
SES0004945,U00409,2024-02-09 01:02:16,09/02/2024 01:02,36
SES0004946,U00409,14/01/2024 01:30,2024-01-14T01:32:37Z,132
SES0004947,U00409,2023-10-31T17:41:43Z,2023-10-31 17:42:23,40
SES0004948,U00409,2023-09-21 02:31:12,2023-09-21 02:31:18,6
SES0004949,U00409,2023-11-28T23:47:53Z,2023-11-28T23:50:10Z,137
SES0004950,U00409,17/02/2024 21:13,2024-02-17 21:15:46,153
SES0004951,U00409,17/01/2024 23:24,2024-01-17T23:27:57Z,208
SES0004952,U00409,2024-03-01T17:40:43Z,01/03/2024 17:42,84
SES0004953,U00409,2023-09-15 00:25:37,15/09/2023 00:26,56
SES0004954,U00409,17/09/2023 13:16,2023-09-17 13:17:58,68
SES0004955,U00409,2024-02-09T11:58:16Z,2024-02-09 12:02:28,252
SES0004956,U00409,2023-10-24T10:18:03Z,2023-10-24T10:28:50Z,647
SES0004957,U00409,2023-09-24 02:43:30,24/09/2023 02:44,42
SES0004958,U00409,2024-02-07 22:09:35,07/02/2024 22:11,122
SES0004959,U00409,25/09/2023 15:15,25/09/2023 15:16,97
SES0004960,U00409,2023-12-02T07:13:56Z,2023-12-02 07:15:18,82
SES0004961,U00410,2023-12-20 14:44:32,20/12/2023 14:50,360
SES0004962,U00410,04/01/2024 09:12,2024-01-04T09:14:47Z,124
SES0004963,U00410,23/12/2023 22:40,2023-12-23T22:48:58Z,538
SES0004964,U00410,2024-01-14T08:26:46Z,2024-01-14T08:27:21Z,35
SES0004965,U00410,2023-12-22 12:18:23,22/12/2023 12:23,298
SES0004966,U00410,2023-12-20 13:43:50,2023-12-20 13:55:27,697
SES0004967,U00410,24/12/2023 02:13,2023-12-24 02:18:15,256
SES0004968,U00410,2024-01-05 15:53:51,2024-01-05 15:55:09,
SES0004969,U00410,2024-01-12T04:42:13Z,12/01/2024 04:43,93
SES0004970,U00410,2023-12-25T17:50:07Z,2023-12-25T17:52:10Z,123
SES0004971,U00411,02/05/2024 08:08,2024-05-02 08:09:15,64
SES0004972,U00411,2024-05-04T16:53:56Z,2024-05-04 16:55:43,107
SES0004973,U00411,02/05/2024 05:59,02/05/2024 06:09,593
SES0004974,U00412,27/03/2024 01:14,2024-03-27 01:15:36,37
SES0004975,U00412,29/05/2024 03:19,29/05/2024 03:22,157
SES0004976,U00412,06/06/2024 20:03,2024-06-06 20:03:58,0
SES0004977,U00413,2024-01-31 20:21:07,2024-01-31T20:28:26Z,439
SES0004978,U00413,07/04/2024 05:07,07/04/2024 05:07,43
SES0004979,U00413,2024-03-26 23:14:12,2024-03-26T23:17:14Z,182
SES0004980,U00416,2023-10-06T01:41:56Z,06/10/2023 01:45,233
SES0004981,U00416,2023-09-24T01:09:17Z,2023-09-24 01:12:07,170
SES0004982,U00416,2023-08-26 21:47:29,2023-08-26 21:47:42,13
SES0004983,U00416,29/08/2023 17:01,2023-08-29 17:07:22,325
SES0004984,U00416,2023-10-04T17:02:18Z,2023-10-04 17:03:30,72
SES0004985,U00417,2023-10-19 21:23:40,2023-10-19T21:42:21Z,1121
SES0004986,U00417,2023-10-19 20:41:10,2023-10-19 20:44:04,174
SES0004987,U00417,18/10/2023 05:58,2023-10-18 06:00:05,N/A
SES0004988,U00417,2023-10-13T04:49:08Z,2023-10-13 04:50:15,67
SES0004989,U00417,2023-10-19T03:33:41Z,19/10/2023 03:33,0
SES0004990,U00417,19/10/2023 06:23,19/10/2023 06:23,36
SES0004991,U00417,2023-10-14 19:23:20,14/10/2023 19:26,181
SES0004992,U00417,15/10/2023 13:48,2023-10-15 13:50:43,114
SES0004993,U00417,2023-10-13 00:26:50,2023-10-13T00:27:01Z,11
SES0004994,U00417,18/10/2023 08:56,18/10/2023 09:03,385
SES0004995,U00417,13/10/2023 11:21,13/10/2023 11:29,440
SES0004996,U00417,16/10/2023 00:26,16/10/2023 00:27,24
SES0004997,U00417,16/10/2023 04:54,2023-10-16 04:54:18,13
SES0004998,U00417,2023-10-19 05:58:58,19/10/2023 05:59,22
SES0004999,U00417,2023-10-15 06:46:49,2023-10-15 06:47:13,24
SES0005000,U00417,17/10/2023 00:16,2023-10-17T00:16:24Z,0
SES0005001,U00417,2023-10-17T08:18:46Z,2023-10-17 08:25:10,384
SES0005002,U00417,18/10/2023 23:39,2023-10-18T23:40:40Z,54
SES0005003,U00417,14/10/2023 21:30,2023-10-14 21:31:42,65
SES0005004,U00417,2023-10-16T16:11:16Z,2023-10-16T16:37:26Z,1570
SES0005005,U00417,2023-10-16T14:55:32Z,2023-10-16 14:56:30,
SES0005006,U00417,2023-10-14 05:16:43,2023-10-14 05:17:04,21
SES0005007,U00417,17/10/2023 23:15,2023-10-17T23:16:02Z,32
SES0005008,U00417,2023-10-14 23:28:25,2023-10-14 23:30:22,117
SES0005009,U00417,2023-10-13 13:44:07,13/10/2023 13:46,113
SES0005010,U00417,16/10/2023 02:49,2023-10-16T02:49:37Z,
SES0005011,U00417,17/10/2023 17:45,2023-10-17 18:15:35,1792
SES0005012,U00417,18/10/2023 23:19,18/10/2023 23:23,N/A
SES0005013,U00417,2023-10-17 17:23:33,2023-10-17T17:24:31Z,58
SES0005014,U00417,2023-10-13 22:11:12,13/10/2023 22:18,434
SES0005015,U00417,2023-10-14 18:06:53,2023-10-15T22:17:15Z,101422
SES0005016,U00417,16/10/2023 13:02,2023-10-16 13:03:52,69
SES0005017,U00417,18/10/2023 01:11,2023-10-18T01:15:39Z,242
SES0005018,U00417,2023-10-18T09:38:37Z,2023-10-18T10:10:30Z,
SES0005019,U00417,2023-10-19T22:25:43Z,2023-10-19T22:27:28Z,105
SES0005020,U00417,2023-10-17T09:56:52Z,2023-10-17 09:58:47,115
SES0005021,U00417,2023-10-14T02:12:51Z,2023-10-14T02:14:39Z,108
SES0005022,U00417,18/10/2023 19:00,18/10/2023 19:04,273
SES0005023,U00417,2023-10-18 02:56:17,2023-10-18 02:58:43,146
SES0005024,U00417,16/10/2023 16:10,2023-10-16 16:14:17,236
SES0005025,U00418,2023-11-22 18:26:59,2023-11-22T18:27:43Z,44
SES0005026,U00419,2023-12-17 02:34:18,18/12/2023 23:15,160863
SES0005027,U00419,2023-12-10T06:47:48Z,2023-12-10 06:52:06,258
SES0005028,U00419,2023-11-11T07:54:20Z,11/11/2023 07:57,183
SES0005029,U00419,05/12/2023 23:42,05/12/2023 23:44,123
SES0005030,U00419,14/10/2023 11:36,14/10/2023 11:37,61
SES0005031,U00419,2023-10-14T15:04:13Z,2023-10-14 15:04:24,11
SES0005032,U00419,2023-12-14 14:11:16,2023-12-14 14:15:32,256
SES0005033,U00419,26/12/2023 21:41,2023-12-26T21:41:18Z,5
SES0005034,U00419,25/12/2023 06:41,25/12/2023 06:42,59
SES0005035,U00419,07/01/2024 06:45,2024-01-07 06:52:09,403
SES0005036,U00419,30/10/2023 20:48,30/10/2023 20:49,27
SES0005037,U00419,30/12/2023 05:55,30/12/2023 06:02,430
SES0005038,U00419,18/10/2023 02:42,18/10/2023 02:42,9
SES0005039,U00419,2023-12-03 16:40:11,2023-12-03 16:42:38,147
SES0005040,U00419,2023-11-16T09:33:21Z,16/11/2023 09:41,502
SES0005041,U00419,2024-01-08 23:55:20,2024-01-08T23:57:36Z,136
SES0005042,U00419,06/01/2024 03:26,2024-01-06 03:33:28,433
SES0005043,U00419,30/12/2023 09:45,01/01/2024 13:43,N/A
SES0005044,U00419,2023-12-20 15:59:01,20/12/2023 15:59,52
SES0005045,U00419,2024-01-07 02:40:53,07/01/2024 02:41,26
SES0005046,U00419,02/11/2023 20:54,02/11/2023 20:54,21
SES0005047,U00419,2023-10-21 18:46:42,21/10/2023 18:49,149
SES0005048,U00419,11/11/2023 20:06,2023-11-11 20:06:36,22
SES0005049,U00419,2023-10-24 16:18:30,2023-10-24T16:19:44Z,N/A
SES0005050,U00419,2023-12-21T14:50:00Z,21/12/2023 14:53,217
SES0005051,U00419,2023-11-17T12:17:54Z,17/11/2023 12:19,112
SES0005052,U00419,22/12/2023 16:24,22/12/2023 16:24,37
SES0005053,U00419,2023-10-13 05:50:43,2023-10-13T05:51:34Z,51
SES0005054,U00419,2023-11-02 01:44:24,2023-11-02T01:47:20Z,176
SES0005055,U00419,05/01/2024 02:35,2024-01-05 02:38:23,163
SES0005056,U00420,2024-05-11 06:40:55,2024-05-11 06:41:59,64
SES0005057,U00420,08/05/2024 04:26,2024-05-08T04:29:00Z,143
SES0005058,U00420,06/05/2024 21:25,2024-05-06 21:33:23,469
SES0005059,U00420,2024-05-06 00:20:32,06/05/2024 00:23,188
SES0005060,U00420,2024-05-03 12:27:01,2024-05-03T12:33:26Z,385
SES0005061,U00420,07/05/2024 04:14,07/05/2024 04:16,121
SES0005062,U00420,2024-05-10T04:27:04Z,2024-05-10T04:27:04Z,0
SES0005063,U00420,2024-05-09T23:39:05Z,09/05/2024 23:41,156
SES0005064,U00420,12/05/2024 12:43,2024-05-12T12:43:50Z,17
SES0005065,U00420,2024-05-03T03:42:20Z,2024-05-03 03:44:35,135
SES0005066,U00421,2023-04-07T11:41:11Z,2023-04-07 11:47:07,356
SES0005067,U00421,2023-04-09 04:16:24,2023-04-09 04:56:10,2386
SES0005068,U00421,2023-07-27T18:56:43Z,2023-07-27 19:00:03,200
SES0005069,U00422,2024-01-16T00:54:37Z,2024-01-16 00:55:00,23
SES0005070,U00422,2023-08-04T18:33:14Z,2023-08-04T18:34:25Z,71
SES0005071,U00424,2023-07-27T16:50:53Z,2023-07-27T16:54:37Z,224
SES0005072,U00424,09/06/2023 11:57,09/06/2023 11:59,115
SES0005073,U00424,04/05/2023 04:46,2023-05-04 04:50:57,252
SES0005074,U00424,2023-07-08 03:57:17,08/07/2023 04:02,305
SES0005075,U00424,2023-08-03T21:11:41Z,2023-08-03T21:12:33Z,52
SES0005076,U00424,2023-06-29T06:48:07Z,29/06/2023 06:50,
SES0005077,U00424,2023-05-29T17:44:40Z,2023-05-29T17:44:54Z,14
SES0005078,U00424,03/08/2023 13:57,2023-08-03 14:03:22,359
SES0005079,U00424,31/05/2023 08:22,31/05/2023 08:24,75
SES0005080,U00424,2023-05-22 10:03:04,2023-05-22 10:08:49,345
SES0005081,U00424,2023-08-20T14:05:03Z,20/08/2023 14:07,152
SES0005082,U00424,2023-09-04 07:07:29,2023-09-04 07:07:29,0
SES0005083,U00424,05/05/2023 22:25,2023-05-05T22:26:08Z,26
SES0005084,U00424,04/10/2023 05:55,2023-10-04 06:02:59,435
SES0005085,U00424,2023-07-31T11:21:32Z,02/08/2023 17:29,194880
SES0005086,U00424,02/09/2023 16:17,02/09/2023 16:21,241
SES0005087,U00424,01/08/2023 14:29,2023-08-01T14:30:55Z,97
SES0005088,U00424,19/05/2023 21:55,2023-05-19 21:57:08,120
SES0005089,U00424,26/04/2023 00:14,2023-04-26 00:34:15,1159
SES0005090,U00424,27/07/2023 13:59,2023-07-27 14:00:02,18
SES0005091,U00425,2023-11-09T18:51:39Z,09/11/2023 18:52,41
SES0005092,U00425,2023-11-04 20:54:37,04/11/2023 21:00,366
SES0005093,U00425,07/11/2023 23:42,2023-11-07T23:46:15Z,203
SES0005094,U00425,2023-11-06T05:44:27Z,2023-11-06 05:45:02,N/A
SES0005095,U00425,2023-11-08 06:09:47,2023-11-08 06:11:30,103
SES0005096,U00425,2023-11-06 11:44:24,2023-11-06T11:44:38Z,14
SES0005097,U00425,2023-11-09 19:52:46,2023-11-09T20:03:15Z,629
SES0005098,U00425,2023-11-10 19:18:28,2023-11-10T19:18:28Z,0
SES0005099,U00425,09/11/2023 02:16,2023-11-09 02:17:22,75
SES0005100,U00425,2023-11-05T04:19:40Z,2023-11-05T04:27:49Z,489
SES0005101,U00425,2023-11-06 07:52:38,06/11/2023 07:54,98
SES0005102,U00425,2023-11-08 08:21:51,08/11/2023 08:22,54
SES0005103,U00425,10/11/2023 16:50,10/11/2023 16:55,312
SES0005104,U00425,2023-11-10T13:08:56Z,2023-11-10T13:13:26Z,270
SES0005105,U00425,2023-11-08T23:24:53Z,08/11/2023 23:34,547
SES0005106,U00425,2023-11-07 22:40:32,2023-11-07 22:47:46,434
SES0005107,U00425,2023-11-08T13:10:10Z,2023-11-08 13:12:30,140
SES0005108,U00425,07/11/2023 01:39,07/11/2023 01:39,0
SES0005109,U00425,2023-11-10 02:16:54,2023-11-10 02:17:38,44
SES0005110,U00425,09/11/2023 19:54,2023-11-09T20:02:37Z,512
SES0005111,U00425,2023-11-04 09:12:33,2023-11-04T09:19:05Z,392
SES0005112,U00425,2023-11-07T00:47:48Z,2023-11-07T00:49:02Z,74
SES0005113,U00425,2023-11-10 13:11:37,10/11/2023 13:11,14
SES0005114,U00425,2023-11-09T13:42:19Z,2023-11-09 13:42:49,30
SES0005115,U00425,2023-11-08T05:41:12Z,08/11/2023 05:43,118
SES0005116,U00425,2023-11-04T22:05:45Z,2023-11-04T22:08:50Z,185
SES0005117,U00425,2023-11-05 14:40:07,2023-11-05 14:40:45,38
SES0005118,U00425,2023-11-04T02:00:13Z,04/11/2023 02:03,170
SES0005119,U00425,2023-11-07 14:54:29,2023-11-07T14:58:49Z,260
SES0005120,U00425,2023-11-08T11:23:39Z,2023-11-08T11:27:23Z,224
SES0005121,U00425,2023-11-04T20:55:39Z,2023-11-04 21:08:24,765
SES0005122,U00425,2023-11-04T11:52:38Z,2023-11-04 11:52:38,0
SES0005123,U00425,2023-11-09T12:24:38Z,09/11/2023 12:35,639
SES0005124,U00425,2023-11-05T09:17:46Z,2023-11-05 09:22:20,274
SES0005125,U00425,10/11/2023 00:08,2023-11-10T00:08:49Z,10
SES0005126,U00425,2023-11-10T07:57:52Z,2023-11-10 08:00:33,161
SES0005127,U00425,2023-11-09T07:56:08Z,09/11/2023 07:56,49
SES0005128,U00425,2023-11-07 20:39:39,2023-11-07T20:42:40Z,
SES0005129,U00425,2023-11-09 07:34:26,09/11/2023 07:44,612
SES0005130,U00425,2023-11-07 06:59:55,2023-11-07T07:03:13Z,198
SES0005131,U00426,25/06/2024 03:07,2024-06-25 03:07:30,3
SES0005132,U00426,2024-05-27 02:11:22,27/05/2024 02:11,14
SES0005133,U00426,03/03/2024 20:06,2024-03-03T20:09:49Z,214
SES0005134,U00426,2024-06-12T05:59:42Z,12/06/2024 05:59,0
SES0005135,U00426,2024-05-08 07:00:25,2024-05-08 07:03:06,161
SES0005136,U00426,13/02/2024 15:41,13/02/2024 15:47,321
SES0005137,U00426,24/02/2024 13:25,24/02/2024 13:25,17
SES0005138,U00426,2024-03-19T21:17:19Z,19/03/2024 21:18,69
SES0005139,U00426,18/02/2024 17:54,18/02/2024 17:56,115
SES0005140,U00426,18/02/2024 11:44,18/02/2024 11:47,N/A
SES0005141,U00427,2024-03-21T14:17:35Z,2024-03-21 14:18:19,44
SES0005142,U00427,2024-06-25T22:56:59Z,2024-06-25T23:03:21Z,382
SES0005143,U00427,2024-04-01 19:06:08,01/04/2024 19:09,195
SES0005144,U00427,2024-04-12T04:45:29Z,12/04/2024 05:00,876
SES0005145,U00427,11/06/2024 16:45,2024-06-11 16:46:35,45
SES0005146,U00428,2024-04-06 18:01:22,2024-04-06 18:17:49,987
SES0005147,U00429,22/06/2024 21:58,22/06/2024 22:06,520
SES0005148,U00429,2024-06-21 01:05:15,2024-06-21T01:05:30Z,15
SES0005149,U00429,2024-06-24T02:01:41Z,24/06/2024 02:03,123
SES0005150,U00429,2024-06-20 16:52:13,2024-06-20 16:57:27,314
SES0005151,U00429,21/06/2024 15:43,2024-06-21T15:44:00Z,48
SES0005152,U00429,2024-06-20T02:13:53Z,2024-06-20 02:14:55,62
SES0005153,U00429,23/06/2024 01:01,2024-06-23T01:01:44Z,18
SES0005154,U00429,19/06/2024 23:22,2024-06-19 23:37:48,N/A
SES0005155,U00429,2024-06-19 08:04:25,2024-06-19T08:10:59Z,394
SES0005156,U00429,21/06/2024 11:02,2024-06-21 11:09:30,420
SES0005157,U00429,2024-06-22 15:04:20,2024-06-22 15:05:20,60
SES0005158,U00429,24/06/2024 15:07,2024-06-24 15:07:37,35
SES0005159,U00429,2024-06-23 16:46:42,2024-06-23 16:50:27,225
SES0005160,U00429,2024-06-21 21:56:37,2024-06-24T23:40:07Z,265410
SES0005161,U00429,20/06/2024 22:31,2024-06-20T22:35:13Z,235
SES0005162,U00429,2024-06-24 14:27:25,2024-06-24 14:27:25,0
SES0005163,U00429,24/06/2024 19:26,2024-06-24T19:26:56Z,0
SES0005164,U00429,19/06/2024 23:11,2024-06-19T23:11:20Z,0
SES0005165,U00429,2024-06-22T21:00:52Z,2024-06-22T21:01:46Z,54
SES0005166,U00429,2024-06-22 02:27:27,2024-06-22 02:32:46,319
SES0005167,U00430,2023-08-09T08:38:18Z,2023-08-09 08:39:52,94
SES0005168,U00430,2023-09-27 08:15:30,2023-09-27 08:16:30,60
SES0005169,U00430,07/08/2023 00:34,07/08/2023 00:42,479
SES0005170,U00430,2023-10-03T14:41:00Z,03/10/2023 14:44,223
SES0005171,U00430,2023-10-04T11:52:43Z,2023-10-04T11:59:45Z,422
SES0005171,U00430,2023-10-04T11:52:43Z,2023-10-04T11:59:45Z,422
SES0005172,U00431,2023-03-03 23:24:44,2023-03-03 23:28:15,211
SES0005173,U00431,2023-04-10T08:37:12Z,2023-04-10T08:40:39Z,207
SES0005174,U00432,2023-07-17 02:13:54,17/07/2023 02:17,217
SES0005175,U00432,10/06/2023 20:52,2023-06-10 20:53:08,60
SES0005176,U00432,09/08/2023 07:29,09/08/2023 07:32,152
SES0005177,U00432,31/08/2023 23:07,31/08/2023 23:09,148
SES0005178,U00432,2023-06-15T17:35:37Z,2023-06-15T20:01:03Z,8726
SES0005179,U00432,24/09/2023 13:52,24/09/2023 13:57,257
SES0005180,U00432,2023-06-14T15:24:07Z,2023-06-14T15:28:51Z,284
SES0005181,U00432,2023-08-10 19:35:01,10/08/2023 20:27,3177
SES0005182,U00432,2023-10-16 21:36:27,16/10/2023 21:40,219
SES0005183,U00432,06/05/2023 11:57,2023-05-06T12:00:08Z,165
SES0005184,U00432,01/10/2023 14:50,01/10/2023 14:56,392
SES0005185,U00432,2023-09-05T12:05:20Z,05/09/2023 12:07,117
SES0005186,U00432,2023-07-14T05:20:09Z,2023-07-14 05:20:50,41
SES0005187,U00432,2023-08-05 20:53:48,2023-08-05 21:12:06,
SES0005188,U00432,14/06/2023 20:56,2023-06-14 20:57:31,61
SES0005189,U00432,2023-07-08T05:00:40Z,08/07/2023 05:15,909
SES0005190,U00432,2023-04-30T10:40:15Z,03/05/2023 16:11,279069
SES0005191,U00432,07/08/2023 15:46,07/08/2023 15:54,460
SES0005192,U00432,2023-06-27 17:52:52,27/06/2023 17:54,123
SES0005193,U00432,2023-08-20T04:46:41Z,2023-08-20 04:47:02,21
SES0005194,U00432,07/06/2023 20:46,2023-06-07 21:00:39,844
SES0005195,U00432,2023-06-02T21:34:25Z,2023-06-02 21:39:49,N/A
SES0005196,U00432,2023-06-05T02:49:25Z,05/06/2023 03:05,963
SES0005197,U00432,2023-09-08 01:13:13,08/09/2023 01:14,47
SES0005198,U00432,2023-10-16 15:58:44,16/10/2023 15:58,13
SES0005199,U00432,2023-06-05T07:22:10Z,2023-06-05T07:29:12Z,422
SES0005200,U00432,2023-08-25 17:50:25,25/08/2023 18:02,748
SES0005201,U00432,2023-10-05 22:14:40,05/10/2023 22:18,231
SES0005202,U00432,2023-06-09T01:13:51Z,09/06/2023 01:22,528
SES0005203,U00432,2023-05-16T23:39:11Z,16/05/2023 23:41,165
SES0005204,U00433,2024-04-10T01:10:09Z,2024-04-10 01:33:53,1424
SES0005205,U00433,19/06/2024 15:50,19/06/2024 15:52,118
SES0005206,U00433,10/04/2024 06:39,10/04/2024 06:42,183
SES0005207,U00433,2024-06-20 18:04:41,20/06/2024 18:05,65
SES0005208,U00433,2024-05-11 06:54:51,11/05/2024 06:58,189
SES0005209,U00433,2024-04-04 09:21:14,04/04/2024 09:22,57
SES0005210,U00433,2024-05-28T20:30:40Z,2024-05-28T20:30:54Z,14
SES0005211,U00433,2024-06-16T17:27:20Z,16/06/2024 17:27,0
SES0005212,U00433,2024-06-09 07:49:38,09/06/2024 07:50,36
SES0005213,U00433,2024-05-07T01:15:58Z,2024-05-07T01:16:29Z,31
SES0005214,U00434,2023-06-22T21:40:23Z,2023-06-22 21:44:01,218
SES0005215,U00434,12/05/2023 09:55,2023-05-12T10:00:13Z,275
SES0005216,U00434,2023-06-07 17:39:40,07/06/2023 17:51,686
SES0005217,U00434,2023-08-30T22:34:31Z,2023-08-30 23:44:53,4222
SES0005218,U00434,2023-09-14 18:10:16,2023-09-14 18:20:20,604
SES0005219,U00434,2023-08-04 01:34:49,2023-08-04T01:43:05Z,496
SES0005220,U00434,2023-05-12T15:46:09Z,15/05/2023 21:53,281236
SES0005221,U00434,29/09/2023 10:46,29/09/2023 10:55,545
SES0005222,U00434,2023-10-25T20:19:17Z,2023-10-25T20:20:02Z,45
SES0005223,U00434,2023-07-01T20:58:10Z,01/07/2023 20:58,36
SES0005224,U00434,04/08/2023 06:08,2023-08-04 06:44:38,2194
SES0005225,U00434,2023-04-30 10:23:24,2023-04-30T10:23:42Z,18
SES0005226,U00434,2023-07-25T22:01:23Z,2023-07-25 22:02:52,89
SES0005227,U00434,29/09/2023 04:44,2023-09-29 04:45:53,55
SES0005228,U00434,2023-09-27T22:29:30Z,2023-09-27T22:37:16Z,466
SES0005229,U00434,2023-10-18 17:40:55,2023-10-18 17:41:55,60
SES0005230,U00434,2023-08-01 03:13:23,2023-08-01 03:14:24,61
SES0005231,U00434,2023-10-23T13:58:00Z,2023-10-23 13:59:00,60
SES0005232,U00434,2023-06-13 23:36:39,13/06/2023 23:57,1262
SES0005233,U00434,2023-08-11 08:36:39,2023-08-11T08:37:32Z,53
SES0005234,U00434,2023-10-11 05:54:46,2023-10-11 05:56:20,94
SES0005235,U00434,2023-09-09T18:09:24Z,2023-09-09T18:15:32Z,368
SES0005236,U00434,2023-08-22 01:07:31,22/08/2023 01:09,113
SES0005237,U00434,2023-05-22 12:48:28,22/05/2023 12:48,0
SES0005238,U00434,2023-10-09 02:51:11,2023-10-09T02:53:42Z,151
SES0005239,U00434,2023-09-18T09:15:37Z,2023-09-18 09:15:37,0
SES0005240,U00434,2023-09-16T01:09:53Z,2023-09-16 01:10:30,37
SES0005241,U00434,22/06/2023 23:26,2023-06-22T23:44:11Z,1054
SES0005242,U00434,2023-05-15T11:16:50Z,15/05/2023 11:18,116
SES0005243,U00434,2023-06-11T10:21:05Z,2023-06-11T10:23:34Z,149
SES0005244,U00434,16/05/2023 05:50,2023-05-16T06:10:17Z,1168
SES0005245,U00434,2023-09-13 03:53:27,2023-09-13T03:55:32Z,125
SES0005246,U00434,19/05/2023 14:29,2023-05-19 14:33:33,261
SES0005247,U00434,2023-09-18 01:34:56,2023-09-18 01:35:32,36
SES0005248,U00434,25/10/2023 14:23,25/10/2023 14:39,972
SES0005249,U00434,2023-05-27T06:44:46Z,27/05/2023 06:44,0
SES0005250,U00434,2023-06-04T23:38:12Z,04/06/2023 23:40,119
SES0005251,U00434,24/05/2023 09:37,24/05/2023 09:39,72
SES0005252,U00434,06/07/2023 02:43,2023-07-06 02:44:15,75
SES0005253,U00434,19/10/2023 12:14,2023-10-19T12:30:18Z,939
SES0005253,U00434,19/10/2023 12:14,2023-10-19T12:30:18Z,939
SES0005254,U00435,2024-02-12 21:37:50,12/02/2024 21:52,887
SES0005255,U00435,2024-02-24T07:36:06Z,2024-02-27T00:05:56Z,232190
SES0005256,U00435,2024-02-18 22:38:10,2024-02-18T22:50:13Z,723
SES0005257,U00435,02/02/2024 20:15,05/02/2024 01:37,192138
SES0005258,U00435,2024-02-21T05:41:47Z,2024-02-21 05:45:45,238
SES0005259,U00435,04/02/2024 01:21,2024-02-04T01:22:53Z,
SES0005260,U00435,2024-02-25 14:31:20,25/02/2024 14:34,201
SES0005261,U00435,2024-02-17 02:14:28,2024-02-17 02:14:51,23
SES0005262,U00435,15/02/2024 10:16,2024-02-15 10:19:39,171
SES0005263,U00435,05/02/2024 07:36,2024-02-05T07:36:45Z,0
SES0005264,U00436,2023-04-23T17:20:29Z,2023-04-23T17:23:00Z,151
SES0005265,U00436,18/04/2023 11:21,2023-04-18 11:22:05,20
SES0005266,U00436,2023-05-16 08:19:36,16/05/2023 08:51,1929
SES0005267,U00436,2023-05-02 09:37:51,2023-05-02T09:41:32Z,221
SES0005268,U00436,2023-04-18T20:22:54Z,2023-04-18 20:26:07,193
SES0005269,U00436,21/04/2023 12:18,2023-04-21 12:34:05,955
SES0005270,U00436,26/04/2023 22:04,26/04/2023 22:10,370
SES0005271,U00436,2023-04-25T12:55:10Z,2023-04-25 12:55:15,5
SES0005272,U00436,18/04/2023 04:05,18/04/2023 04:21,N/A
SES0005273,U00436,2023-05-13T19:11:45Z,2023-05-13 19:15:51,246
SES0005274,U00437,2024-05-31T07:48:11Z,2024-05-31T07:55:09Z,418
SES0005275,U00437,06/06/2024 20:28,06/06/2024 20:30,107
SES0005276,U00437,2024-06-08T22:51:55Z,2024-06-08 22:52:13,N/A
SES0005277,U00437,2024-06-04 21:58:13,04/06/2024 21:58,11
SES0005278,U00437,08/06/2024 20:43,08/06/2024 21:25,2571
SES0005279,U00437,10/06/2024 18:05,10/06/2024 18:07,153
SES0005280,U00437,06/06/2024 08:39,06/06/2024 08:47,492
SES0005281,U00437,09/06/2024 13:06,2024-06-09 13:08:17,120
SES0005282,U00437,2024-06-10 20:45:17,10/06/2024 20:48,189
SES0005283,U00437,2024-06-09T20:54:23Z,09/06/2024 21:02,465
SES0005284,U00437,02/06/2024 00:38,02/06/2024 00:40,100
SES0005285,U00437,2024-06-10T20:35:35Z,2024-06-10 20:38:53,198
SES0005286,U00437,2024-06-02T19:26:32Z,2024-06-02 19:26:58,26
SES0005287,U00437,2024-06-08T22:11:48Z,2024-06-08 22:12:02,14
SES0005288,U00437,2024-06-10T09:26:49Z,2024-06-10T09:42:26Z,937
SES0005289,U00437,01/06/2024 08:15,01/06/2024 08:19,228
SES0005290,U00437,2024-05-31 03:37:22,31/05/2024 03:38,91
SES0005291,U00437,2024-06-04 22:04:55,04/06/2024 22:45,2437
SES0005292,U00437,02/06/2024 09:22,02/06/2024 09:23,38
SES0005293,U00437,11/06/2024 02:14,2024-06-11 02:15:33,36
SES0005294,U00437,2024-06-12T02:01:25Z,12/06/2024 02:12,688
SES0005295,U00437,2024-06-10T00:05:06Z,10/06/2024 00:05,45
SES0005296,U00437,2024-06-02T20:51:30Z,2024-06-02T20:53:34Z,124
SES0005297,U00437,03/06/2024 02:05,2024-06-03T02:11:13Z,357
SES0005298,U00437,2024-06-10T21:19:08Z,2024-06-10T21:19:25Z,17
SES0005299,U00437,04/06/2024 11:06,2024-06-04T11:08:36Z,118
SES0005300,U00437,2024-06-11 14:38:32,11/06/2024 14:41,152
SES0005301,U00437,31/05/2024 07:18,2024-05-31 07:19:49,69
SES0005302,U00437,08/06/2024 06:10,2024-06-08 06:11:18,64
SES0005303,U00437,12/06/2024 23:59,2024-06-12T23:59:36Z,21
SES0005304,U00438,2023-08-05T21:55:51Z,05/08/2023 22:00,255
SES0005305,U00438,02/11/2023 20:25,02/11/2023 20:26,
SES0005306,U00438,04/06/2023 23:10,2023-06-04T23:11:38Z,
SES0005307,U00438,23/07/2023 20:32,23/07/2023 20:32,N/A
SES0005308,U00438,01/11/2023 19:36,2023-11-01T19:41:56Z,322
SES0005309,U00438,2023-10-28 23:23:46,2023-10-28T23:24:25Z,39
SES0005310,U00438,10/09/2023 12:01,2023-09-10T12:04:57Z,187
SES0005311,U00438,2023-07-08 04:24:18,2023-07-08 04:27:52,214
SES0005312,U00438,2023-09-08T20:21:11Z,08/09/2023 20:26,313
SES0005313,U00438,18/09/2023 07:00,2023-09-18 07:03:04,183
SES0005314,U00438,2023-05-26T03:02:17Z,2023-05-26T03:04:02Z,105
SES0005315,U00438,2023-08-09T13:18:34Z,09/08/2023 13:19,80
SES0005316,U00438,2023-08-01T21:28:09Z,2023-08-01T21:30:59Z,170
SES0005317,U00438,16/09/2023 20:41,2023-09-16 20:43:22,103
SES0005318,U00438,2023-09-12 08:04:11,2023-09-12 08:04:24,13
SES0005319,U00438,2023-07-27T18:37:50Z,27/07/2023 18:55,1039
SES0005320,U00438,2023-05-17T12:08:28Z,2023-05-17T12:10:17Z,109
SES0005321,U00438,2023-08-12 04:42:18,2023-08-12T04:43:58Z,100
SES0005322,U00438,2023-10-27T15:28:45Z,2023-10-27T15:29:16Z,N/A
SES0005323,U00438,2023-07-30 21:10:59,30/07/2023 21:13,134
SES0005324,U00438,2023-07-26T16:14:19Z,2023-07-26T16:24:56Z,637
SES0005325,U00438,2023-10-26T21:55:05Z,2023-10-26T21:55:05Z,0
SES0005326,U00438,01/06/2023 06:56,2023-06-01 07:20:04,N/A
SES0005327,U00438,2023-08-07T23:14:29Z,2023-08-07 23:16:59,150
SES0005328,U00438,2023-06-24T09:28:19Z,2023-06-24T09:29:57Z,
SES0005329,U00438,22/07/2023 16:27,2023-07-22 16:43:39,959
SES0005330,U00438,2023-09-16 00:56:15,2023-09-16 00:56:47,32
SES0005331,U00438,2023-11-03 07:28:20,2023-11-03 07:29:48,88
SES0005332,U00438,2023-10-19T20:17:48Z,2023-10-19 20:17:51,3
SES0005333,U00438,13/09/2023 13:33,13/09/2023 13:33,0
SES0005334,U00438,2023-10-28T12:14:45Z,28/10/2023 12:14,0
SES0005335,U00438,2023-05-22T22:41:46Z,2023-05-22T23:09:16Z,1650
SES0005336,U00438,2023-08-18 02:04:35,18/08/2023 02:07,204
SES0005337,U00438,2023-10-14T17:06:01Z,2023-10-14T17:06:19Z,18
SES0005338,U00438,2023-09-08 13:54:11,2023-09-08T13:56:42Z,151
SES0005339,U00438,2023-05-22 13:33:02,2023-05-22T13:40:07Z,425
SES0005340,U00438,30/09/2023 12:56,2023-09-30 13:03:22,421
SES0005341,U00438,2023-05-22T14:23:22Z,22/05/2023 14:54,1840
SES0005342,U00438,09/10/2023 16:18,2023-10-09T16:28:00Z,592
SES0005343,U00438,2023-06-24 06:26:11,24/06/2023 06:30,N/A
SES0005344,U00439,2024-06-14T23:09:58Z,2024-06-14T23:12:24Z,146
SES0005345,U00440,2023-06-05 04:24:19,05/06/2023 04:33,576
SES0005346,U00440,07/06/2023 05:54,07/06/2023 05:55,61
SES0005347,U00440,07/06/2023 22:33,2023-06-07T22:33:30Z,21
SES0005348,U00441,06/03/2024 12:58,2024-03-06 13:00:00,88
SES0005349,U00441,2024-02-22T07:11:07Z,22/02/2024 07:12,71
SES0005350,U00442,15/08/2023 20:57,15/08/2023 20:58,29
SES0005351,U00442,2023-08-18T07:03:39Z,2023-08-18T07:13:22Z,583
SES0005352,U00442,2023-08-23 01:29:19,23/08/2023 01:30,95
SES0005353,U00442,13/08/2023 16:22,13/08/2023 16:24,75
SES0005354,U00442,26/08/2023 15:13,26/08/2023 15:15,118
SES0005355,U00442,2023-08-15 11:00:24,15/08/2023 11:03,170
SES0005356,U00442,23/08/2023 04:04,2023-08-23T04:07:08Z,180
SES0005357,U00442,2023-08-23 03:57:34,23/08/2023 03:57,0
SES0005358,U00442,2023-08-17T10:52:41Z,2023-08-17T10:53:38Z,57
SES0005359,U00442,2023-08-15 09:00:58,2023-08-15T09:16:54Z,956
SES0005360,U00442,2023-08-21 22:33:32,21/08/2023 22:34,44
SES0005361,U00442,17/08/2023 21:59,2023-08-17 22:00:44,46
SES0005362,U00442,2023-08-24 06:39:54,2023-08-24T06:42:28Z,154
SES0005363,U00442,16/08/2023 23:58,2023-08-17 00:01:38,217
SES0005364,U00442,16/08/2023 04:04,2023-08-16T04:06:26Z,92
SES0005365,U00442,26/08/2023 11:26,2023-08-26T11:41:41Z,886
SES0005366,U00442,2023-08-20 09:54:04,20/08/2023 10:32,2279
SES0005367,U00442,2023-08-21T19:06:45Z,21/08/2023 20:25,4736
SES0005368,U00442,23/08/2023 12:31,23/08/2023 12:33,130
SES0005369,U00442,2023-08-18 03:48:40,2023-08-18T04:38:56Z,3016
SES0005370,U00442,2023-08-17 22:07:49,2023-08-17T22:10:13Z,144
SES0005371,U00442,2023-08-15 08:18:51,2023-08-15 08:22:10,199
SES0005372,U00442,2023-08-25 15:27:18,2023-08-25 15:27:37,19
SES0005373,U00442,2023-08-20T15:53:23Z,2023-08-20T15:55:31Z,128
SES0005374,U00442,2023-08-16T23:03:18Z,18/08/2023 21:51,168485
SES0005375,U00442,2023-08-13 15:56:27,2023-08-13 15:57:47,80
SES0005376,U00442,2023-08-21T13:29:31Z,2023-08-21 13:31:25,114
SES0005377,U00442,2023-08-13T22:10:09Z,13/08/2023 22:10,19
SES0005378,U00442,25/08/2023 00:34,2023-08-25T00:48:53Z,838
SES0005379,U00442,2023-08-21T20:40:02Z,2023-08-21 20:40:47,45
SES0005380,U00443,2023-12-22 23:38:29,2023-12-22T23:42:03Z,214
SES0005381,U00443,2024-02-06 17:22:37,2024-02-06T17:36:44Z,847
SES0005382,U00443,08/10/2023 03:39,2023-10-08T03:45:28Z,347
SES0005383,U00443,2024-02-20 19:55:49,2024-02-20 19:56:11,22
SES0005384,U00443,20/01/2024 21:37,20/01/2024 21:38,42
SES0005385,U00443,2023-10-11 08:19:45,2023-10-11 08:21:11,86
SES0005386,U00443,15/11/2023 04:02,2023-11-15T04:02:39Z,18
SES0005387,U00443,30/11/2023 20:48,2023-11-30T20:49:07Z,10
SES0005388,U00443,21/11/2023 23:25,2023-11-21 23:26:05,41
SES0005389,U00443,2024-03-19 00:32:52,19/03/2024 00:33,20
SES0005390,U00444,2023-03-08 22:31:01,2023-03-08 22:31:43,42
SES0005391,U00444,2023-03-07T12:12:27Z,07/03/2023 12:41,1723
SES0005392,U00444,2023-03-05 14:09:28,05/03/2023 14:12,169
SES0005393,U00444,2023-03-04T20:05:57Z,04/03/2023 20:06,56
SES0005394,U00444,2023-03-09T10:05:14Z,2023-03-09T10:07:59Z,165
SES0005395,U00444,05/03/2023 12:16,2023-03-05 12:20:47,231
SES0005396,U00444,2023-03-06T09:34:50Z,2023-03-06T09:43:06Z,496
SES0005397,U00444,09/03/2023 13:14,09/03/2023 13:15,N/A
SES0005398,U00444,04/03/2023 07:49,2023-03-04 07:56:01,372
SES0005399,U00444,2023-03-06 10:40:41,2023-03-06T10:41:36Z,55
SES0005400,U00445,2024-01-30T18:36:48Z,30/01/2024 18:38,88
SES0005401,U00445,2024-04-16 20:23:54,2024-04-16 20:27:07,193
SES0005402,U00445,01/03/2024 14:02,2024-03-01 14:07:40,311
SES0005403,U00445,07/04/2024 11:53,2024-04-07 11:54:29,70
SES0005404,U00445,2024-04-04 13:53:37,2024-04-04 13:54:28,51
SES0005405,U00445,2024-03-21 08:03:53,21/03/2024 08:12,505
SES0005406,U00445,2024-05-03T00:22:51Z,2024-05-03 00:23:39,48
SES0005407,U00445,2024-02-03T02:26:18Z,2024-02-03T02:52:19Z,1561
SES0005408,U00445,08/04/2024 16:27,08/04/2024 16:27,25
SES0005409,U00445,24/04/2024 15:52,24/04/2024 15:58,373
SES0005410,U00445,2024-05-05T04:16:20Z,2024-05-05T04:16:20Z,0
SES0005411,U00445,2024-02-24T07:30:44Z,2024-02-24T07:32:05Z,
SES0005412,U00445,11/03/2024 17:04,15/03/2024 00:30,285983
SES0005413,U00445,2024-05-10T00:27:22Z,10/05/2024 00:32,297
SES0005414,U00445,2024-01-15T16:30:31Z,15/01/2024 16:32,89
SES0005415,U00445,2024-01-09 04:20:34,2024-01-09 04:23:48,194
SES0005416,U00445,2024-06-08T03:46:07Z,2024-06-08 03:49:53,226
SES0005417,U00445,2024-03-29T18:16:43Z,2024-03-29 18:17:12,29
SES0005418,U00445,2024-03-22 21:41:56,2024-03-22T21:43:16Z,80
SES0005419,U00445,2024-05-20T11:02:01Z,20/05/2024 11:04,144
SES0005420,U00446,2024-03-16T16:39:04Z,16/03/2024 16:39,28
SES0005421,U00446,2024-03-14 06:49:55,2024-03-14 06:50:20,25
SES0005422,U00446,2024-03-16T23:02:00Z,2024-03-16T23:02:00Z,0
SES0005423,U00446,2024-03-17 20:02:30,2024-03-17 20:04:33,123
SES0005424,U00446,2024-03-24T05:05:53Z,2024-03-24T05:15:39Z,586
SES0005425,U00446,2024-03-12T02:39:34Z,2024-03-12 02:40:30,56
SES0005426,U00446,2024-03-17T14:30:57Z,17/03/2024 14:37,390
SES0005427,U00446,2024-03-23T05:33:56Z,2024-03-23 05:37:50,234
SES0005428,U00446,2024-03-15 02:14:30,2024-03-15 02:15:33,63
SES0005429,U00446,2024-03-13 15:53:25,13/03/2024 15:57,271
SES0005430,U00446,2024-03-17 03:45:45,2024-03-17T03:51:26Z,341
SES0005431,U00446,15/03/2024 10:35,15/03/2024 10:36,67
SES0005432,U00446,2024-03-15 02:21:21,2024-03-15T02:21:52Z,31
SES0005433,U00446,2024-03-20T10:44:04Z,20/03/2024 10:47,229
SES0005434,U00446,2024-03-14T20:00:38Z,2024-03-14 20:02:19,101
SES0005435,U00446,2024-03-19T20:03:54Z,19/03/2024 20:08,300
SES0005436,U00446,2024-03-20 01:06:50,2024-03-20T01:07:12Z,22
SES0005437,U00446,2024-03-23 18:32:37,2024-03-23T18:35:50Z,193
SES0005438,U00446,2024-03-14T06:19:12Z,2024-03-14 06:19:44,32
SES0005439,U00446,24/03/2024 00:15,2024-03-24T00:16:26Z,78
SES0005440,U00446,17/03/2024 19:28,2024-03-17T19:29:28Z,65
SES0005441,U00446,2024-03-16 11:41:37,2024-03-16 11:41:43,6
SES0005442,U00446,2024-03-16 16:22:48,16/03/2024 16:24,81
SES0005443,U00446,25/03/2024 08:46,2024-03-25 08:47:00,14
SES0005444,U00446,20/03/2024 23:00,20/03/2024 23:03,161
SES0005445,U00446,14/03/2024 01:26,2024-03-14 01:28:31,139
SES0005446,U00446,2024-03-23 05:04:05,2024-03-23 05:08:05,240
SES0005447,U00446,2024-03-23T11:24:30Z,2024-03-23 11:24:49,19
SES0005448,U00446,19/03/2024 19:30,2024-03-19 19:33:11,160
SES0005449,U00446,22/03/2024 09:50,22/03/2024 09:53,186
SES0005450,U00446,2024-03-13 11:24:04,2024-03-13T11:29:09Z,305
SES0005451,U00446,2024-03-18 08:43:03,2024-03-18T08:43:28Z,25
SES0005452,U00446,20/03/2024 08:17,2024-03-20T08:20:08Z,174
SES0005453,U00446,2024-03-19T09:14:18Z,2024-03-19 09:23:55,577
SES0005454,U00446,23/03/2024 05:13,2024-03-23 05:15:31,131
SES0005455,U00446,21/03/2024 12:31,2024-03-21T12:32:01Z,50
SES0005456,U00446,2024-03-22T19:09:42Z,2024-03-22 19:11:49,127
SES0005457,U00446,25/03/2024 20:59,2024-03-25 21:01:08,87
SES0005458,U00446,2024-03-20T00:55:26Z,2024-03-21 01:03:35,86889
SES0005459,U00446,2024-03-16T10:21:58Z,16/03/2024 10:52,1806
SES0005460,U00447,05/05/2024 18:47,2024-05-05T18:47:53Z,0
SES0005461,U00447,28/04/2024 01:20,2024-04-28 01:20:41,N/A
SES0005462,U00447,2024-05-02T10:50:01Z,02/05/2024 10:54,271
SES0005463,U00447,2024-05-06 16:48:34,06/05/2024 16:50,
SES0005464,U00447,2024-05-07 06:14:46,2024-05-07 06:50:38,2152
SES0005465,U00449,2023-02-22 01:05:48,2023-02-22 01:09:04,196
SES0005466,U00449,2023-02-23T08:53:07Z,23/02/2023 09:00,429
SES0005467,U00449,2023-11-03T03:00:17Z,2023-11-03T03:02:32Z,135
SES0005468,U00449,2023-07-28 06:22:42,28/07/2023 06:24,125
SES0005469,U00449,2023-06-23T02:25:46Z,2023-06-23T02:41:38Z,952
SES0005470,U00450,2023-03-24T13:19:35Z,2023-03-24 13:20:19,44
SES0005471,U00450,2023-03-27T23:44:14Z,2023-03-27 23:46:46,152
SES0005472,U00450,2023-03-24T09:24:41Z,2023-03-24T09:29:31Z,290
SES0005473,U00450,23/03/2023 00:58,2023-03-23 01:01:43,165
SES0005474,U00450,2023-03-27T02:36:42Z,2023-03-27 02:38:27,105
SES0005475,U00450,27/03/2023 19:25,2023-03-27T19:33:23Z,489
SES0005476,U00450,25/03/2023 07:34,2023-03-25T07:35:56Z,85
SES0005477,U00450,2023-03-23T00:43:47Z,2023-03-23T00:44:14Z,27
SES0005478,U00450,2023-03-24T23:56:37Z,24/03/2023 23:57,59
SES0005479,U00450,28/03/2023 07:24,2023-03-28 07:26:15,115
SES0005480,U00450,27/03/2023 09:35,27/03/2023 09:39,214
SES0005481,U00450,2023-03-23T02:14:24Z,2023-03-23T02:16:47Z,143
SES0005482,U00450,2023-03-28T11:18:58Z,2023-03-28 11:20:47,109
SES0005483,U00450,26/03/2023 17:44,26/03/2023 17:46,98
SES0005484,U00450,2023-03-27T03:15:16Z,2023-03-27T03:16:45Z,89
SES0005485,U00450,23/03/2023 00:25,23/03/2023 00:29,216
SES0005486,U00450,26/03/2023 09:46,2023-03-26 09:46:25,25
SES0005487,U00450,2023-03-25T21:38:40Z,2023-03-25 21:39:04,24
SES0005488,U00450,2023-03-22 19:02:14,2023-03-22T19:09:23Z,429
SES0005489,U00450,22/03/2023 13:56,2023-03-22 13:56:56,41
SES0005490,U00450,22/03/2023 22:21,2023-03-22T22:22:18Z,58
SES0005491,U00450,25/03/2023 11:42,25/03/2023 11:48,373
SES0005492,U00450,2023-03-25T14:19:31Z,25/03/2023 14:21,144
SES0005493,U00450,26/03/2023 10:29,2023-03-26T10:29:31Z,20
SES0005494,U00450,26/03/2023 21:03,26/03/2023 21:03,27
SES0005495,U00450,2023-03-25 18:17:10,25/03/2023 18:18,52
SES0005496,U00450,2023-03-24T00:48:01Z,24/03/2023 00:52,247
SES0005497,U00450,2023-03-27 16:43:29,27/03/2023 16:55,693
SES0005498,U00450,23/03/2023 17:04,2023-03-23 17:05:02,35
SES0005499,U00450,2023-03-23T13:02:20Z,23/03/2023 13:22,1208
SES0005500,U00452,24/05/2024 20:13,2024-05-24T20:17:32Z,242
SES0005501,U00453,2023-08-12 14:52:43,2023-08-12T15:04:44Z,721
SES0005502,U00453,2023-08-11 10:28:42,2023-08-11T10:30:00Z,78
SES0005503,U00453,2023-08-12 18:29:23,12/08/2023 18:41,720
SES0005504,U00453,12/08/2023 13:47,2023-08-12T13:49:21Z,110
SES0005505,U00453,2023-08-11 11:48:55,2023-08-11 11:55:39,404
SES0005506,U00454,06/06/2024 05:14,06/06/2024 05:18,190
SES0005507,U00454,2024-05-24T03:50:42Z,2024-05-24T03:52:26Z,104
SES0005508,U00454,2024-06-03T14:07:50Z,2024-06-03 14:13:34,344
SES0005509,U00454,2024-06-27 14:53:15,2024-06-27 15:20:29,1634
SES0005510,U00454,2024-06-29T23:58:44Z,30/06/2024 00:01,146
SES0005511,U00454,2024-06-02 06:57:52,02/06/2024 06:58,61
SES0005512,U00454,10/06/2024 07:15,2024-06-10 07:17:43,139
SES0005513,U00454,2024-05-29T17:15:26Z,2024-05-29 17:16:09,43
SES0005514,U00454,2024-06-02T15:29:21Z,2024-06-02T15:30:48Z,87
SES0005515,U00454,02/06/2024 12:38,2024-06-02T12:39:50Z,68
SES0005516,U00455,2023-09-25T09:13:55Z,2023-09-25T09:14:26Z,31
SES0005517,U00455,2023-10-10 22:28:36,10/10/2023 22:32,234
SES0005518,U00455,2023-10-22 09:28:17,2023-10-22T09:31:44Z,207
SES0005519,U00455,2023-06-29 19:01:00,2023-06-29T19:06:26Z,N/A
SES0005520,U00455,01/07/2023 18:14,01/07/2023 18:15,105
SES0005521,U00455,2023-10-14T12:52:08Z,2023-10-14T12:57:07Z,299
SES0005522,U00455,2023-08-15 22:58:46,15/08/2023 23:12,811
SES0005523,U00455,2023-08-29T11:54:19Z,2023-08-29 11:55:06,47
SES0005524,U00455,2023-08-21 15:36:13,21/08/2023 15:38,163
SES0005525,U00455,2023-07-21T01:26:24Z,2023-07-21T01:27:38Z,74
SES0005526,U00455,14/09/2023 11:52,2023-09-14 11:53:03,9
SES0005527,U00455,2023-07-27 05:37:01,2023-07-27 05:40:16,195
SES0005528,U00455,2023-07-28T01:56:19Z,28/07/2023 01:57,
SES0005529,U00455,2023-06-08 23:45:11,08/06/2023 23:49,261
SES0005530,U00455,2023-06-24 09:24:14,2023-06-24 09:29:34,320
SES0005531,U00455,2023-08-14 08:51:30,14/08/2023 08:51,6
SES0005532,U00455,30/08/2023 15:40,30/08/2023 15:40,0
SES0005533,U00455,31/08/2023 14:55,31/08/2023 15:07,738
SES0005534,U00455,2023-08-09 08:14:06,2023-08-09 08:16:56,170
SES0005535,U00455,2023-05-21 11:54:15,21/05/2023 11:55,N/A
SES0005536,U00455,28/07/2023 16:08,2023-07-28 16:08:49,28
SES0005537,U00455,2023-11-03 10:30:53,03/11/2023 10:34,230
SES0005538,U00455,2023-10-27T12:11:11Z,2023-10-27 12:12:45,94
SES0005539,U00455,2023-10-25 07:25:56,25/10/2023 07:26,22
SES0005540,U00455,05/06/2023 02:04,05/06/2023 02:17,777
SES0005541,U00455,12/09/2023 11:48,2023-09-12T11:54:32Z,385
SES0005542,U00455,16/06/2023 09:17,2023-06-18 18:26:44,
SES0005543,U00455,2023-10-09 05:59:07,2023-10-09 06:07:17,490
SES0005544,U00455,2023-09-29 19:06:30,2023-09-29T19:07:13Z,43
SES0005545,U00455,01/10/2023 14:13,2023-10-01 14:17:45,264
SES0005546,U00455,2023-08-09T18:17:12Z,2023-08-09T18:23:13Z,361
SES0005547,U00455,2023-06-27 03:51:12,2023-06-27 03:55:23,251
SES0005548,U00455,2023-07-27T06:32:35Z,27/07/2023 06:34,123
SES0005549,U00455,2023-09-26T07:46:33Z,26/09/2023 07:53,387
SES0005550,U00455,28/10/2023 20:39,2023-10-28 20:40:45,102
SES0005551,U00455,13/06/2023 02:38,13/06/2023 02:48,593
SES0005552,U00455,2023-10-15 14:23:42,2023-10-15 14:31:17,455
SES0005553,U00455,01/07/2023 07:25,2023-07-01T07:25:42Z,12
SES0005554,U00455,2023-06-30 03:15:11,30/06/2023 03:21,398
SES0005555,U00455,2023-10-03 19:22:16,03/10/2023 19:26,238
SES0005556,U00457,2023-12-20 09:51:11,2023-12-20 09:52:54,103
SES0005557,U00457,24/02/2024 16:32,24/02/2024 16:33,43
SES0005558,U00457,03/01/2024 19:21,2024-01-03T19:24:14Z,155
SES0005559,U00457,10/12/2023 09:01,2023-12-10 09:02:32,52
SES0005560,U00457,2023-10-15 23:51:57,2023-10-15 23:54:00,123
SES0005561,U00457,09/03/2024 14:38,2024-03-09 14:38:38,28
SES0005562,U00457,06/02/2024 08:42,2024-02-06 08:46:36,273
SES0005563,U00457,2023-11-15 14:27:35,2023-11-15 14:30:28,173
SES0005564,U00457,2024-02-01 21:45:12,01/02/2024 21:45,18
SES0005565,U00457,2024-01-25T02:38:36Z,2024-01-25 02:51:57,801
SES0005566,U00457,2023-12-13 11:44:29,13/12/2023 11:52,477
SES0005567,U00457,22/12/2023 11:07,22/12/2023 11:09,72
SES0005568,U00457,2023-11-15T15:56:17Z,2023-11-15 16:05:45,568
SES0005569,U00457,2023-10-23T12:45:23Z,23/10/2023 12:48,167
SES0005570,U00457,03/02/2024 21:17,03/02/2024 21:20,170
SES0005571,U00457,2024-02-22T13:24:02Z,22/02/2024 13:26,118
SES0005572,U00457,2023-12-26 08:45:39,26/12/2023 08:52,419
SES0005573,U00457,2023-12-08T11:10:15Z,2023-12-08 11:15:02,287
SES0005574,U00457,2023-11-22 12:40:36,2023-11-22 12:42:36,N/A
SES0005575,U00457,2023-09-25 11:27:30,2023-09-25T11:28:51Z,81
SES0005576,U00457,2023-09-23 10:14:03,2023-09-23T10:17:28Z,205
SES0005577,U00457,2024-01-01 11:49:49,01/01/2024 11:49,N/A
SES0005578,U00457,11/10/2023 20:01,2023-10-11T20:04:19Z,168
SES0005579,U00457,01/01/2024 11:47,2024-01-01 11:48:08,33
SES0005580,U00457,19/01/2024 13:44,19/01/2024 13:49,307
SES0005581,U00457,30/09/2023 04:41,2023-09-30 04:43:30,118
SES0005582,U00457,20/12/2023 16:30,2023-12-20T16:40:54Z,629
SES0005583,U00457,22/12/2023 16:34,2023-12-22 16:34:57,0
SES0005584,U00457,2023-12-06 00:01:28,2023-12-06T00:04:59Z,211
SES0005585,U00457,2024-03-03 11:07:13,2024-03-03T11:10:52Z,219
SES0005586,U00457,2023-10-29 14:05:00,2023-10-29 14:05:02,2
SES0005587,U00457,19/01/2024 21:05,19/01/2024 21:18,800
SES0005588,U00457,2024-02-25 15:29:07,25/02/2024 15:31,164
SES0005589,U00457,2024-02-03 18:28:24,2024-02-03T18:31:44Z,
SES0005590,U00457,2023-09-30T14:03:03Z,2023-09-30T14:06:11Z,188
SES0005591,U00457,01/10/2023 02:40,2023-10-01T02:44:12Z,248
SES0005592,U00457,31/01/2024 16:27,31/01/2024 16:30,172
SES0005593,U00457,2024-03-08T11:27:47Z,2024-03-08 11:28:11,24
SES0005594,U00457,28/12/2023 05:37,2023-12-28 05:42:40,301
SES0005595,U00457,2024-01-09T00:46:17Z,2024-01-09 00:53:12,415
SES0005596,U00458,08/04/2023 14:17,2023-04-08T14:18:59Z,77
SES0005597,U00458,2023-04-09T15:49:01Z,2023-04-09 15:49:13,12
SES0005598,U00458,2023-04-18T16:07:38Z,2023-04-18 16:09:40,122
SES0005599,U00458,2023-04-14T21:58:40Z,17/04/2023 09:25,213990
SES0005600,U00458,2023-04-26T17:26:20Z,2023-04-26T17:26:33Z,
SES0005601,U00458,2023-04-03T19:32:11Z,2023-04-03T19:32:50Z,39
SES0005602,U00458,07/04/2023 01:01,07/04/2023 01:10,525
SES0005603,U00458,2023-04-01 11:54:49,2023-04-01 12:03:09,N/A
SES0005604,U00458,04/04/2023 11:50,04/04/2023 12:00,631
SES0005605,U00458,20/04/2023 14:21,20/04/2023 14:25,209
SES0005606,U00458,2023-04-18 23:41:47,18/04/2023 23:42,41
SES0005607,U00458,05/04/2023 13:50,2023-04-05 13:53:25,149
SES0005608,U00458,2023-04-06 09:15:41,2023-04-06 09:20:30,289
SES0005609,U00458,2023-04-19 11:56:46,19/04/2023 11:56,0
SES0005610,U00458,2023-04-25T17:01:53Z,2023-04-25 17:12:18,625
SES0005611,U00458,2023-04-20 16:19:52,20/04/2023 16:21,78
SES0005612,U00458,2023-04-07T04:12:01Z,07/04/2023 04:12,25
SES0005613,U00458,2023-04-27 09:43:52,2023-04-27 09:46:34,162
SES0005614,U00458,2023-04-27 14:51:53,2023-04-27 14:57:01,308
SES0005615,U00458,02/04/2023 04:19,02/04/2023 04:21,92
SES0005616,U00458,2023-04-27T06:06:18Z,2023-04-30T03:31:59Z,249941
SES0005617,U00458,2023-04-24T21:27:31Z,2023-04-24 21:29:01,90
SES0005618,U00458,2023-04-23T23:16:40Z,2023-04-23 23:16:48,8
SES0005619,U00458,2023-04-25 00:11:20,25/04/2023 00:13,
SES0005620,U00458,2023-04-24T14:34:54Z,2023-04-24 14:36:15,81
SES0005621,U00458,01/04/2023 12:46,2023-04-01T12:51:32Z,318
SES0005622,U00458,2023-04-28 01:18:18,2023-04-28 01:25:48,450
SES0005623,U00458,2023-04-04 14:04:45,04/04/2023 14:05,29
SES0005624,U00458,2023-04-10 17:50:25,10/04/2023 17:50,21
SES0005625,U00458,22/04/2023 19:47,2023-04-22T19:48:08Z,
SES0005626,U00458,2023-04-01 17:07:47,2023-04-01 17:12:14,267
SES0005627,U00458,06/04/2023 06:49,06/04/2023 06:50,44
SES0005628,U00458,2023-04-14T09:55:36Z,2023-04-14 09:56:12,36
SES0005629,U00458,2023-04-19T18:21:33Z,2023-04-19 18:23:12,99
SES0005630,U00458,23/04/2023 14:45,2023-04-23T14:46:52Z,
SES0005631,U00458,06/04/2023 00:41,2023-04-06T00:41:52Z,27
SES0005632,U00458,2023-04-03T22:46:46Z,2023-04-03 22:48:33,107
SES0005633,U00458,03/04/2023 12:58,2023-04-03T13:04:21Z,329
SES0005634,U00458,2023-04-21 23:29:17,2023-04-21 23:48:38,1161
SES0005635,U00458,11/04/2023 21:08,2023-04-11T21:09:05Z,46
SES0005636,U00458,2023-04-10T04:02:08Z,2023-04-10 04:05:40,212
SES0005637,U00458,2023-04-18T08:04:13Z,18/04/2023 08:14,595
SES0005638,U00458,2023-04-02T14:33:14Z,2023-04-02T14:36:44Z,210
SES0005639,U00458,2023-04-24 14:03:37,2023-04-24T14:03:50Z,13
SES0005640,U00458,2023-04-03T01:05:43Z,2023-04-03 01:06:36,53
SES0005641,U00458,2023-04-01T18:01:22Z,01/04/2023 18:43,2511
SES0005642,U00458,2023-04-09T23:02:44Z,2023-04-09 23:05:22,158
SES0005643,U00458,19/04/2023 06:14,2023-04-19 06:15:13,
SES0005644,U00458,2023-04-17 23:29:29,2023-04-17T23:29:37Z,8
SES0005645,U00458,02/04/2023 09:16,02/04/2023 09:17,47
SES0005646,U00458,2023-04-25T06:07:50Z,25/04/2023 06:08,12
SES0005647,U00458,2023-04-18 05:59:05,2023-04-18 05:59:22,17
SES0005648,U00458,01/04/2023 23:46,2023-04-01T23:47:43Z,68
SES0005649,U00458,2023-04-27T21:38:24Z,27/04/2023 21:40,109
SES0005650,U00458,26/04/2023 13:10,2023-04-26T13:10:31Z,0
SES0005651,U00458,2023-04-19 01:00:02,19/04/2023 01:07,457
SES0005652,U00458,2023-04-06T18:04:32Z,2023-04-06 18:06:08,96
SES0005653,U00458,2023-04-12T07:40:41Z,12/04/2023 07:44,251
SES0005654,U00458,2023-04-04 02:32:38,2023-04-04 02:33:48,70
SES0005655,U00458,2023-04-26T14:19:04Z,2023-04-26 14:20:37,93
SES0005656,U00458,2023-04-26 12:56:58,2023-04-26 12:57:35,37
SES0005657,U00458,2023-04-27 16:04:02,2023-04-27 16:12:49,527
SES0005658,U00458,19/04/2023 02:26,19/04/2023 02:30,223
SES0005659,U00458,2023-04-19T02:35:42Z,19/04/2023 02:35,0
SES0005660,U00458,2023-04-25 22:08:21,2023-04-25T22:08:43Z,22
SES0005661,U00458,2023-04-01T16:44:02Z,01/04/2023 16:45,99
SES0005662,U00458,2023-04-11T00:55:51Z,2023-04-11T00:56:35Z,44
SES0005663,U00458,2023-04-21 06:45:29,21/04/2023 06:46,74
SES0005664,U00458,2023-04-26 06:21:49,2023-04-26 06:23:35,106
SES0005665,U00458,2023-04-08 23:25:58,08/04/2023 23:26,33
SES0005666,U00458,23/04/2023 06:37,23/04/2023 06:40,192
SES0005667,U00458,2023-04-20T11:00:16Z,2023-04-20T11:04:07Z,231
SES0005668,U00458,2023-04-28T08:46:57Z,2023-04-28 08:49:03,N/A
SES0005669,U00458,14/04/2023 11:17,2023-04-14T11:19:52Z,138
SES0005670,U00458,2023-03-30 16:23:42,2023-03-30 16:25:36,114
SES0005671,U00458,2023-03-31 17:22:15,2023-03-31 17:22:34,19
SES0005672,U00458,2023-04-17T19:12:45Z,17/04/2023 19:13,37
SES0005673,U00458,26/04/2023 07:56,2023-04-26 08:12:52,996
SES0005674,U00458,2023-04-19 09:53:24,2023-04-19T09:54:11Z,47
SES0005675,U00458,20/04/2023 08:12,2023-04-20 08:23:02,635
SES0005676,U00460,2023-10-08 22:35:51,2023-10-08 22:42:07,376
SES0005677,U00460,2023-08-28 18:38:31,28/08/2023 18:38,N/A
SES0005678,U00460,2023-07-14 12:26:02,2023-07-14T12:26:38Z,36
SES0005679,U00460,2023-11-11T21:11:54Z,11/11/2023 21:12,62
SES0005680,U00460,03/06/2023 19:32,2023-06-03 19:33:31,67
SES0005681,U00460,2023-06-26T14:14:26Z,2023-06-26T14:21:08Z,
SES0005682,U00460,2023-11-14T08:21:41Z,2023-11-14T08:39:13Z,1052
SES0005683,U00460,15/11/2023 16:07,2023-11-15T16:23:40Z,999
SES0005684,U00460,2023-09-08T06:03:41Z,2023-09-08T06:04:02Z,21
SES0005685,U00460,2023-09-22 06:22:11,2023-09-22 06:22:56,45
SES0005685,U00460,2023-09-22 06:22:11,2023-09-22 06:22:56,45
SES0005686,U00463,16/10/2023 02:40,2023-10-16 02:40:38,10
SES0005687,U00463,2023-08-31T16:44:06Z,31/08/2023 16:47,202
SES0005688,U00463,06/04/2023 15:50,06/04/2023 16:31,2504
SES0005689,U00463,31/03/2023 05:19,2023-03-31T05:20:08Z,39
SES0005690,U00463,2023-09-03T05:40:50Z,2023-09-03T05:44:47Z,237
SES0005691,U00463,2023-06-14T17:03:44Z,14/06/2023 17:03,10
SES0005692,U00463,2023-07-29 14:55:48,2023-07-29T14:57:29Z,101
SES0005693,U00463,17/01/2023 01:23,2023-01-17 01:25:44,106
SES0005694,U00463,2023-09-03T23:20:39Z,2023-09-03T23:22:12Z,93
SES0005695,U00463,28/01/2023 05:39,2023-01-28T05:40:02Z,45
SES0005696,U00463,2023-05-19 13:06:35,19/05/2023 13:07,53
SES0005697,U00463,2023-05-13 04:45:01,13/05/2023 04:51,398
SES0005698,U00463,13/08/2023 12:27,2023-08-13T12:28:57Z,69
SES0005699,U00463,27/07/2023 15:45,2023-07-27T15:45:54Z,48
SES0005700,U00463,2023-07-14T16:52:25Z,2023-07-14 16:54:16,111
SES0005701,U00463,2023-06-17T05:50:19Z,2023-06-17 05:52:27,128
SES0005702,U00463,2023-04-29T10:10:28Z,2023-04-29T10:19:13Z,525
SES0005703,U00463,2023-05-31 14:36:51,31/05/2023 14:37,45
SES0005704,U00463,2023-08-11 12:19:29,11/08/2023 12:29,617
SES0005705,U00463,2023-11-01T14:55:43Z,01/11/2023 14:56,55
SES0005706,U00463,27/01/2023 12:53,2023-01-27T12:53:55Z,40
SES0005707,U00463,2023-09-05T06:17:31Z,2023-09-05T06:18:18Z,47
SES0005708,U00463,14/02/2023 18:21,2023-02-14T18:22:26Z,41
SES0005709,U00463,2023-09-17 08:25:49,2023-09-17T08:36:04Z,615
SES0005710,U00463,06/02/2023 21:11,06/02/2023 21:17,372
SES0005711,U00463,12/02/2023 00:40,12/02/2023 00:41,
SES0005712,U00463,2023-11-15 20:29:29,15/11/2023 20:30,35
SES0005713,U00463,2023-01-22T06:33:13Z,2023-01-22 06:36:08,175
SES0005714,U00463,2023-05-11T06:31:10Z,2023-05-11 06:36:08,298
SES0005715,U00463,01/01/2024 19:58,2024-01-01 19:58:46,16
SES0005716,U00463,18/05/2023 02:44,18/05/2023 02:45,75
SES0005717,U00463,2023-10-05 15:09:52,2023-10-05T15:10:13Z,21
SES0005718,U00463,2023-01-09 08:54:04,2023-01-09T09:00:02Z,358
SES0005719,U00463,2023-02-23 05:18:55,23/02/2023 05:22,198
SES0005720,U00463,2023-05-31T11:35:08Z,2023-05-31 11:42:03,415
SES0005721,U00463,2023-09-15T17:35:02Z,15/09/2023 17:36,81
SES0005722,U00463,23/07/2023 21:24,2023-07-23T21:29:18Z,263
SES0005723,U00463,2023-12-14 12:40:00,2023-12-14 12:42:29,149
SES0005724,U00463,15/07/2023 20:15,2023-07-15T20:16:47Z,62
SES0005725,U00463,2023-01-20T21:04:34Z,2023-01-20T21:05:29Z,55
SES0005726,U00464,28/09/2023 10:43,28/09/2023 10:55,720
SES0005727,U00464,2023-08-01 16:36:51,2023-08-01 16:43:41,410
SES0005728,U00464,2023-09-27 08:43:08,2023-09-27T08:49:54Z,406
SES0005729,U00464,2023-10-18T00:28:04Z,2023-10-18T00:31:31Z,207
SES0005730,U00464,2023-09-28 21:24:25,28/09/2023 21:26,N/A
SES0005731,U00464,2023-08-23 00:57:18,2023-08-23T01:11:40Z,862
SES0005732,U00464,07/09/2023 17:17,07/09/2023 17:22,327
SES0005733,U00464,13/10/2023 07:55,13/10/2023 08:04,553
SES0005734,U00464,27/08/2023 23:16,2023-08-27T23:20:47Z,232
SES0005735,U00464,2023-10-17 13:08:51,2023-10-17T13:16:32Z,461
SES0005736,U00464,2023-08-28 09:01:52,28/08/2023 09:07,355
SES0005737,U00464,2023-10-18 12:53:34,2023-10-18 13:02:20,526
SES0005738,U00464,2023-08-20 14:32:45,20/08/2023 14:33,23
SES0005739,U00464,2023-09-06T20:02:10Z,06/09/2023 20:04,139
SES0005740,U00464,2023-10-08 01:14:21,08/10/2023 01:14,26
SES0005741,U00464,2023-09-30T16:02:13Z,30/09/2023 16:02,29
SES0005742,U00464,2023-09-01 02:32:30,01/09/2023 02:32,25
SES0005743,U00464,15/10/2023 08:34,2023-10-15T09:00:30Z,1535
SES0005744,U00464,01/08/2023 23:02,2023-08-01T23:03:21Z,71
SES0005745,U00464,2023-08-25T06:27:03Z,25/08/2023 06:27,53
SES0005746,U00464,2023-08-18 06:07:26,18/08/2023 06:13,377
SES0005747,U00464,2023-09-23 12:57:07,23/09/2023 14:38,6095
SES0005748,U00464,11/08/2023 07:03,11/08/2023 07:04,98
SES0005749,U00464,18/08/2023 12:48,2023-08-18T12:48:03Z,0
SES0005750,U00464,08/09/2023 08:01,2023-09-08 08:03:39,102
SES0005751,U00464,30/08/2023 21:58,2023-08-30 22:00:08,85
SES0005752,U00464,2023-08-06 20:52:20,2023-08-06 20:54:39,139
SES0005753,U00464,2023-10-05 17:03:23,2023-10-05T17:05:44Z,141
SES0005754,U00464,2023-10-13 22:30:15,13/10/2023 22:30,N/A
SES0005755,U00464,2023-08-16T11:09:47Z,2023-08-16T11:27:41Z,
SES0005756,U00465,28/06/2024 05:08,28/06/2024 05:09,31
SES0005757,U00465,2024-06-27T14:20:25Z,27/06/2024 14:25,318
SES0005758,U00465,2024-06-26 01:51:32,2024-06-26 01:53:15,103
SES0005759,U00466,12/05/2023 21:12,2023-05-12 21:13:50,92
SES0005760,U00466,2023-05-28 18:31:31,28/05/2023 18:31,10
SES0005761,U00466,2023-06-09T21:40:39Z,2023-06-09 21:48:01,442
SES0005762,U00467,2024-06-23T06:44:28Z,2024-06-23 06:45:29,61
SES0005763,U00468,2024-04-22T10:24:06Z,22/04/2024 10:25,69
SES0005764,U00468,2024-04-22 15:47:51,22/04/2024 15:50,
SES0005765,U00468,22/04/2024 03:09,22/04/2024 03:12,162
SES0005766,U00468,2024-04-22T01:31:05Z,2024-04-22 01:31:44,39
SES0005767,U00468,2024-04-22T04:37:32Z,22/04/2024 04:38,53
SES0005768,U00469,2024-04-17T16:35:27Z,2024-04-17T16:38:06Z,159
SES0005769,U00469,2024-04-18 21:23:24,2024-04-18 21:24:15,51
SES0005770,U00469,2024-04-19 23:46:43,19/04/2024 23:51,262
SES0005771,U00469,19/04/2024 08:40,19/04/2024 08:42,107
SES0005772,U00469,2024-04-21T13:42:39Z,2024-04-21T13:45:10Z,151
SES0005773,U00469,2024-04-15T18:10:47Z,2024-04-15T18:11:54Z,67
SES0005774,U00469,2024-04-19 05:46:36,2024-04-19 05:47:22,46
SES0005775,U00469,2024-04-15T15:55:16Z,15/04/2024 15:56,51
SES0005776,U00469,2024-04-20 02:12:40,2024-04-20T02:21:21Z,521
SES0005777,U00469,2024-04-21 06:40:42,2024-04-21T06:44:17Z,215
SES0005778,U00470,2024-02-24T16:21:26Z,2024-02-24T16:29:18Z,472
SES0005779,U00470,2024-03-19T03:18:28Z,2024-03-19 03:20:04,N/A
SES0005780,U00471,2024-06-18 23:09:28,18/06/2024 23:11,101
SES0005781,U00471,2024-06-15T21:20:17Z,15/06/2024 21:32,729
SES0005782,U00471,2024-06-19 05:31:18,2024-06-19 05:32:04,46
SES0005783,U00471,18/06/2024 11:15,18/06/2024 11:17,136
SES0005784,U00471,16/06/2024 00:14,16/06/2024 00:16,N/A
SES0005785,U00471,2024-06-15 18:37:48,2024-06-15 18:38:47,59
SES0005786,U00471,14/06/2024 10:51,2024-06-14 10:51:35,34
SES0005787,U00471,17/06/2024 18:59,2024-06-17T19:02:00Z,158
SES0005788,U00471,2024-06-19 17:06:20,2024-06-19T17:08:53Z,153
SES0005789,U00471,2024-06-18T19:19:29Z,2024-06-18 19:19:29,0
SES0005790,U00471,2024-06-19 08:49:06,19/06/2024 08:52,186
SES0005791,U00471,2024-06-19 09:08:13,2024-06-19 09:11:46,213
SES0005792,U00471,2024-06-16T06:15:51Z,16/06/2024 06:16,57
SES0005793,U00471,2024-06-19 14:15:59,19/06/2024 14:17,64
SES0005794,U00471,2024-06-20T12:56:07Z,2024-06-20T12:57:53Z,106
SES0005795,U00471,2024-06-16T18:14:34Z,2024-06-16T18:14:34Z,0
SES0005796,U00471,2024-06-14T18:00:59Z,2024-06-14T18:00:59Z,0
SES0005797,U00471,2024-06-14T18:56:38Z,2024-06-14 18:58:55,137
SES0005798,U00471,2024-06-14 19:19:03,2024-06-14 19:26:30,447
SES0005799,U00471,16/06/2024 08:03,16/06/2024 08:03,16
SES0005800,U00471,2024-06-14 14:46:11,2024-06-14 14:50:49,278
SES0005801,U00471,2024-06-15 09:06:02,2024-06-15 09:13:07,425
SES0005802,U00471,16/06/2024 09:24,16/06/2024 09:32,459
SES0005803,U00471,2024-06-17T07:02:31Z,2024-06-17 07:02:31,0
SES0005804,U00471,2024-06-16T22:17:26Z,16/06/2024 22:18,64
SES0005805,U00471,2024-06-14 01:52:08,2024-06-14T01:53:05Z,57
SES0005806,U00471,2024-06-20 04:51:16,2024-06-20 04:54:01,165
SES0005807,U00471,2024-06-15 00:32:34,2024-06-15 00:44:06,692
SES0005808,U00471,19/06/2024 10:07,19/06/2024 10:07,11
SES0005809,U00471,2024-06-18T17:15:17Z,18/06/2024 17:29,878
SES0005810,U00472,2024-04-18 04:30:34,2024-04-18T04:37:44Z,430
SES0005811,U00472,2024-02-27T15:19:20Z,2024-02-27 15:21:19,119
SES0005812,U00472,2024-05-26T07:40:04Z,2024-05-26 07:42:05,121
SES0005813,U00472,2024-03-07T08:02:12Z,07/03/2024 08:04,115
SES0005814,U00472,2024-06-18T14:54:30Z,18/06/2024 14:56,145
SES0005815,U00472,2024-03-02T18:18:54Z,2024-03-02 18:19:37,43
SES0005816,U00472,2024-03-24T10:51:40Z,2024-03-24 10:51:54,14
SES0005817,U00472,2024-06-01T11:36:26Z,2024-06-01 11:36:46,20
SES0005818,U00472,2024-03-25T22:59:54Z,25/03/2024 23:00,23
SES0005819,U00472,05/04/2024 12:20,2024-04-05T12:20:46Z,23
SES0005820,U00472,2024-05-19 20:24:08,2024-05-19 20:28:09,241
SES0005821,U00472,2024-06-26 23:13:53,2024-06-26T23:15:58Z,125
SES0005822,U00472,2024-06-24 20:56:10,2024-06-24 20:57:54,104
SES0005823,U00472,2024-03-04 07:13:09,2024-03-04T07:15:17Z,128
SES0005824,U00472,2024-05-24T13:46:52Z,2024-05-24 13:50:01,189
SES0005825,U00472,25/03/2024 21:55,2024-03-25 21:59:17,217
SES0005826,U00472,2024-03-07 16:56:17,2024-03-07T16:58:33Z,
SES0005827,U00472,04/04/2024 10:00,2024-04-04 10:10:20,561
SES0005828,U00472,2024-03-02 00:06:06,2024-03-02T00:15:35Z,569
SES0005829,U00472,2024-04-30 16:15:52,2024-04-30T16:25:48Z,N/A
SES0005830,U00473,2023-02-25T17:19:54Z,2023-02-25T17:27:06Z,
SES0005831,U00474,2024-05-06T12:50:40Z,06/05/2024 12:55,319
SES0005832,U00474,15/06/2024 15:24,2024-06-15 15:26:42,130
SES0005833,U00474,2024-05-29T18:07:15Z,2024-05-29T18:11:02Z,227
SES0005834,U00474,2024-04-08 17:17:06,08/04/2024 17:20,225
SES0005835,U00474,2024-05-09T11:43:55Z,2024-05-09T11:43:55Z,0
SES0005836,U00474,2024-03-27 04:28:54,27/03/2024 04:34,316
SES0005837,U00474,2024-04-14T19:21:24Z,14/04/2024 19:25,243
SES0005838,U00474,2024-06-21 13:55:27,21/06/2024 13:56,65
SES0005839,U00474,2024-04-28 17:53:19,2024-04-28T17:57:43Z,264
SES0005840,U00474,2024-05-27T08:04:44Z,2024-05-27T08:07:05Z,141
SES0005841,U00474,2024-06-03 01:42:45,2024-06-03 01:44:06,81
SES0005842,U00474,2024-04-10T13:13:24Z,2024-04-13T10:07:05Z,248021
SES0005843,U00474,21/04/2024 23:24,2024-04-21T23:25:58Z,109
SES0005844,U00474,2024-04-17 05:12:17,2024-04-17T05:13:40Z,83
SES0005845,U00474,12/04/2024 10:05,2024-04-12T10:06:16Z,75
SES0005846,U00474,2024-04-22 12:54:23,22/04/2024 13:09,910
SES0005847,U00474,16/06/2024 12:31,2024-06-16 12:31:34,25
SES0005848,U00474,2024-06-18T17:57:24Z,18/06/2024 17:58,40
SES0005849,U00474,2024-05-02T04:50:24Z,02/05/2024 04:51,44
SES0005850,U00474,2024-06-19T13:42:56Z,2024-06-19T13:44:07Z,71
SES0005851,U00474,16/05/2024 16:36,16/05/2024 16:36,15
SES0005852,U00474,2024-06-22 08:33:10,2024-06-22T08:35:03Z,113
SES0005853,U00474,2024-05-23 08:38:06,2024-05-23T08:43:00Z,294
SES0005854,U00474,2024-06-13 21:54:37,2024-06-13 21:55:52,75
SES0005855,U00474,2024-04-10T20:56:00Z,10/04/2024 20:58,173
SES0005856,U00474,2024-05-09T23:43:44Z,2024-05-09 23:44:55,71
SES0005857,U00474,2024-06-16 08:00:21,16/06/2024 08:01,53
SES0005858,U00474,15/04/2024 06:33,15/04/2024 06:35,134
SES0005859,U00474,31/05/2024 19:28,2024-05-31T19:28:57Z,24
SES0005860,U00474,2024-05-31T18:45:19Z,2024-05-31T18:46:17Z,58
SES0005861,U00474,2024-04-14T19:36:20Z,2024-04-14T19:36:43Z,23
SES0005862,U00474,2024-05-09T22:34:51Z,09/05/2024 22:35,43
SES0005863,U00474,2024-03-23T20:57:25Z,2024-03-23 20:58:52,87
SES0005864,U00474,2024-05-16T12:55:30Z,2024-05-16 12:56:01,31
SES0005865,U00474,2024-03-24 10:39:06,2024-03-24T10:39:36Z,30
SES0005866,U00474,2024-04-14T17:27:24Z,2024-04-14T17:30:24Z,180
SES0005867,U00474,2024-05-27T17:04:34Z,2024-05-27 17:09:28,294
SES0005868,U00474,2024-04-16 22:48:45,16/04/2024 22:55,388
SES0005869,U00474,2024-06-20 02:01:07,2024-06-20 02:06:30,323
SES0005870,U00474,2024-06-19 14:06:05,2024-06-19T14:07:14Z,69
SES0005871,U00476,2024-03-31T12:16:03Z,2024-03-31T12:24:05Z,482
SES0005872,U00476,2024-05-27 18:13:01,2024-05-27T18:15:48Z,167
SES0005873,U00476,2024-05-31T21:56:56Z,2024-05-31T21:57:12Z,16
SES0005874,U00476,2024-06-17T16:58:38Z,2024-06-17 17:02:02,204
SES0005875,U00476,29/04/2024 09:44,2024-04-29 09:53:53,587
SES0005876,U00476,19/06/2024 02:30,2024-06-19 02:31:51,69
SES0005877,U00476,2024-05-19T11:59:52Z,19/05/2024 12:00,35
SES0005878,U00476,2024-06-24T17:29:17Z,2024-06-24T17:33:16Z,239
SES0005879,U00476,22/06/2024 17:20,2024-06-22 17:21:18,N/A
SES0005880,U00476,25/06/2024 23:20,2024-06-25 23:21:57,87
SES0005881,U00477,07/08/2023 19:31,2023-08-07T19:40:33Z,537
SES0005882,U00477,2023-02-28 12:27:44,2023-02-28 12:37:01,557
SES0005883,U00477,2023-03-11T22:14:24Z,11/03/2023 22:23,575
SES0005884,U00477,2023-05-10T03:39:49Z,2023-05-10T03:40:47Z,58
SES0005885,U00477,2023-04-05T16:31:57Z,2023-04-05 16:32:29,32
SES0005886,U00477,2023-06-16 12:51:08,2023-06-16 12:53:35,147
SES0005887,U00477,2023-06-28 10:31:37,28/06/2023 10:35,211
SES0005888,U00477,2023-04-24T18:09:57Z,2023-04-24 18:11:57,120
SES0005889,U00477,2023-05-01 09:05:42,2023-05-01T09:07:51Z,129
SES0005890,U00477,2023-04-28 21:36:56,28/04/2023 21:39,182
SES0005891,U00477,2023-03-06 02:42:07,2023-03-06T02:42:14Z,7
SES0005892,U00477,14/03/2023 01:34,2023-03-14 01:41:28,426
SES0005893,U00477,2023-04-29 20:22:55,29/04/2023 20:25,173
SES0005894,U00477,2023-05-24T10:19:54Z,2023-05-24T10:20:14Z,20
SES0005895,U00477,2023-03-28T02:11:12Z,2023-03-28T02:12:58Z,106
SES0005896,U00477,2023-04-21 15:37:41,21/04/2023 15:39,114
SES0005897,U00477,2023-05-14 21:10:45,2023-05-14 21:14:13,208
SES0005898,U00477,20/05/2023 05:31,20/05/2023 05:38,467
SES0005899,U00477,2023-02-22 20:22:48,2023-02-22 20:23:53,65
SES0005900,U00477,08/05/2023 05:48,2023-05-08 05:51:07,168
SES0005901,U00478,28/12/2023 18:05,2023-12-30T05:29:13Z,127430
SES0005902,U00478,2024-01-05T08:24:26Z,2024-01-05 08:26:23,117
SES0005903,U00478,22/12/2023 01:37,2023-12-22 01:41:32,256
SES0005904,U00478,24/12/2023 03:36,2023-12-24 03:43:32,408
SES0005905,U00478,25/12/2023 19:21,25/12/2023 19:22,22
SES0005906,U00479,2024-06-29T09:36:04Z,29/06/2024 09:40,277
SES0005907,U00479,20/06/2024 22:52,2024-06-20T22:52:39Z,
SES0005908,U00479,21/06/2024 03:51,21/06/2024 03:51,23
SES0005909,U00479,2024-06-06T18:51:46Z,2024-06-06 18:53:05,79
SES0005910,U00479,2024-06-14T16:21:53Z,2024-06-17 12:42:49,246056
SES0005911,U00482,2024-01-08T22:09:20Z,08/01/2024 22:14,320
SES0005912,U00482,2024-01-17 09:47:28,2024-01-17 09:54:46,438
SES0005913,U00482,2024-01-26T19:33:11Z,2024-01-26 19:36:04,N/A
SES0005914,U00482,2024-01-31T10:55:27Z,31/01/2024 11:00,314
SES0005915,U00482,2024-01-13T16:57:41Z,13/01/2024 17:02,301
SES0005916,U00483,2024-06-02 00:23:08,2024-06-02T00:24:01Z,53
SES0005917,U00483,24/05/2024 07:13,2024-05-24 07:24:29,675
SES0005918,U00484,2024-06-23T19:04:19Z,23/06/2024 19:08,N/A
SES0005919,U00484,2024-06-21 02:23:04,2024-06-21 02:23:48,N/A
SES0005920,U00486,2023-06-22T09:36:24Z,2023-06-22T09:40:01Z,217
SES0005921,U00486,2023-07-15 00:08:41,2023-07-15 00:25:02,N/A
SES0005922,U00487,2024-02-28T17:45:56Z,2024-02-28T17:53:22Z,446
SES0005923,U00487,11/03/2024 00:45,2024-03-11 00:47:13,127
SES0005924,U00487,10/03/2024 18:09,2024-03-10T18:10:25Z,66
SES0005925,U00487,10/03/2024 10:33,2024-03-10T10:34:28Z,63
SES0005926,U00487,2024-03-04T10:10:10Z,2024-03-04 10:12:07,117
SES0005927,U00487,2024-03-12 10:56:07,2024-03-12T11:00:22Z,255
SES0005928,U00487,12/03/2024 01:56,2024-03-12T01:56:41Z,31
SES0005929,U00487,2024-03-03 19:53:16,2024-03-03T19:53:16Z,0
SES0005930,U00487,2024-03-03 20:47:57,03/03/2024 20:48,57
SES0005931,U00487,2024-03-02T01:20:34Z,2024-03-02 01:22:54,140
SES0005932,U00488,2023-07-18 04:28:48,18/07/2023 04:34,319
SES0005933,U00488,2023-07-19 09:42:04,2023-07-19 09:44:44,160
SES0005934,U00488,14/07/2023 00:15,14/07/2023 00:37,1301
SES0005935,U00488,19/07/2023 06:18,2023-07-19 06:20:26,144
SES0005936,U00488,18/07/2023 20:52,2023-07-18T21:01:20Z,523
SES0005937,U00488,2023-07-15 05:10:49,2023-07-15 05:11:37,48
SES0005938,U00488,2023-07-13 07:11:44,2023-07-13T07:24:38Z,774
SES0005939,U00488,2023-07-18T14:35:19Z,18/07/2023 14:48,774
SES0005940,U00488,2023-07-15 02:26:54,2023-07-15T02:39:12Z,738
SES0005941,U00488,16/07/2023 04:51,2023-07-16T05:08:45Z,1058
SES0005942,U00488,2023-07-13T16:42:32Z,2023-07-13 18:20:48,5896
SES0005943,U00488,17/07/2023 23:12,17/07/2023 23:12,
SES0005944,U00488,2023-07-19 10:18:45,2023-07-19T10:21:52Z,187
SES0005945,U00488,2023-07-17 17:26:31,17/07/2023 17:37,647
SES0005946,U00488,15/07/2023 08:41,2023-07-15 08:42:25,40
SES0005947,U00488,18/07/2023 13:24,18/07/2023 13:27,155
SES0005948,U00488,14/07/2023 15:04,14/07/2023 15:34,
SES0005949,U00488,19/07/2023 23:04,2023-07-19 23:06:30,117
SES0005950,U00488,2023-07-16 14:17:48,2023-07-16 14:22:59,311
SES0005951,U00488,17/07/2023 19:33,2023-07-17 19:40:03,397
SES0005952,U00488,2023-07-15T04:56:59Z,2023-07-15T04:58:08Z,69
SES0005953,U00488,2023-07-16 01:34:15,2023-07-16 01:37:37,202
SES0005954,U00488,2023-07-17 05:03:13,17/07/2023 05:07,264
SES0005955,U00488,19/07/2023 17:41,19/07/2023 17:42,N/A
SES0005956,U00488,2023-07-18T16:46:35Z,2023-07-18 16:54:03,448
SES0005957,U00488,14/07/2023 19:58,2023-07-14 20:02:19,240
SES0005958,U00488,2023-07-14T07:30:45Z,14/07/2023 07:32,87
SES0005959,U00488,2023-07-19 08:35:33,2023-07-19T08:45:46Z,N/A
SES0005960,U00488,2023-07-13T07:06:34Z,13/07/2023 07:07,57
SES0005961,U00488,2023-07-18T15:12:32Z,18/07/2023 15:14,121
SES0005962,U00489,14/04/2023 17:31,2023-04-14T17:31:59Z,34
SES0005963,U00489,2023-04-04T22:09:55Z,2023-04-04 22:13:32,217
SES0005964,U00490,2023-07-07 02:37:29,2023-07-07T02:37:29Z,
SES0005965,U00491,02/01/2024 21:02,02/01/2024 21:04,76
SES0005966,U00491,2024-01-10T14:42:23Z,2024-01-10 14:45:02,159
SES0005967,U00491,30/12/2023 01:43,30/12/2023 01:44,49
SES0005968,U00491,29/12/2023 03:45,2023-12-29T03:56:00Z,656
SES0005969,U00491,2024-01-09 14:03:40,2024-01-09T14:05:13Z,93
SES0005970,U00492,2023-08-17 17:42:04,2023-08-17 17:43:35,91
SES0005971,U00492,2023-12-01T06:26:31Z,2023-12-01 06:26:42,11
SES0005972,U00492,2023-07-27T14:07:18Z,2023-07-27T14:13:36Z,378
SES0005973,U00492,2024-05-15 21:17:26,2024-05-15T21:18:15Z,49
SES0005974,U00492,2023-10-19 13:57:55,2023-10-19 13:59:10,75
SES0005975,U00492,2023-09-13T05:58:27Z,2023-09-13T06:01:59Z,212
SES0005976,U00492,2024-06-18T23:01:40Z,18/06/2024 23:08,404
SES0005977,U00492,2023-08-22T17:03:17Z,2023-08-22T17:06:26Z,189
SES0005978,U00492,21/02/2024 04:40,2024-02-21T04:52:37Z,750
SES0005979,U00492,2024-01-08T02:07:05Z,2024-01-08T02:14:14Z,429
SES0005980,U00493,2023-02-23T07:07:26Z,2023-02-23T07:11:00Z,214
SES0005981,U00493,2023-02-23T21:42:47Z,2023-02-23T21:44:54Z,127
SES0005982,U00493,2023-02-21T09:09:33Z,2023-02-21 09:12:20,167
SES0005983,U00494,12/04/2024 09:52,12/04/2024 09:57,276
SES0005984,U00494,12/04/2024 12:01,2024-04-12T12:05:41Z,267
SES0005985,U00494,2024-04-14 22:06:26,14/04/2024 22:14,505
SES0005986,U00494,13/04/2024 02:24,13/04/2024 02:30,344
SES0005987,U00494,2024-04-11T04:43:39Z,2024-04-11 04:45:15,96
SES0005988,U00494,2024-04-16T17:17:57Z,2024-04-16T17:26:25Z,508
SES0005989,U00494,2024-04-11T17:48:36Z,2024-04-11T17:52:03Z,207
SES0005990,U00494,2024-04-13 21:10:37,13/04/2024 21:15,273
SES0005991,U00494,2024-04-15T03:03:50Z,15/04/2024 03:13,589
SES0005992,U00494,13/04/2024 14:20,13/04/2024 14:21,37
SES0005993,U00495,2023-10-24 00:53:48,24/10/2023 00:56,190
SES0005994,U00495,21/11/2023 01:49,2023-11-21T02:02:23Z,798
SES0005995,U00496,26/02/2023 07:18,2023-02-26 07:20:00,61
SES0005996,U00496,2023-02-17T10:00:24Z,2023-02-17T10:10:11Z,587
SES0005997,U00496,2023-02-19 01:00:36,2023-02-20T17:12:45Z,144729
SES0005998,U00496,26/02/2023 22:53,2023-02-26 22:54:21,61
SES0005999,U00496,2023-02-20T21:13:12Z,20/02/2023 21:14,73
SES0006000,U00496,2023-02-27T17:19:12Z,2023-02-27T17:20:58Z,106
SES0006001,U00496,25/02/2023 06:50,25/02/2023 06:53,185
SES0006002,U00496,2023-02-18T20:08:25Z,2023-02-18T20:09:42Z,77
SES0006003,U00496,17/02/2023 09:22,2023-02-17 09:32:57,606
SES0006004,U00496,2023-02-17T05:49:02Z,2023-02-17 05:53:38,276
SES0006005,U00497,2024-05-04T14:54:51Z,2024-05-04 15:02:25,454
SES0006006,U00497,2024-05-09T03:10:38Z,2024-05-09 03:11:01,23
SES0006007,U00497,2024-05-05T23:54:24Z,2024-05-06T00:20:51Z,1587
SES0006008,U00497,2024-05-03 19:47:34,03/05/2024 20:20,N/A
SES0006009,U00497,2024-05-07 05:00:27,07/05/2024 05:02,115
SES0006010,U00497,2024-05-08T21:16:09Z,08/05/2024 21:17,57
SES0006011,U00497,09/05/2024 00:30,2024-05-09 00:31:46,51
SES0006012,U00497,2024-05-06T15:15:08Z,2024-05-06T15:18:37Z,209
SES0006013,U00497,2024-05-05T11:29:22Z,2024-05-05T11:32:32Z,190
SES0006014,U00497,2024-05-07T12:16:10Z,2024-05-07 12:16:33,
SES0006015,U00497,08/05/2024 12:56,08/05/2024 12:57,61
SES0006016,U00497,2024-05-05 03:23:55,2024-05-05 03:38:36,881
SES0006017,U00497,07/05/2024 19:42,2024-05-07 20:04:08,1292
SES0006018,U00497,2024-05-03T00:37:52Z,03/05/2024 00:37,0
SES0006019,U00497,05/05/2024 01:23,2024-05-05 01:24:20,27
SES0006020,U00497,03/05/2024 02:45,2024-05-03 02:47:03,101
SES0006021,U00497,07/05/2024 11:32,07/05/2024 12:06,2045
SES0006022,U00497,2024-05-04T19:26:55Z,04/05/2024 19:31,290
SES0006023,U00497,06/05/2024 18:06,06/05/2024 18:08,119
SES0006024,U00497,2024-05-05T13:31:53Z,05/05/2024 13:32,52
SES0006025,U00497,09/05/2024 11:47,2024-05-09 12:02:33,925
SES0006026,U00497,2024-05-08T05:24:23Z,2024-05-08 05:38:54,871
SES0006027,U00497,2024-05-09 10:10:17,2024-05-09T10:11:17Z,60
SES0006028,U00497,2024-05-04T20:17:52Z,2024-05-04T20:19:39Z,107
SES0006029,U00497,2024-05-03T08:49:45Z,2024-05-03 08:50:24,39
SES0006030,U00497,2024-05-06T20:01:23Z,2024-05-06T20:02:25Z,62
SES0006031,U00497,2024-05-06 23:52:25,2024-05-07 00:01:07,522
SES0006032,U00497,2024-05-08T13:47:18Z,2024-05-08T14:03:31Z,973
SES0006033,U00497,04/05/2024 01:09,2024-05-04 01:11:48,125
SES0006034,U00497,2024-05-04 22:39:50,04/05/2024 22:43,205
SES0006035,U00498,2023-03-08 18:29:22,08/03/2023 18:29,33
SES0006036,U00498,22/04/2023 17:01,2023-04-22 17:02:00,27
SES0006037,U00498,2023-03-03 00:25:22,2023-03-03 00:27:04,102
SES0006038,U00498,05/05/2023 18:48,2023-05-05 18:53:33,329
SES0006039,U00498,07/03/2023 07:04,2023-03-07 07:09:36,
SES0006040,U00498,2023-03-19T22:15:38Z,2023-03-19 22:18:40,182
SES0006041,U00498,2023-04-09T05:10:30Z,2023-04-09T05:17:05Z,395
SES0006042,U00498,05/03/2023 22:47,2023-03-05 22:58:23,625
SES0006043,U00498,07/04/2023 09:30,07/04/2023 09:32,82
SES0006044,U00498,2023-04-25T09:41:34Z,2023-04-25 10:24:48,2594
SES0006045,U00498,2023-04-24 05:07:20,2023-04-24 05:08:47,87
SES0006046,U00498,2023-05-05T20:16:40Z,2023-05-05 20:19:07,147
SES0006047,U00498,22/04/2023 16:01,22/04/2023 16:01,28
SES0006048,U00498,2023-04-01 13:18:55,01/04/2023 13:38,1161
SES0006049,U00498,2023-04-09T18:44:53Z,09/04/2023 18:51,418
SES0006050,U00498,2023-03-12T14:35:36Z,12/03/2023 14:37,110
SES0006051,U00498,2023-04-26 06:44:34,26/04/2023 06:45,32
SES0006052,U00498,19/02/2023 02:57,19/02/2023 02:58,83
SES0006053,U00498,2023-02-12 12:54:00,12/02/2023 12:54,47
SES0006054,U00498,2023-04-20 00:49:25,20/04/2023 00:56,408
SES0006055,U00498,04/03/2023 09:03,2023-03-04T09:05:26Z,144
SES0006056,U00498,2023-04-27T07:00:27Z,2023-04-27T07:01:12Z,45
SES0006057,U00498,16/03/2023 02:54,2023-03-16 03:07:11,763
SES0006058,U00498,2023-04-27 12:38:54,2023-04-27 12:45:19,385
SES0006059,U00498,22/03/2023 21:50,2023-03-22 21:51:32,77
SES0006060,U00498,2023-02-17T13:45:59Z,17/02/2023 13:48,152
SES0006061,U00498,2023-02-14 22:59:05,2023-02-14T23:13:29Z,864
SES0006062,U00498,2023-04-15 18:57:21,2023-04-15T19:00:50Z,209
SES0006063,U00498,24/04/2023 18:47,2023-04-24T18:48:10Z,34
SES0006064,U00498,29/03/2023 09:07,2023-03-29T09:10:14Z,142
SES0006065,U00498,18/02/2023 13:06,2023-02-18 13:07:28,33
SES0006066,U00498,2023-04-21T21:51:39Z,2023-04-21 21:54:54,195
SES0006067,U00498,2023-04-19 11:36:09,2023-04-19 11:45:35,566
SES0006068,U00498,18/04/2023 01:44,2023-04-18 01:48:35,262
SES0006069,U00498,2023-03-20 17:14:37,20/03/2023 17:16,140
SES0006070,U00498,2023-04-30 21:09:42,30/04/2023 21:12,187
SES0006071,U00498,2023-03-25 02:55:36,2023-03-25T02:55:49Z,13
SES0006072,U00498,2023-03-24T17:46:06Z,24/03/2023 18:44,3513
SES0006073,U00498,2023-02-21 12:55:41,2023-02-21T12:56:42Z,
SES0006074,U00498,10/03/2023 04:30,10/03/2023 04:34,257
SES0006075,U00499,2024-05-10T02:57:41Z,10/05/2024 03:02,273
SES0006076,U00500,2023-08-27 09:01:25,2023-08-27 09:05:12,227
SES0006077,U00500,2023-10-08T14:39:38Z,08/10/2023 14:45,324
SES0006078,U00500,25/07/2023 19:57,2023-07-25T19:58:41Z,66
SES0006079,U00500,11/06/2023 22:58,2023-06-11T22:59:20Z,N/A
SES0006080,U00500,2023-10-12T18:02:59Z,2023-10-12T18:05:37Z,158
SES0006081,U00501,16/08/2023 11:41,16/08/2023 11:49,497
SES0006082,U00501,2024-03-23 19:35:32,2024-03-23T19:38:53Z,201
SES0006083,U00501,2024-01-25 06:20:11,25/01/2024 07:05,2700
SES0006084,U00502,2024-04-16 17:08:59,2024-04-16T17:22:05Z,786
SES0006085,U00502,2024-05-26 11:27:38,26/05/2024 11:30,168
SES0006086,U00502,2024-04-08T16:40:55Z,2024-04-08 17:14:00,1985
SES0006087,U00502,2024-01-12T01:07:46Z,2024-01-12T01:16:05Z,499
SES0006088,U00502,2024-06-07 09:14:27,2024-06-07 09:15:32,65
SES0006089,U00502,2024-05-02T20:37:44Z,2024-05-02 20:42:38,294
SES0006090,U00502,2024-04-29T03:54:18Z,2024-04-29T03:55:35Z,77
SES0006091,U00502,2024-01-05T18:50:50Z,2024-01-05T18:54:18Z,208
SES0006092,U00502,2024-04-29 02:18:19,2024-04-29 02:21:23,184
SES0006093,U00502,2024-06-28T00:19:50Z,2024-06-28 00:20:30,40
SES0006094,U00502,2024-03-14T13:58:17Z,14/03/2024 13:59,96
SES0006095,U00502,11/04/2024 07:32,2024-04-11T07:34:14Z,79
SES0006096,U00502,27/12/2023 08:09,27/12/2023 08:09,0
SES0006097,U00502,2024-04-25T12:20:12Z,2024-04-25T12:31:33Z,681
SES0006098,U00502,19/03/2024 18:57,19/03/2024 18:58,60
SES0006099,U00502,15/01/2024 19:16,2024-01-15 19:19:06,165
SES0006100,U00502,2023-12-30T22:03:44Z,30/12/2023 22:07,254
SES0006101,U00502,2024-04-26T10:27:34Z,26/04/2024 10:34,399
SES0006102,U00502,2024-06-19 20:06:29,19/06/2024 20:07,82
SES0006103,U00502,29/06/2024 13:27,2024-06-29T13:28:01Z,46
SES0006104,U00502,2024-03-27 04:19:05,2024-03-27 04:20:11,66
SES0006105,U00502,2024-05-07T06:11:39Z,2024-05-07T06:12:48Z,69
SES0006106,U00502,2024-06-03 01:14:50,03/06/2024 01:15,13
SES0006107,U00502,2024-05-13 04:53:43,2024-05-13 05:16:32,1369
SES0006108,U00502,2024-05-15 07:11:20,2024-05-15 07:13:34,134
SES0006109,U00502,2024-05-31T21:28:56Z,2024-05-31 21:29:21,25
SES0006110,U00502,2024-04-03T08:02:14Z,03/04/2024 08:05,181
SES0006111,U00502,2024-04-01 12:54:55,2024-04-01 13:03:51,536
SES0006112,U00502,19/03/2024 20:49,19/03/2024 20:50,49
SES0006113,U00502,2024-03-23T19:04:55Z,23/03/2024 19:06,65
SES0006114,U00502,2024-05-04 21:24:45,2024-05-04T21:25:32Z,47
SES0006115,U00502,02/01/2024 03:42,2024-01-02T03:44:46Z,132
SES0006116,U00502,28/03/2024 23:03,2024-03-28T23:11:13Z,440
SES0006117,U00502,2024-05-04 17:20:06,2024-05-04 17:23:02,176
SES0006118,U00502,2024-01-23T13:39:21Z,2024-01-23 13:42:57,216
SES0006119,U00502,26/05/2024 08:51,2024-05-26 08:58:54,424
SES0006120,U00502,2024-04-08 12:17:58,08/04/2024 12:23,332
SES0006121,U00502,2024-06-01 15:13:52,01/06/2024 15:13,0
SES0006122,U00502,22/02/2024 14:00,2024-02-22T14:04:53Z,274
SES0006123,U00502,2024-02-25 23:48:52,25/02/2024 23:55,402
SES0006124,U00502,21/05/2024 21:25,2024-05-21 21:33:08,482
SES0006125,U00502,11/01/2024 02:12,2024-01-11 02:31:17,1148
SES0006126,U00502,2024-02-10 18:22:34,10/02/2024 18:23,63
SES0006127,U00502,2024-02-15 23:41:10,2024-02-15T23:42:32Z,82
SES0006128,U00502,2024-06-09T21:36:05Z,09/06/2024 21:37,61
SES0006129,U00502,11/05/2024 15:39,2024-05-11T15:41:48Z,156
SES0006130,U00502,2024-01-31 02:44:45,31/01/2024 02:54,568
SES0006131,U00502,2024-04-30 19:35:21,2024-04-30 19:37:00,99
SES0006132,U00502,2024-03-27 03:27:42,27/03/2024 03:34,N/A
SES0006133,U00502,24/02/2024 20:07,2024-02-24T20:09:35Z,112
SES0006134,U00502,14/06/2024 19:08,2024-06-14 19:10:10,80
SES0006135,U00502,27/04/2024 09:45,2024-04-27 09:50:23,321
SES0006136,U00502,2024-05-27 18:19:17,2024-05-27T18:24:05Z,288
SES0006137,U00502,01/01/2024 13:10,2024-01-01T13:13:20Z,197
SES0006138,U00502,2024-04-15 04:56:57,15/04/2024 05:07,641
SES0006139,U00502,2024-03-16 01:34:50,16/03/2024 01:35,40
SES0006140,U00502,2024-06-20T11:24:03Z,2024-06-20 11:24:38,35
SES0006141,U00502,04/05/2024 19:55,04/05/2024 19:55,0
SES0006142,U00502,2024-05-01T20:30:57Z,2024-05-01T20:44:27Z,N/A
SES0006143,U00502,09/06/2024 08:23,2024-06-09T08:27:04Z,195
SES0006144,U00502,2024-05-10 06:47:36,2024-05-10T06:57:04Z,568
SES0006145,U00502,2024-01-14 07:54:20,14/01/2024 07:54,0
SES0006146,U00502,28/02/2024 04:06,2024-02-28 04:07:06,23
SES0006147,U00502,2024-02-28 04:03:54,28/02/2024 04:03,0
SES0006148,U00502,2024-06-18T22:40:59Z,2024-06-18 22:42:05,66
SES0006149,U00502,19/06/2024 05:26,2024-06-19T05:47:52Z,1284
SES0006150,U00502,2024-02-15 10:00:23,2024-02-15 10:06:58,395
SES0006151,U00502,2024-04-29 05:42:30,2024-04-29 05:42:30,0
SES0006152,U00502,08/05/2024 10:43,2024-05-08T10:44:23Z,28
SES0006153,U00502,2024-04-16T13:18:23Z,2024-04-16 13:25:14,411
SES0006154,U00502,28/12/2023 07:43,2023-12-28T07:48:49Z,322
SES0006155,U00502,14/05/2024 00:51,2024-05-14T00:56:14Z,270
SES0006156,U00502,23/02/2024 05:07,2024-02-23T05:08:00Z,26
SES0006157,U00502,2024-02-21 16:55:24,2024-02-21 17:08:47,803
SES0006158,U00502,2024-03-11 01:26:07,2024-03-11 01:26:26,19
SES0006159,U00502,2024-06-28 20:40:18,2024-06-28T20:45:25Z,307
SES0006160,U00502,2024-05-02T05:06:43Z,02/05/2024 05:15,524
SES0006161,U00502,2024-04-25 09:33:12,2024-04-25 09:45:22,730
SES0006162,U00502,2024-02-15 22:07:29,2024-02-15 22:11:06,217
SES0006163,U00502,2024-06-22 13:44:18,2024-06-22 15:50:30,7572
SES0006164,U00503,2024-03-08 09:28:09,2024-03-08T09:31:40Z,
SES0006165,U00503,14/03/2024 10:04,2024-03-14T10:11:32Z,411
SES0006166,U00503,2024-03-17 05:16:04,17/03/2024 05:16,24
SES0006167,U00503,2024-03-09T13:18:49Z,09/03/2024 13:19,28
SES0006168,U00503,2024-03-12 22:46:35,2024-03-12T22:47:53Z,78
SES0006169,U00503,2024-03-09T05:18:33Z,2024-03-09 05:22:14,221
SES0006170,U00503,16/03/2024 04:58,2024-03-16 05:09:51,663
SES0006171,U00503,09/03/2024 05:15,2024-03-09T05:16:32Z,82
SES0006172,U00503,11/03/2024 22:26,2024-03-11 22:26:37,30
SES0006173,U00503,2024-03-19 23:27:08,2024-03-19 23:28:10,62
SES0006174,U00504,2023-08-12T19:04:07Z,2023-08-12 19:05:55,108
SES0006175,U00504,2023-08-18 11:27:41,2023-08-18T11:29:42Z,121
SES0006176,U00504,24/07/2023 14:13,2023-07-24 14:14:44,49
SES0006177,U00504,2023-07-23T09:28:29Z,23/07/2023 09:29,46
SES0006178,U00504,31/07/2023 16:44,2023-07-31 16:48:31,255
SES0006179,U00504,15/08/2023 00:07,2023-08-15T00:10:14Z,181
SES0006180,U00504,2023-07-30 18:20:57,2023-07-30 18:23:26,149
SES0006181,U00504,2023-08-02T22:11:43Z,2023-08-02 22:15:45,242
SES0006182,U00504,2023-08-06 20:37:22,2023-08-06 20:37:39,17
SES0006183,U00504,2023-07-25T21:03:19Z,2023-07-25T21:05:53Z,154
SES0006184,U00504,2023-08-15 13:54:07,2023-08-15 13:56:41,154
SES0006185,U00504,23/07/2023 08:30,2023-07-23T08:32:14Z,99
SES0006186,U00504,07/08/2023 21:52,07/08/2023 21:52,17
SES0006187,U00504,28/07/2023 21:56,2023-07-28 22:07:01,607
SES0006188,U00504,2023-07-31T02:49:03Z,2023-07-31T02:50:32Z,89
SES0006189,U00504,2023-08-03T09:29:29Z,03/08/2023 09:31,118
SES0006190,U00504,2023-08-02T12:08:44Z,02/08/2023 12:10,93
SES0006191,U00504,2023-08-03T02:39:18Z,2023-08-03T02:41:44Z,146
SES0006192,U00504,2023-07-23 01:54:01,2023-07-23 01:58:35,274
SES0006193,U00504,2023-08-10 17:21:47,2023-08-10 17:26:15,268
SES0006194,U00504,2023-07-27 00:51:44,2023-07-27T00:54:18Z,154
SES0006195,U00504,14/08/2023 23:54,14/08/2023 23:56,78
SES0006196,U00504,23/07/2023 13:52,2023-07-23 13:56:17,245
SES0006197,U00504,09/08/2023 14:34,2023-08-09T14:38:43Z,269
SES0006198,U00504,27/07/2023 16:39,27/07/2023 16:48,558
SES0006199,U00504,14/08/2023 02:30,2023-08-14T02:36:33Z,370
SES0006200,U00504,11/08/2023 01:05,2023-08-11T01:07:11Z,111
SES0006201,U00504,2023-08-11 22:18:28,2023-08-11 22:36:02,1054
SES0006202,U00504,2023-08-14T07:49:48Z,2023-08-14T07:53:47Z,239
SES0006203,U00504,10/08/2023 12:53,10/08/2023 12:53,25
SES0006204,U00505,07/01/2024 21:56,2024-01-07 21:58:30,127
SES0006205,U00505,2023-07-21 18:38:20,2023-07-21T18:39:24Z,N/A
SES0006206,U00506,30/07/2023 08:24,2023-07-30 08:26:58,134
SES0006207,U00506,2023-08-02T09:09:53Z,2023-08-02 09:10:41,48
SES0006208,U00506,2023-07-31 13:34:24,31/07/2023 13:34,7
SES0006209,U00506,2023-08-05 07:38:19,05/08/2023 07:38,15
SES0006210,U00506,2023-08-01T15:26:09Z,2023-08-01T15:28:53Z,164
SES0006211,U00506,31/07/2023 12:58,2023-07-31T13:09:46Z,672
SES0006212,U00506,2023-08-02T16:22:12Z,2023-08-02 16:31:55,583
SES0006213,U00506,2023-08-02 10:20:09,02/08/2023 10:23,180
SES0006214,U00506,30/07/2023 17:40,30/07/2023 17:42,109
SES0006215,U00506,2023-08-02 12:53:36,2023-08-02 12:54:19,43
SES0006216,U00506,31/07/2023 14:21,2023-07-31T14:22:58Z,92
SES0006217,U00506,31/07/2023 20:15,2023-07-31 20:36:21,1265
SES0006218,U00506,02/08/2023 11:50,2023-08-02 11:50:07,0
SES0006219,U00506,04/08/2023 20:13,2023-08-04 20:13:00,N/A
SES0006220,U00506,31/07/2023 02:28,2023-07-31 02:30:16,104
SES0006221,U00506,04/08/2023 17:32,04/08/2023 17:37,297
SES0006222,U00506,2023-08-01T22:07:30Z,01/08/2023 22:09,104
SES0006223,U00506,2023-07-30 05:11:20,2023-08-02T11:37:25Z,282365
SES0006224,U00506,2023-08-03T06:01:07Z,2023-08-03 06:12:48,701
SES0006225,U00506,2023-08-05 09:57:46,2023-08-05 10:08:19,633
SES0006226,U00506,2023-07-31 10:15:05,2023-07-31T10:16:24Z,79
SES0006227,U00506,2023-08-05 21:04:54,2023-08-05 21:11:24,390
SES0006228,U00506,01/08/2023 13:05,2023-08-01T13:05:57Z,50
SES0006229,U00506,2023-07-30 00:25:51,2023-07-30T00:26:31Z,40
SES0006230,U00506,2023-08-01T13:06:04Z,2023-08-01 13:20:56,892
SES0006231,U00506,2023-08-02T12:45:25Z,02/08/2023 12:56,
SES0006232,U00506,01/08/2023 14:35,2023-08-01 14:36:39,80
SES0006233,U00506,2023-08-04T09:05:43Z,2023-08-04 09:07:07,84
SES0006234,U00506,02/08/2023 20:02,2023-08-02 20:05:04,164
SES0006235,U00506,04/08/2023 13:55,04/08/2023 13:56,40
SES0006236,U00507,28/02/2023 02:06,2023-02-28 02:06:26,22
SES0006237,U00507,01/03/2023 14:41,2023-03-01 14:52:41,646
SES0006238,U00508,2024-01-20 06:47:37,2024-01-20 06:49:08,91
SES0006239,U00508,2024-01-21T12:06:22Z,2024-01-21T12:09:26Z,184
SES0006240,U00509,2023-08-07T20:42:53Z,07/08/2023 20:44,107
SES0006241,U00509,29/07/2023 22:28,29/07/2023 22:33,284
SES0006242,U00509,2023-08-12T10:41:54Z,2023-08-12 10:45:10,196
SES0006243,U00509,2023-09-12 07:04:51,2023-09-12 07:09:38,287
SES0006244,U00509,2023-07-21 07:29:28,21/07/2023 07:30,62
SES0006245,U00509,2023-08-13T10:29:49Z,2023-08-13T10:29:49Z,0
SES0006246,U00509,28/07/2023 03:15,28/07/2023 03:15,44
SES0006247,U00509,24/07/2023 10:26,2023-07-24 10:29:03,134
SES0006248,U00509,03/07/2023 10:01,2023-07-03 10:12:51,660
SES0006249,U00509,2023-06-15T03:31:28Z,2023-06-15T03:41:35Z,607
SES0006250,U00509,2023-08-06 12:14:19,06/08/2023 12:26,719
SES0006251,U00509,2023-07-30T04:19:49Z,30/07/2023 04:38,1123
SES0006252,U00509,2023-09-12T03:00:12Z,2023-09-12T03:03:24Z,192
SES0006253,U00509,2023-06-15T05:41:32Z,2023-06-15T05:45:37Z,245
SES0006254,U00509,2023-07-13 11:30:37,2023-07-13T11:36:34Z,357
SES0006255,U00509,2023-07-27 20:44:44,2023-07-27 20:53:57,553
SES0006256,U00509,2023-08-29T03:41:54Z,2023-08-29 03:57:17,923
SES0006257,U00509,2023-08-22 00:06:10,22/08/2023 00:07,102
SES0006258,U00509,19/08/2023 11:04,2023-08-19T11:22:05Z,1036
SES0006259,U00509,02/07/2023 20:09,2023-07-02T20:18:27Z,536
SES0006260,U00509,2023-09-01T07:10:35Z,2023-09-01 07:13:45,190
SES0006261,U00509,2023-07-12 03:07:34,12/07/2023 03:13,379
SES0006262,U00509,17/08/2023 00:40,2023-08-17T00:41:13Z,30
SES0006263,U00509,2023-07-17 09:49:35,17/07/2023 09:49,16
SES0006264,U00509,2023-06-29 23:17:15,29/06/2023 23:20,N/A
SES0006265,U00509,11/08/2023 22:04,11/08/2023 22:13,560
SES0006266,U00509,2023-08-31T12:18:33Z,31/08/2023 12:21,N/A
SES0006267,U00509,2023-08-02T23:08:12Z,2023-08-02 23:10:51,159
SES0006268,U00509,2023-08-12 19:03:32,2023-08-14T21:11:40Z,180488
SES0006269,U00509,2023-07-23 04:24:44,23/07/2023 04:35,637
SES0006270,U00509,06/07/2023 03:20,2023-07-06T03:20:59Z,
SES0006271,U00509,01/08/2023 04:15,2023-08-01 04:25:29,580
SES0006272,U00509,2023-09-10 05:45:15,10/09/2023 05:50,305
SES0006273,U00509,12/07/2023 11:17,2023-07-12T11:38:45Z,1284
SES0006274,U00509,2023-08-10 07:05:28,2023-08-10T07:13:06Z,458
SES0006275,U00509,17/06/2023 04:43,2023-06-17 04:45:20,91
SES0006276,U00509,2023-06-25 14:53:11,25/06/2023 15:06,826
SES0006277,U00509,2023-08-16 03:33:43,16/08/2023 03:34,25
SES0006278,U00509,2023-07-11 23:24:47,2023-07-11T23:30:28Z,341
SES0006279,U00509,09/09/2023 18:47,2023-09-09 18:51:30,261
SES0006279,U00509,09/09/2023 18:47,2023-09-09 18:51:30,261
SES0006280,U00510,2023-06-12T09:05:18Z,2023-06-12 09:11:25,367
SES0006281,U00510,17/06/2023 10:01,17/06/2023 10:02,56
SES0006282,U00510,2023-07-08 05:18:54,08/07/2023 05:21,169
SES0006283,U00510,2023-06-17T21:43:53Z,2023-06-17T21:45:54Z,121
SES0006284,U00510,07/07/2023 19:23,2023-07-07 19:28:55,315
SES0006285,U00511,2023-08-08 11:05:10,08/08/2023 11:07,124
SES0006286,U00511,2023-08-12T23:49:23Z,2023-08-12 23:54:39,316
SES0006287,U00511,2023-08-11 20:59:10,2023-08-11T21:04:10Z,300
SES0006288,U00511,21/08/2023 00:10,21/08/2023 00:13,133
SES0006289,U00511,2023-08-16T08:17:53Z,2023-08-16T08:18:08Z,
SES0006290,U00512,2023-09-29T09:08:51Z,29/09/2023 09:09,64
SES0006291,U00512,2023-10-29T18:15:49Z,2023-10-29 18:16:44,55
SES0006292,U00512,03/11/2023 09:04,2023-11-03 09:10:01,318
SES0006293,U00512,2023-09-03T07:39:34Z,2023-09-03T07:42:41Z,187
SES0006294,U00512,2023-11-16 12:26:03,2023-11-16 12:27:43,100
SES0006295,U00512,2023-10-29T18:53:15Z,29/10/2023 18:53,
SES0006296,U00512,30/09/2023 16:46,30/09/2023 16:56,567
SES0006297,U00512,2023-11-21 01:29:15,2023-11-21 01:30:14,59
SES0006298,U00512,18/10/2023 22:05,18/10/2023 22:07,123
SES0006299,U00512,2023-09-04T09:22:38Z,04/09/2023 09:31,530
SES0006300,U00512,26/09/2023 05:29,26/09/2023 05:34,266
SES0006301,U00512,2023-09-14 22:45:04,14/09/2023 22:45,37
SES0006302,U00512,23/10/2023 07:26,2023-10-23 07:46:58,1208
SES0006303,U00512,2023-11-01T08:40:30Z,01/11/2023 08:43,
SES0006304,U00512,2023-10-19T01:57:14Z,19/10/2023 02:01,266
SES0006305,U00512,14/11/2023 14:25,2023-11-14 14:27:31,126
SES0006306,U00512,2023-11-19 00:16:50,2023-11-20 06:56:02,110352
SES0006307,U00512,25/11/2023 16:34,2023-11-25 16:35:17,53
SES0006308,U00512,09/09/2023 04:24,2023-09-09T04:37:34Z,805
SES0006309,U00512,25/09/2023 05:02,25/09/2023 05:02,22
SES0006310,U00513,2024-01-10T10:19:34Z,10/01/2024 10:24,325
SES0006311,U00513,2024-01-09T22:06:08Z,2024-01-09 22:13:41,453
SES0006312,U00513,10/01/2024 01:38,2024-01-11T15:37:28Z,136727
SES0006313,U00513,2024-01-03T04:22:23Z,2024-01-03 04:23:07,44
SES0006314,U00513,2024-01-04T23:51:53Z,04/01/2024 23:53,86
SES0006315,U00513,2024-01-02T15:58:03Z,2024-01-02 15:58:24,21
SES0006316,U00513,2024-01-03 21:58:32,2024-01-03 22:02:36,244
SES0006317,U00513,03/01/2024 23:57,2024-01-04 00:06:09,518
SES0006318,U00513,30/12/2023 06:43,30/12/2023 06:47,235
SES0006319,U00513,2024-01-08 00:19:14,2024-01-08T00:21:43Z,149
SES0006320,U00513,2024-01-07T03:23:17Z,07/01/2024 03:34,668
SES0006321,U00513,04/01/2024 15:54,06/01/2024 17:42,179294
SES0006322,U00513,2024-01-07T00:59:13Z,2024-01-07 01:05:11,358
SES0006323,U00513,2024-01-11T06:54:16Z,2024-01-12 11:51:53,104257
SES0006324,U00513,09/01/2024 08:50,09/01/2024 08:52,139
SES0006325,U00513,31/12/2023 19:22,31/12/2023 19:24,129
SES0006326,U00513,2024-01-08 14:29:00,08/01/2024 14:30,103
SES0006327,U00513,07/01/2024 03:57,2024-01-07T03:59:36Z,99
SES0006328,U00513,2024-01-10T19:32:01Z,2024-01-12T02:26:17Z,111256
SES0006329,U00513,2024-01-06 21:15:02,06/01/2024 21:16,97
SES0006330,U00513,2024-01-04T09:33:51Z,2024-01-04 09:34:17,26
SES0006331,U00513,2024-01-02 19:07:44,2024-01-02T19:08:33Z,49
SES0006332,U00513,2024-01-04T08:47:53Z,2024-01-04 08:49:32,99
SES0006333,U00513,03/01/2024 18:32,2024-01-03 18:35:37,159
SES0006334,U00513,2024-01-11 21:45:18,2024-01-11T21:48:35Z,197
SES0006335,U00513,2024-01-06 11:10:56,2024-01-06T11:11:50Z,54
SES0006336,U00513,2024-01-02T11:28:20Z,02/01/2024 11:33,339
SES0006337,U00513,2024-01-01T16:07:21Z,01/01/2024 16:09,105
SES0006338,U00513,2024-01-02T09:34:36Z,2024-01-02 09:35:42,66
SES0006339,U00513,2024-01-02T03:48:07Z,02/01/2024 03:48,0
SES0006340,U00514,2023-06-19T23:55:01Z,19/06/2023 23:56,104
SES0006341,U00514,2023-06-19T15:13:44Z,19/06/2023 15:47,2048
SES0006342,U00514,10/06/2023 06:32,2023-06-10T06:36:13Z,207
SES0006343,U00514,14/06/2023 16:46,2023-06-14T16:47:47Z,59
SES0006344,U00514,2023-06-20 02:29:57,2023-06-20T02:37:11Z,434
SES0006345,U00515,2024-03-14 15:27:35,14/03/2024 15:29,117
SES0006346,U00515,14/03/2024 09:46,2024-03-14 09:48:00,83
SES0006347,U00515,2024-03-19 18:39:45,2024-03-19 18:41:21,96
SES0006348,U00515,2024-03-14 13:32:31,14/03/2024 13:34,148
SES0006349,U00515,2024-03-16 18:15:38,16/03/2024 18:28,782
SES0006350,U00516,2023-01-25 00:48:24,25/01/2023 00:49,52
SES0006351,U00516,2023-01-19T11:14:17Z,2023-01-19T11:19:42Z,325
SES0006352,U00516,19/01/2023 23:10,2023-01-19T23:58:12Z,2877
SES0006353,U00517,23/01/2024 21:52,23/01/2024 21:53,76
SES0006354,U00517,30/09/2023 08:55,2023-09-30 08:56:17,54
SES0006355,U00517,2023-10-01T04:04:29Z,2023-10-01 04:06:09,100
SES0006356,U00517,29/10/2023 21:31,2023-10-29T21:31:54Z,0
SES0006357,U00517,08/05/2024 08:20,08/05/2024 08:21,40
SES0006358,U00517,2024-04-29T12:08:57Z,2024-04-29 12:26:28,1051
SES0006359,U00517,2023-12-15T13:40:55Z,2023-12-15T13:41:52Z,57
SES0006360,U00517,20/02/2024 06:53,2024-02-20 06:55:01,71
SES0006361,U00517,03/03/2024 19:14,2024-03-03 19:15:20,26
SES0006362,U00517,2024-01-27T08:16:43Z,27/01/2024 08:17,17
SES0006363,U00517,2023-10-07 17:58:57,2023-10-07 18:01:10,133
SES0006364,U00517,2024-01-30T02:40:25Z,2024-01-30T02:54:08Z,823
SES0006365,U00517,2024-05-05 07:38:59,2024-05-05 08:18:15,N/A
SES0006366,U00517,22/04/2024 14:35,2024-04-22T14:41:01Z,341
SES0006367,U00517,2024-02-04 05:28:10,04/02/2024 05:28,43
SES0006368,U00517,10/12/2023 00:10,10/12/2023 00:12,178
SES0006369,U00517,2023-12-23T13:35:52Z,23/12/2023 13:37,125
SES0006370,U00517,19/02/2024 11:44,2024-02-19 12:58:16,4397
SES0006371,U00517,2023-12-22 10:33:03,2023-12-22 10:41:58,535
SES0006372,U00517,22/06/2024 14:50,2024-06-22 14:58:34,481
SES0006373,U00518,31/10/2023 13:56,31/10/2023 13:56,0
SES0006374,U00518,28/10/2023 14:01,28/10/2023 14:01,52
SES0006375,U00518,2023-10-26 18:50:48,2023-10-26T18:51:11Z,23
SES0006376,U00518,2023-11-06 17:50:04,06/11/2023 17:50,39
SES0006377,U00518,2023-11-01T02:20:58Z,2023-11-01 02:46:37,1539
SES0006378,U00518,2023-11-06T17:58:15Z,06/11/2023 17:58,16
SES0006379,U00518,2023-10-28T05:50:03Z,28/10/2023 05:53,186
SES0006380,U00518,2023-11-07 19:39:16,2023-11-07 19:43:13,237
SES0006381,U00518,2023-11-05 08:00:52,2023-11-05 08:02:13,81
SES0006382,U00518,2023-11-05T08:19:20Z,05/11/2023 08:23,231
SES0006383,U00518,02/11/2023 05:35,2023-11-02T06:23:45Z,2874
SES0006384,U00518,07/11/2023 21:10,07/11/2023 21:10,N/A
SES0006385,U00518,28/10/2023 00:24,2023-10-28 00:25:32,N/A
SES0006386,U00518,2023-11-06T07:32:07Z,06/11/2023 07:38,N/A
SES0006387,U00518,2023-10-31T04:06:40Z,2023-10-31T04:08:27Z,107
SES0006388,U00518,2023-10-28T16:32:03Z,28/10/2023 16:33,82
SES0006389,U00518,2023-11-07T18:45:58Z,2023-11-07T18:47:17Z,79
SES0006390,U00518,2023-11-04T18:13:09Z,04/11/2023 18:15,114
SES0006391,U00518,2023-11-02 04:55:08,2023-11-02 04:58:01,173
SES0006392,U00518,01/11/2023 07:04,2023-11-01 07:16:13,703
SES0006393,U00518,30/10/2023 20:29,30/10/2023 20:31,134
SES0006394,U00518,2023-10-30 12:52:52,2023-10-30 12:56:18,206
SES0006395,U00518,2023-10-28T02:18:04Z,28/10/2023 02:20,140
SES0006396,U00518,06/11/2023 16:57,2023-11-06 16:58:53,99
SES0006397,U00518,2023-10-29 08:37:10,2023-10-29T08:38:00Z,50
SES0006398,U00518,2023-11-06T17:28:05Z,2023-11-06T17:28:37Z,32
SES0006399,U00518,2023-10-31T01:33:15Z,2023-10-31T01:37:46Z,271
SES0006400,U00518,31/10/2023 06:18,31/10/2023 06:23,286
SES0006401,U00518,29/10/2023 09:21,29/10/2023 09:22,37
SES0006402,U00518,2023-11-04 22:35:36,06/11/2023 12:09,135259
SES0006403,U00518,2023-10-25T01:44:59Z,25/10/2023 01:45,51
SES0006404,U00518,01/11/2023 11:35,2023-11-01 11:36:13,64
SES0006405,U00518,2023-11-01T07:11:02Z,01/11/2023 07:11,46
SES0006406,U00518,30/10/2023 10:36,2023-10-30 10:38:37,124
SES0006407,U00518,03/11/2023 00:11,2023-11-03 00:12:20,50
SES0006408,U00518,29/10/2023 13:01,29/10/2023 13:03,118
SES0006409,U00518,2023-10-27T21:09:13Z,2023-10-27T21:11:15Z,122
SES0006410,U00518,2023-10-26 14:08:54,2023-10-26T14:19:28Z,634
SES0006411,U00518,2023-10-30 23:24:19,2023-10-30 23:24:25,6
SES0006412,U00518,30/10/2023 06:30,2023-10-30T06:30:36Z,17
SES0006413,U00518,2023-11-05 15:38:09,2023-11-05T15:40:33Z,144
SES0006414,U00518,2023-11-02T12:44:18Z,2023-11-02T12:57:06Z,768
SES0006415,U00518,25/10/2023 09:25,25/10/2023 09:28,189
SES0006416,U00518,2023-10-30T10:24:09Z,2023-10-30T10:47:39Z,1410
SES0006417,U00518,2023-11-01 23:49:27,2023-11-01 23:54:51,324
SES0006418,U00518,2023-11-01T08:07:05Z,2023-11-01T08:13:31Z,386
SES0006419,U00518,2023-10-27 03:51:59,2023-10-27 03:52:46,47
SES0006420,U00518,2023-10-26 18:45:59,2023-10-26 18:46:51,52
SES0006421,U00518,2023-11-01T20:28:17Z,2023-11-01 20:37:24,547
SES0006422,U00518,2023-10-26 01:51:54,2023-10-26 01:52:44,50
SES0006423,U00518,31/10/2023 01:37,2023-10-31T01:39:05Z,91
SES0006424,U00518,03/11/2023 17:08,2023-11-03T17:12:11Z,204
SES0006425,U00518,06/11/2023 10:35,06/11/2023 10:35,
SES0006426,U00518,2023-10-26T13:07:18Z,26/10/2023 13:10,187
SES0006427,U00518,2023-10-26T22:03:27Z,2023-10-26 22:06:56,209
SES0006428,U00518,2023-10-26 19:05:53,2023-10-26 19:09:35,222
SES0006429,U00518,2023-10-31 06:59:24,2023-10-31 07:03:14,230
SES0006430,U00518,2023-11-02 21:48:38,02/11/2023 22:29,2437
SES0006431,U00518,2023-10-29T00:53:21Z,2023-10-29 01:38:46,2725
SES0006432,U00518,2023-11-04 05:01:23,2023-11-04T05:02:12Z,49
SES0006433,U00518,2023-11-05 12:56:04,2023-11-05 13:04:56,532
SES0006434,U00518,29/10/2023 00:12,2023-10-29T00:16:27Z,250
SES0006435,U00518,2023-11-03T06:23:33Z,03/11/2023 06:28,280
SES0006436,U00518,01/11/2023 14:34,2023-11-01T14:38:55Z,276
SES0006437,U00518,02/11/2023 01:26,2023-11-02T01:28:17Z,N/A
SES0006438,U00518,2023-10-25 00:40:24,2023-10-26T04:06:35Z,98771
SES0006439,U00518,06/11/2023 07:28,2023-11-06 07:29:35,65
SES0006440,U00518,2023-10-25T13:36:14Z,2023-10-25 13:44:38,504
SES0006441,U00518,31/10/2023 23:08,31/10/2023 23:13,321
SES0006442,U00518,2023-11-03 21:41:43,2023-11-03 21:43:51,128
SES0006443,U00518,2023-11-06T18:15:57Z,06/11/2023 18:18,166
SES0006444,U00518,2023-11-01 04:50:57,2023-11-01T04:51:33Z,36
SES0006445,U00518,06/11/2023 12:02,06/11/2023 12:03,29
SES0006446,U00518,25/10/2023 17:32,25/10/2023 17:36,201
SES0006447,U00518,03/11/2023 03:24,2023-11-03T03:25:34Z,93
SES0006448,U00518,03/11/2023 20:53,2023-11-03T21:03:32Z,618
SES0006449,U00518,2023-11-05 00:22:03,05/11/2023 00:32,603
SES0006450,U00518,2023-11-05 11:57:00,05/11/2023 12:05,513
SES0006451,U00518,2023-11-05 02:37:10,2023-11-05 02:40:57,227
SES0006452,U00518,26/10/2023 21:03,26/10/2023 21:08,309
SES0006453,U00519,2023-08-01 03:09:09,2023-08-01T03:09:19Z,N/A
SES0006454,U00519,2023-07-30T23:52:43Z,2023-07-30T23:54:38Z,115
SES0006455,U00519,2023-07-24T16:39:42Z,2023-07-24 16:54:54,912
SES0006456,U00519,2023-07-27 22:32:34,2023-07-27T22:37:35Z,301
SES0006457,U00519,2023-07-22T06:35:59Z,2023-07-22T06:37:59Z,120
SES0006458,U00520,2024-01-15T00:08:59Z,2024-01-15 00:18:27,568
SES0006459,U00520,27/02/2024 12:08,27/02/2024 12:15,414
SES0006460,U00521,2024-03-02 17:50:49,2024-03-02T17:52:51Z,122
SES0006461,U00521,2024-03-04 12:44:33,2024-03-04T12:47:39Z,186
SES0006462,U00521,2024-03-01 14:08:04,01/03/2024 14:11,197
SES0006463,U00521,04/03/2024 04:23,2024-03-04 04:24:18,72
SES0006464,U00521,04/03/2024 03:49,2024-03-04T03:49:47Z,24
SES0006465,U00521,2024-03-06T04:53:56Z,06/03/2024 05:04,663
SES0006466,U00521,2024-03-04 03:56:39,04/03/2024 04:19,1378
SES0006467,U00521,2024-03-05T22:53:56Z,05/03/2024 22:58,301
SES0006468,U00521,04/03/2024 15:42,2024-03-04 16:07:54,1541
SES0006469,U00521,2024-03-05 11:47:19,2024-03-05T11:48:19Z,60
SES0006470,U00521,2024-03-04 22:31:22,04/03/2024 22:37,
SES0006471,U00521,2024-03-07 21:23:58,2024-03-07 21:26:23,N/A
SES0006472,U00521,2024-03-05T17:20:57Z,2024-03-05 17:20:57,0
SES0006473,U00521,04/03/2024 00:44,2024-03-04 00:46:26,96
SES0006474,U00521,06/03/2024 05:09,2024-03-06 05:14:17,277
SES0006475,U00521,03/03/2024 02:09,2024-03-03 02:09:53,35
SES0006476,U00521,2024-03-03T00:50:31Z,03/03/2024 00:58,496
SES0006477,U00521,03/03/2024 15:25,2024-03-03T15:30:09Z,253
SES0006478,U00521,2024-03-01 15:47:24,01/03/2024 15:58,636
SES0006479,U00521,2024-03-01 08:59:07,01/03/2024 09:03,253
SES0006480,U00521,2024-03-05T11:52:35Z,2024-03-05 11:56:28,233
SES0006481,U00521,2024-03-02T21:06:49Z,02/03/2024 21:10,210
SES0006482,U00521,2024-03-01 02:37:03,2024-03-01 02:41:38,275
SES0006483,U00521,2024-03-06T01:25:04Z,06/03/2024 01:25,52
SES0006484,U00521,2024-03-03 13:39:20,2024-03-03T13:39:48Z,28
SES0006485,U00521,2024-03-06 06:15:25,2024-03-06 06:16:05,40
SES0006486,U00521,06/03/2024 02:43,06/03/2024 02:44,59
SES0006487,U00521,2024-03-04T09:27:07Z,2024-03-04 09:36:06,539
SES0006488,U00521,2024-03-07T05:51:31Z,2024-03-07T05:57:55Z,384
SES0006489,U00521,2024-03-01 19:06:20,2024-03-01 19:08:38,138
SES0006490,U00521,2024-03-03 21:39:18,2024-03-03T21:40:53Z,95
SES0006491,U00521,2024-03-05 21:10:56,05/03/2024 21:11,57
SES0006492,U00521,2024-03-01 02:53:08,2024-03-01T02:57:52Z,284
SES0006493,U00521,2024-03-06 22:10:48,06/03/2024 22:12,
SES0006494,U00521,02/03/2024 20:06,2024-03-02T20:06:52Z,18
SES0006495,U00521,2024-03-07 10:42:32,2024-03-07 10:44:26,N/A
SES0006496,U00521,2024-03-05 16:54:25,2024-03-05T16:57:34Z,189
SES0006497,U00521,2024-03-06 17:12:31,2024-03-06 17:22:57,626
SES0006498,U00521,2024-03-05 22:27:02,05/03/2024 23:04,2240
SES0006499,U00521,01/03/2024 02:32,2024-03-01 02:36:01,228
SES0006500,U00522,2024-02-26 03:03:33,2024-02-26 03:04:05,32
SES0006501,U00522,2024-04-07 06:50:41,2024-04-07T06:51:35Z,54
SES0006502,U00522,2024-02-29T12:05:20Z,2024-02-29 12:15:17,597
SES0006503,U00522,2024-03-20 17:13:22,2024-03-20 17:14:40,78
SES0006504,U00522,2024-04-11 13:12:42,11/04/2024 13:16,198
SES0006505,U00522,01/04/2024 08:52,2024-04-01 08:52:47,23
SES0006506,U00522,2024-05-03T05:25:47Z,03/05/2024 05:26,69
SES0006507,U00522,2024-05-08T06:01:50Z,2024-05-08T06:16:38Z,888
SES0006508,U00522,2024-03-08T00:41:43Z,2024-03-08 00:46:29,286
SES0006509,U00522,2024-05-10T07:26:46Z,10/05/2024 07:33,376
SES0006510,U00522,2024-05-06 17:49:51,2024-05-06 17:52:31,160
SES0006511,U00522,2024-03-14T10:49:29Z,2024-03-14 11:02:22,773
SES0006512,U00522,02/05/2024 08:01,02/05/2024 08:07,381
SES0006513,U00522,2024-04-28T21:19:00Z,28/04/2024 21:26,472
SES0006514,U00522,2024-04-21T10:43:03Z,2024-04-21T10:44:38Z,95
SES0006515,U00522,2024-03-02T18:50:07Z,02/03/2024 18:52,113
SES0006516,U00522,2024-02-13T03:58:03Z,13/02/2024 04:11,818
SES0006517,U00522,2024-02-22T02:09:44Z,22/02/2024 02:10,59
SES0006518,U00522,2024-02-19T09:03:44Z,2024-02-19 09:13:58,614
SES0006519,U00522,2024-02-27 02:09:37,2024-02-27 02:47:02,2245
SES0006520,U00523,13/03/2023 20:35,13/03/2023 20:35,37
SES0006521,U00523,2023-03-08T14:29:35Z,2023-03-08T14:32:07Z,152
SES0006522,U00523,24/03/2023 01:49,24/03/2023 01:50,73
SES0006523,U00524,2023-03-20T18:46:50Z,20/03/2023 18:47,36
SES0006524,U00525,2023-03-02T11:14:52Z,2023-03-02T11:14:52Z,0
SES0006525,U00525,2023-03-30 08:47:15,2023-03-30T08:48:53Z,98
SES0006526,U00525,06/05/2023 06:39,2023-05-06T06:41:58Z,135
SES0006527,U00525,10/05/2023 01:53,10/05/2023 01:54,86
SES0006528,U00525,2023-05-12T10:02:50Z,2023-05-12 10:03:26,36
SES0006529,U00525,2023-05-01T02:52:20Z,2023-05-01T02:55:11Z,171
SES0006530,U00525,2023-03-07T12:12:28Z,2023-03-07 12:17:30,302
SES0006531,U00525,2023-04-03T10:19:02Z,03/04/2023 10:20,106
SES0006532,U00525,01/03/2023 20:28,01/03/2023 20:38,610
SES0006533,U00525,2023-04-21T16:10:24Z,21/04/2023 16:12,120
SES0006534,U00526,06/06/2024 07:11,2024-06-06T07:12:56Z,88
SES0006535,U00527,18/01/2023 20:52,18/01/2023 20:52,16
SES0006536,U00527,2023-01-22 04:18:25,2023-01-24T14:57:04Z,211119
SES0006537,U00527,2023-01-20 22:27:20,2023-01-20 22:32:19,299
SES0006538,U00527,2023-01-22T15:23:44Z,22/01/2023 15:28,263
SES0006539,U00527,2023-01-21T12:44:03Z,2023-01-21T12:44:41Z,38
SES0006540,U00527,2023-01-12T11:47:14Z,2023-01-12 11:50:43,209
SES0006541,U00527,2023-01-21 06:14:54,2023-01-21T06:17:38Z,164
SES0006542,U00527,2023-01-19 03:51:28,20/01/2023 04:42,89482
SES0006543,U00527,24/01/2023 00:03,2023-01-24 00:04:38,N/A
SES0006544,U00527,21/01/2023 20:07,2023-01-21 20:10:32,194
SES0006544,U00527,21/01/2023 20:07,2023-01-21 20:10:32,194
SES0006545,U00528,2024-04-28T19:04:24Z,2024-04-28 19:06:37,133
SES0006546,U00528,2024-05-02T21:16:10Z,2024-05-02 21:17:05,55
SES0006547,U00528,03/03/2024 15:04,2024-03-03 15:07:25,174
SES0006548,U00528,2024-05-16T09:13:47Z,16/05/2024 09:27,794
SES0006549,U00528,28/02/2024 03:32,2024-02-28 03:43:58,697
SES0006550,U00528,2024-05-14 20:51:01,2024-05-14 21:02:14,673
SES0006551,U00528,03/05/2024 20:44,2024-05-03 20:47:06,180
SES0006552,U00528,07/03/2024 01:16,2024-03-09 02:57:22,178882
SES0006553,U00528,2024-03-30T00:19:20Z,30/03/2024 00:24,310
SES0006554,U00528,2024-03-21 12:12:01,2024-03-21T12:12:42Z,41
SES0006555,U00528,11/03/2024 09:27,11/03/2024 09:48,1228
SES0006556,U00528,27/03/2024 16:33,2024-03-27T16:36:08Z,174
SES0006557,U00528,2024-05-01T14:33:10Z,01/05/2024 14:35,133
SES0006558,U00528,2024-05-06 16:46:36,2024-05-06 16:49:09,153
SES0006559,U00528,29/04/2024 15:09,29/04/2024 15:12,205
SES0006560,U00528,30/04/2024 22:42,30/04/2024 22:55,777
SES0006561,U00528,2024-04-14T17:42:51Z,2024-04-14 17:42:51,0
SES0006562,U00528,2024-04-20 09:00:40,2024-04-20T09:01:14Z,N/A
SES0006563,U00528,2024-04-17 13:24:25,17/04/2024 13:27,
SES0006564,U00528,2024-04-26 17:21:18,2024-04-26T17:22:55Z,97
SES0006565,U00528,2024-03-28 03:55:52,28/03/2024 04:00,269
SES0006566,U00528,16/03/2024 11:34,16/03/2024 11:38,243
SES0006567,U00528,09/03/2024 12:56,2024-03-09T12:57:11Z,35
SES0006568,U00528,2024-03-04 17:26:22,2024-03-04 17:27:06,44
SES0006569,U00528,2024-03-12 23:32:42,2024-03-12 23:38:49,367
SES0006570,U00528,30/03/2024 13:42,2024-03-30 13:44:27,136
SES0006571,U00528,2024-03-31T20:51:54Z,2024-03-31 20:52:23,29
SES0006572,U00528,15/03/2024 23:58,15/03/2024 23:59,77
SES0006573,U00528,15/05/2024 20:01,15/05/2024 20:01,22
SES0006574,U00528,2024-03-11 08:26:00,2024-03-11 08:41:02,902
SES0006575,U00528,2024-05-14T08:15:26Z,14/05/2024 08:24,516
SES0006576,U00528,27/03/2024 14:40,2024-03-27T14:41:41Z,65
SES0006577,U00528,2024-03-21 09:55:10,2024-03-21 10:00:48,338
SES0006578,U00528,2024-04-29 23:31:53,29/04/2024 23:42,653
SES0006579,U00528,2024-03-01T17:44:35Z,2024-03-01T17:47:10Z,155
SES0006580,U00528,2024-04-16 15:11:41,16/04/2024 15:12,63
SES0006581,U00528,2024-04-04T07:24:31Z,2024-04-04T07:27:21Z,170
SES0006582,U00528,19/04/2024 03:45,19/04/2024 03:46,16
SES0006583,U00528,12/05/2024 01:44,2024-05-12 01:45:15,44
SES0006584,U00528,2024-03-31 18:11:01,2024-03-31 18:11:17,16
SES0006584,U00528,2024-03-31 18:11:01,2024-03-31 18:11:17,16
SES0006585,U00530,05/06/2023 15:24,2023-06-05 15:29:22,295
SES0006586,U00530,2023-10-10 01:15:19,2023-10-10T01:17:28Z,129
SES0006587,U00530,24/06/2023 11:30,2023-06-24 11:32:35,113
SES0006588,U00530,2023-06-25 08:42:04,2023-06-25T08:46:12Z,248
SES0006589,U00530,2023-09-13T08:14:46Z,13/09/2023 08:49,2096
SES0006590,U00532,2023-10-20 12:46:23,2023-10-20 12:48:23,120
SES0006591,U00532,2023-09-08T19:21:23Z,08/09/2023 19:22,43
SES0006592,U00532,2023-07-16 23:10:26,2023-07-16 23:18:38,492
SES0006593,U00532,11/09/2023 15:01,11/09/2023 15:10,532
SES0006594,U00532,2023-03-29 06:20:16,2023-03-29 06:36:39,983
SES0006595,U00532,12/06/2023 01:24,2023-06-12T01:27:54Z,187
SES0006596,U00532,2023-07-25 03:01:34,2023-07-25 03:02:10,36
SES0006597,U00532,30/08/2023 07:23,2023-08-30T07:24:40Z,75
SES0006598,U00532,2024-01-02T10:21:57Z,2024-01-02T10:22:48Z,51
SES0006599,U00532,25/07/2023 16:07,2023-07-25T16:10:08Z,129
SES0006600,U00532,2023-10-12 18:41:49,2023-10-12T18:42:19Z,30
SES0006601,U00532,2023-09-22 08:42:06,22/09/2023 08:52,632
SES0006602,U00532,2023-11-28T09:00:00Z,2023-11-28T09:00:58Z,58
SES0006603,U00532,2023-12-30 09:52:59,2023-12-30T10:03:09Z,610
SES0006604,U00532,2023-11-26T16:35:13Z,26/11/2023 16:42,435
SES0006605,U00532,2023-05-28 16:14:49,2023-05-28 16:15:02,13
SES0006606,U00532,2023-09-12 04:13:19,2023-09-12T04:16:00Z,161
SES0006607,U00532,2023-10-27T16:21:51Z,2023-10-27T16:25:21Z,210
SES0006608,U00532,2023-12-27 03:35:03,27/12/2023 03:35,14
SES0006609,U00532,2023-10-28 03:14:11,28/10/2023 03:15,82
SES0006610,U00532,23/01/2024 10:39,2024-01-23T10:39:57Z,53
SES0006611,U00532,2023-03-17 08:24:06,17/03/2023 08:31,467
SES0006612,U00532,2023-10-16 18:44:02,2023-10-16 18:48:36,274
SES0006613,U00532,2023-03-17T01:09:36Z,2023-03-17T01:11:25Z,109
SES0006614,U00532,2023-10-23 15:30:36,23/10/2023 15:45,899
SES0006615,U00532,2023-09-01T12:36:06Z,2023-09-01T12:39:35Z,209
SES0006616,U00532,25/09/2023 20:38,25/09/2023 20:39,74
SES0006617,U00532,2023-08-07T06:41:14Z,2023-08-07T06:42:54Z,100
SES0006618,U00532,2023-07-14 12:04:04,2023-07-14 12:07:19,
SES0006619,U00532,2023-12-13T21:31:55Z,2023-12-13T21:32:52Z,57
SES0006620,U00532,2024-03-02 09:02:33,02/03/2024 09:06,234
SES0006621,U00532,2023-08-20 03:04:42,2023-08-20T03:16:26Z,704
SES0006622,U00532,2023-06-27T23:40:27Z,27/06/2023 23:45,287
SES0006623,U00532,19/03/2023 08:43,2023-03-19T08:45:23Z,90
SES0006624,U00532,2023-03-21T08:27:45Z,2023-03-21T08:35:44Z,479
SES0006625,U00532,2023-06-25 12:27:17,25/06/2023 12:33,379
SES0006626,U00532,2023-03-26T13:36:43Z,26/03/2023 13:37,31
SES0006627,U00532,25/03/2023 06:52,2023-03-25 06:57:15,257
SES0006628,U00532,02/01/2024 23:36,02/01/2024 23:43,429
SES0006629,U00532,05/10/2023 04:25,2023-10-05T04:25:02Z,0
SES0006630,U00533,2023-02-13T18:24:07Z,2023-02-13 18:27:28,201
SES0006631,U00533,2023-02-15 09:54:41,15/02/2023 10:02,455
SES0006632,U00533,19/02/2023 10:25,2023-02-19T10:25:02Z,0
SES0006633,U00533,2023-02-19T23:39:30Z,19/02/2023 23:43,242
SES0006634,U00533,16/02/2023 07:19,2023-02-16T07:19:46Z,N/A
SES0006635,U00533,2023-02-17 18:37:44,2023-02-17 18:39:19,95
SES0006636,U00533,2023-02-14T13:54:58Z,2023-02-14T13:59:46Z,288
SES0006637,U00533,2023-02-15 19:42:08,2023-02-15 19:49:08,420
SES0006638,U00533,13/02/2023 06:07,2023-02-13 06:10:27,167
SES0006639,U00533,15/02/2023 05:39,2023-02-15 05:41:38,111
SES0006640,U00533,2023-02-15 04:21:30,2023-02-15T04:22:59Z,89
SES0006641,U00533,17/02/2023 17:01,17/02/2023 17:04,192
SES0006642,U00533,2023-02-18T14:28:36Z,18/02/2023 14:32,210
SES0006643,U00533,15/02/2023 00:01,2023-02-15 00:06:01,278
SES0006644,U00533,2023-02-17T23:00:28Z,17/02/2023 23:01,91
SES0006645,U00534,2023-03-09T17:31:55Z,09/03/2023 17:36,
SES0006646,U00534,2023-03-12T04:52:48Z,2023-03-12 04:56:40,232
SES0006647,U00536,03/07/2023 00:03,2023-07-03 00:07:28,241
SES0006648,U00536,12/07/2023 23:17,12/07/2023 23:19,128
SES0006649,U00536,2023-07-08T18:17:01Z,08/07/2023 18:20,231
SES0006650,U00536,05/07/2023 13:17,2023-07-05T13:18:13Z,31
SES0006651,U00536,2023-07-06 00:50:59,2023-07-06T00:56:09Z,310
SES0006652,U00536,12/07/2023 05:07,2023-07-12 05:10:43,185
SES0006653,U00536,2023-07-12T11:03:52Z,12/07/2023 11:12,536
SES0006654,U00536,2023-07-02T10:57:13Z,02/07/2023 11:24,1643
SES0006655,U00536,2023-07-08T12:15:17Z,2023-07-08 12:17:51,154
SES0006656,U00536,2023-07-06 15:21:37,06/07/2023 15:29,486
SES0006657,U00537,09/08/2023 16:32,2023-08-09T16:50:48Z,1082
SES0006658,U00537,2023-08-10 16:42:09,2023-08-10T16:43:18Z,69
SES0006659,U00537,2023-08-07 05:35:32,07/08/2023 05:38,196
SES0006660,U00537,2023-08-01 09:35:14,01/08/2023 09:37,118
SES0006661,U00537,02/08/2023 14:34,2023-08-02T14:35:39Z,58
SES0006662,U00538,05/09/2023 22:11,2023-09-05 22:14:12,134
SES0006663,U00538,2023-09-18 15:33:32,2023-09-18 15:33:51,19
SES0006664,U00538,2023-09-07 17:21:26,2023-09-07T17:21:46Z,20
SES0006665,U00538,2023-10-01 10:43:51,2023-10-01T10:45:18Z,87
SES0006666,U00538,2023-09-15T15:01:10Z,15/09/2023 15:02,94
SES0006667,U00539,2023-04-29T05:05:28Z,2023-04-30T09:38:57Z,102809
SES0006668,U00540,2023-11-02T12:30:01Z,2023-11-02 12:32:15,134
SES0006669,U00540,2023-11-14 18:12:41,2023-11-14T18:12:44Z,3
SES0006670,U00540,19/01/2024 04:48,2024-01-19 04:50:27,138
SES0006671,U00540,2024-01-01T00:48:53Z,2024-01-01T00:49:29Z,36
SES0006672,U00540,2023-11-29T16:44:59Z,2023-11-29 16:50:17,318
SES0006673,U00540,11/12/2023 09:27,2023-12-11T09:32:50Z,336
SES0006674,U00540,01/12/2023 06:14,2023-12-01T06:20:35Z,392
SES0006675,U00540,11/11/2023 08:46,2023-11-11 08:46:55,0
SES0006676,U00540,2023-11-01T04:02:34Z,2023-11-01T04:06:47Z,253
SES0006677,U00540,10/12/2023 20:37,10/12/2023 20:41,252
SES0006677,U00540,10/12/2023 20:37,10/12/2023 20:41,252
SES0006678,U00542,2024-06-02 06:50:34,02/06/2024 06:56,359
SES0006679,U00542,2024-06-08 15:10:17,2024-06-08T15:10:35Z,
SES0006680,U00542,10/04/2024 08:40,2024-04-10 08:41:23,26
SES0006681,U00542,2024-05-11 15:37:42,2024-05-11T15:41:19Z,217
SES0006682,U00542,2024-03-30T20:29:05Z,30/03/2024 20:33,292
SES0006683,U00542,2024-04-27T20:19:46Z,27/04/2024 20:20,26
SES0006684,U00542,2024-03-13 08:27:26,2024-03-13T08:28:21Z,55
SES0006685,U00542,2024-05-10T22:27:59Z,10/05/2024 22:32,295
SES0006686,U00542,2024-01-28 08:44:11,2024-01-28 08:45:18,67
SES0006687,U00542,2024-03-12T19:41:27Z,2024-03-12T19:45:12Z,225
SES0006688,U00542,2024-03-28 06:21:49,28/03/2024 06:34,744
SES0006689,U00542,01/05/2024 12:42,01/05/2024 12:45,169
SES0006690,U00542,2024-05-06 20:01:42,2024-05-06T20:12:20Z,638
SES0006691,U00542,2024-03-10 20:42:38,2024-03-10T20:43:13Z,35
SES0006692,U00542,02/05/2024 04:57,2024-05-02 04:59:05,68
SES0006693,U00542,2024-05-31T22:56:51Z,2024-05-31T22:58:17Z,86
SES0006694,U00542,09/02/2024 08:34,2024-02-09 08:34:59,15
SES0006695,U00542,08/05/2024 06:02,2024-05-08 06:04:58,161
SES0006696,U00542,2024-03-22 22:59:24,2024-03-22T23:01:40Z,136
SES0006697,U00542,2024-02-02 11:47:35,02/02/2024 11:54,441
SES0006698,U00543,2023-12-28T12:58:28Z,2023-12-28T12:58:47Z,19
SES0006699,U00543,2024-03-02 23:21:17,2024-03-02T23:23:51Z,154
SES0006700,U00544,2024-05-12 07:14:38,2024-05-12T08:05:13Z,3035
SES0006701,U00544,14/04/2024 13:36,2024-04-14T13:36:52Z,N/A
SES0006702,U00544,2024-03-25 06:20:17,2024-03-25 06:25:19,302
SES0006703,U00544,04/03/2024 12:01,2024-03-04 12:02:37,40
SES0006704,U00544,2024-03-06 06:35:27,2024-03-06T06:36:43Z,76
SES0006705,U00544,2024-03-18 23:48:13,18/03/2024 23:56,514
SES0006706,U00544,2023-09-17T12:42:58Z,17/09/2023 12:45,176
SES0006707,U00544,24/01/2024 02:29,2024-01-24T02:29:25Z,0
SES0006708,U00544,17/11/2023 00:14,2023-11-17 00:23:55,543
SES0006709,U00544,2024-04-01 04:01:56,2024-04-01 04:08:25,389
SES0006710,U00544,2024-02-24 17:10:32,2024-02-24 17:14:53,261
SES0006711,U00544,2024-04-25T19:25:04Z,25/04/2024 19:34,547
SES0006712,U00544,16/01/2024 11:41,2024-01-16T11:42:17Z,39
SES0006713,U00544,2024-02-20T17:00:35Z,2024-02-20 17:00:45,10
SES0006714,U00544,2023-09-12T08:31:37Z,2023-09-12 08:34:01,144
SES0006715,U00544,2023-12-15T20:02:10Z,15/12/2023 20:02,22
SES0006716,U00544,2024-06-22 09:47:28,2024-06-22T10:30:56Z,2608
SES0006717,U00544,2023-11-13T23:26:12Z,13/11/2023 23:28,110
SES0006718,U00544,2024-02-11T13:29:30Z,2024-02-11 13:31:09,
SES0006719,U00544,2024-04-18T21:42:35Z,2024-04-18 21:43:52,77
SES0006720,U00544,06/04/2024 01:17,06/04/2024 01:18,48
SES0006721,U00544,05/06/2024 09:56,2024-06-07 07:30:32,164036
SES0006722,U00544,2023-12-19T09:00:20Z,2023-12-19 09:07:33,433
SES0006723,U00544,2024-05-22T01:46:58Z,2024-05-22T01:46:58Z,0
SES0006724,U00544,2024-01-01T09:13:49Z,2024-01-01 09:14:49,60
SES0006725,U00544,2023-11-30 10:12:15,2023-11-30 10:16:55,280
SES0006726,U00544,2023-10-01 02:53:02,2023-10-01T02:59:24Z,382
SES0006727,U00544,2024-02-22T03:45:20Z,2024-02-22T03:49:03Z,223
SES0006728,U00544,2024-01-26T13:36:00Z,2024-01-26T13:39:15Z,195
SES0006729,U00544,2023-11-13 21:56:41,2023-11-13 22:01:19,278
SES0006730,U00544,2024-05-27T20:13:40Z,2024-05-27T20:20:34Z,414
SES0006731,U00544,2023-09-13 12:45:03,13/09/2023 12:45,34
SES0006732,U00544,2024-06-07T08:35:34Z,2024-06-07 08:35:38,4
SES0006733,U00544,2023-09-21T05:37:34Z,2023-09-21T05:38:43Z,69
SES0006734,U00544,07/12/2023 02:22,07/12/2023 02:32,616
SES0006735,U00544,2024-02-15 15:06:57,15/02/2024 15:08,79
SES0006736,U00544,2024-01-13 07:08:07,2024-01-13T07:08:36Z,29
SES0006737,U00544,2023-09-14T02:44:16Z,14/09/2023 02:44,35
SES0006738,U00544,14/01/2024 21:22,2024-01-14T21:22:53Z,30
SES0006739,U00544,08/05/2024 05:14,08/05/2024 05:17,195
SES0006740,U00546,07/01/2024 13:23,2024-01-07 13:25:12,84
SES0006741,U00546,16/03/2024 17:05,16/03/2024 17:07,149
SES0006742,U00546,2023-12-24T17:29:44Z,24/12/2023 17:31,91
SES0006743,U00546,2023-12-07 09:10:28,07/12/2023 09:10,24
SES0006744,U00546,2023-12-09T08:26:30Z,09/12/2023 08:31,291
SES0006745,U00546,2024-02-19 06:43:10,19/02/2024 06:48,324
SES0006746,U00546,2024-02-01T09:29:50Z,2024-02-01 09:32:00,130
SES0006747,U00546,2024-03-08T04:27:36Z,2024-03-08 04:28:51,75
SES0006748,U00546,2024-03-23T18:28:36Z,2024-03-23T18:30:54Z,138
SES0006749,U00546,2024-02-20 09:14:22,2024-02-20 09:17:16,174
SES0006750,U00546,2024-04-19T23:41:58Z,2024-04-19 23:43:09,71
SES0006751,U00546,2024-04-30T02:43:29Z,2024-04-30 02:44:50,81
SES0006752,U00546,11/02/2024 21:07,2024-02-11 21:13:31,382
SES0006753,U00546,02/03/2024 02:04,2024-03-02 02:04:59,29
SES0006754,U00546,2024-03-14 17:13:46,2024-03-14T17:14:38Z,52
SES0006755,U00546,2024-04-19T08:36:25Z,2024-04-19 08:38:50,145
SES0006756,U00546,2024-05-12 19:46:11,12/05/2024 19:48,136
SES0006757,U00546,08/03/2024 22:02,08/03/2024 22:02,31
SES0006758,U00546,2024-03-08T09:07:20Z,08/03/2024 09:08,79
SES0006759,U00546,2024-03-17T16:01:51Z,17/03/2024 16:14,746
SES0006760,U00547,03/05/2024 12:02,2024-05-03 12:04:48,154
SES0006761,U00547,02/05/2024 18:37,2024-05-02T18:38:28Z,31
SES0006762,U00547,2024-05-02T21:18:40Z,2024-05-02T21:29:36Z,656
SES0006763,U00547,2024-04-29 12:49:15,2024-04-29 12:53:34,259
SES0006764,U00547,2024-04-30T23:08:24Z,2024-04-30 23:12:43,259
SES0006765,U00548,2024-03-17 14:28:42,2024-03-17 14:32:43,241
SES0006766,U00548,29/10/2023 00:32,2023-10-29 00:39:59,444
SES0006767,U00548,16/11/2023 16:29,16/11/2023 16:30,48
SES0006768,U00548,28/06/2024 04:25,2024-06-28 04:26:03,35
SES0006769,U00548,2024-05-31 01:40:28,2024-05-31T01:42:28Z,120
SES0006770,U00548,2024-03-28T20:29:48Z,28/03/2024 20:40,614
SES0006771,U00548,2024-01-12T05:41:16Z,2024-01-12 05:45:16,240
SES0006772,U00548,2024-06-03 05:09:32,2024-06-03T05:10:00Z,28
SES0006773,U00548,2024-06-06 19:30:33,2024-06-06T19:32:16Z,103
SES0006774,U00548,2024-05-17T02:23:53Z,2024-05-17T02:23:53Z,0
SES0006775,U00548,2024-01-16T15:52:01Z,2024-01-16 15:52:34,33
SES0006776,U00548,08/02/2024 02:04,2024-02-08 02:05:19,23
SES0006777,U00548,04/11/2023 01:34,2023-11-04 01:35:58,
SES0006778,U00548,07/02/2024 10:47,2024-02-07T10:52:07Z,N/A
SES0006779,U00548,26/10/2023 23:50,2023-10-26T23:55:50Z,295
SES0006780,U00548,2024-05-19 17:18:00,19/05/2024 17:19,119
SES0006781,U00548,06/02/2024 16:13,2024-02-06T16:14:30Z,46
SES0006782,U00548,2024-05-12T05:22:25Z,2024-05-12T05:27:15Z,290
SES0006783,U00548,2023-11-08 05:43:57,08/11/2023 05:44,34
SES0006784,U00548,2024-02-02 00:49:11,2024-02-02T00:50:41Z,90
SES0006785,U00548,07/04/2024 03:49,2024-04-07T03:51:01Z,101
SES0006786,U00548,2024-04-07 11:13:35,07/04/2024 11:14,29
SES0006787,U00548,2023-12-14 04:15:27,2023-12-14 04:15:36,9
SES0006788,U00548,2024-04-16 12:38:42,2024-04-16T12:45:46Z,424
SES0006789,U00548,2024-06-20T14:35:25Z,2024-06-20T15:20:57Z,2732
SES0006790,U00548,2023-12-09 16:10:11,2023-12-09 16:16:15,364
SES0006791,U00548,11/06/2024 07:48,2024-06-11 07:52:21,207
SES0006792,U00548,2024-06-14 17:17:56,14/06/2024 17:18,6
SES0006793,U00548,2023-12-08T07:49:44Z,2023-12-08 08:00:40,656
SES0006794,U00548,2024-05-23T04:18:43Z,2024-05-23 04:20:42,119
SES0006795,U00550,2023-08-02 15:13:24,2023-08-02 15:15:40,136
SES0006796,U00550,2023-08-03T08:59:08Z,2023-08-03 09:01:42,154
SES0006797,U00550,31/07/2023 07:57,31/07/2023 07:59,122
SES0006798,U00550,30/07/2023 08:44,2023-07-30 08:46:07,79
SES0006799,U00550,2023-08-03 14:16:44,03/08/2023 14:23,412
SES0006800,U00550,2023-07-30 07:22:48,2023-07-30 07:40:35,1067
SES0006801,U00550,2023-08-01 22:54:01,2023-08-01 23:01:31,450
SES0006802,U00550,2023-07-31 02:00:59,2023-07-31T02:00:59Z,0
SES0006803,U00550,2023-07-31 07:02:29,31/07/2023 07:04,106
SES0006804,U00550,2023-07-31 23:16:45,2023-07-31 23:17:28,43
SES0006805,U00550,2023-07-31 11:20:51,2023-07-31 11:21:06,
SES0006806,U00550,2023-08-01T06:48:28Z,2023-08-01T06:48:28Z,0
SES0006807,U00550,2023-08-04 02:43:22,2023-08-04T02:48:07Z,285
SES0006808,U00550,29/07/2023 04:32,29/07/2023 04:38,368
SES0006809,U00550,29/07/2023 13:38,2023-07-29T13:38:55Z,0
SES0006810,U00550,30/07/2023 14:34,2023-07-30 14:36:22,133
SES0006811,U00550,2023-08-04 23:58:27,2023-08-05 00:01:23,176
SES0006812,U00550,2023-07-31T06:17:56Z,31/07/2023 06:19,107
SES0006813,U00550,2023-08-03T01:17:24Z,2023-08-03 01:17:24,0
SES0006814,U00550,2023-07-30 10:16:26,30/07/2023 10:17,55
SES0006815,U00550,29/07/2023 14:24,2023-07-29 14:25:00,3
SES0006816,U00550,2023-08-01 04:45:39,01/08/2023 04:55,583
SES0006817,U00550,2023-08-02T15:01:03Z,2023-08-02T15:01:55Z,52
SES0006818,U00550,29/07/2023 19:41,2023-07-29T19:45:07Z,215
SES0006819,U00550,2023-08-01T15:07:54Z,2023-08-01 15:08:26,32
SES0006820,U00550,2023-08-02 07:08:49,2023-08-02T07:09:06Z,17
SES0006821,U00550,03/08/2023 11:31,2023-08-03T11:49:39Z,1096
SES0006822,U00550,2023-08-02 15:46:46,2023-08-02 15:46:56,10
SES0006823,U00550,2023-07-30T16:03:59Z,30/07/2023 16:09,317
SES0006824,U00550,2023-07-30T05:52:37Z,2023-07-30 05:52:47,10
SES0006825,U00551,2024-04-23 03:18:51,2024-04-23T03:21:26Z,155
SES0006826,U00551,2024-03-11T07:13:52Z,2024-03-11 07:19:18,326
SES0006827,U00551,2024-03-30 19:37:29,30/03/2024 19:48,667
SES0006828,U00551,14/06/2024 19:36,2024-06-14 19:39:40,180
SES0006829,U00551,2024-05-02 15:16:14,2024-05-02T15:32:02Z,948
SES0006830,U00552,2023-01-24 03:59:44,24/01/2023 04:01,86
SES0006831,U00552,04/02/2023 07:50,04/02/2023 07:55,258
SES0006832,U00552,29/01/2023 13:46,29/01/2023 13:47,40
SES0006833,U00553,2023-11-02 09:39:27,2023-11-02 09:43:12,225
SES0006834,U00554,2024-01-05T17:40:05Z,2024-01-05 17:53:24,
SES0006835,U00554,2023-06-14 19:37:18,14/06/2023 19:59,1305
SES0006836,U00554,2023-06-19 13:31:13,2023-06-19T13:37:11Z,358
SES0006837,U00554,2023-12-27T14:15:15Z,27/12/2023 14:16,79
SES0006838,U00554,26/08/2023 12:00,2023-08-26T12:05:28Z,279
SES0006839,U00554,24/02/2024 08:55,24/02/2024 09:01,352
SES0006840,U00554,2023-05-05 01:27:08,05/05/2023 01:30,182
SES0006841,U00554,2023-04-26 11:35:07,26/04/2023 11:39,261
SES0006842,U00554,2023-06-06T20:29:37Z,2023-06-06 20:35:11,334
SES0006843,U00554,05/12/2023 18:57,2023-12-05T19:02:47Z,331
SES0006844,U00556,14/05/2023 17:33,2023-05-14T17:35:03Z,N/A
SES0006845,U00558,2024-05-05 04:02:20,2024-05-05T04:06:35Z,255
SES0006846,U00558,2024-06-17 09:47:34,2024-06-17 09:51:17,223
SES0006847,U00559,2024-02-23T09:34:12Z,2024-02-23T09:47:57Z,825
SES0006848,U00559,2023-12-28T16:13:28Z,28/12/2023 16:14,46
SES0006849,U00559,2024-03-17T14:21:52Z,17/03/2024 14:28,374
SES0006850,U00559,09/03/2024 22:31,2024-03-09T22:32:57Z,66
SES0006851,U00559,2024-02-07T23:00:39Z,07/02/2024 23:00,18
SES0006852,U00560,08/06/2024 11:01,2024-06-08T11:02:20Z,41
SES0006853,U00560,2024-06-28T21:25:03Z,28/06/2024 21:26,114
SES0006854,U00560,2024-06-03 22:31:47,03/06/2024 22:33,105
SES0006855,U00560,2024-05-25T13:05:14Z,25/05/2024 13:09,279
SES0006856,U00560,2024-04-30T00:46:08Z,2024-04-30 00:55:55,587
SES0006857,U00560,2024-05-14 21:38:28,2024-05-14 21:39:49,81
SES0006858,U00560,2024-06-25T20:26:24Z,2024-06-25 20:28:38,134
SES0006859,U00560,2024-06-09 06:30:09,2024-06-09T06:32:02Z,113
SES0006860,U00560,2024-06-10T20:26:12Z,10/06/2024 20:30,258
SES0006861,U00560,2024-06-06T14:54:10Z,2024-06-06T14:55:31Z,81
SES0006862,U00560,2024-05-06 10:35:49,2024-05-06T10:36:25Z,36
SES0006863,U00560,28/04/2024 23:23,2024-04-28 23:24:10,53
SES0006864,U00560,02/05/2024 09:52,2024-05-02T09:54:39Z,
SES0006865,U00560,2024-05-12T13:17:20Z,2024-05-12T13:17:20Z,0
SES0006866,U00560,2024-06-14T17:39:07Z,14/06/2024 17:44,345
SES0006867,U00560,15/05/2024 05:29,2024-05-15 05:33:49,287
SES0006868,U00560,2024-06-28 21:12:47,28/06/2024 21:17,289
SES0006869,U00560,10/05/2024 08:24,2024-05-10T08:43:10Z,1139
SES0006870,U00560,26/04/2024 08:56,2024-04-26T09:00:04Z,208
SES0006871,U00560,2024-05-26 05:33:28,2024-05-26 05:39:10,342
SES0006872,U00560,29/04/2024 05:12,2024-04-29T05:12:54Z,0
SES0006873,U00560,2024-05-23T05:58:34Z,2024-05-23 05:59:16,42
SES0006874,U00560,2024-06-08T20:11:23Z,08/06/2024 20:12,50
SES0006875,U00560,28/05/2024 01:48,2024-05-28T01:49:43Z,65
SES0006876,U00560,06/05/2024 05:55,2024-05-06T05:55:38Z,0
SES0006877,U00560,2024-06-21T02:57:01Z,21/06/2024 02:57,15
SES0006878,U00560,2024-05-27 01:26:13,27/05/2024 01:30,243
SES0006879,U00560,2024-05-13 16:13:00,2024-05-13T16:15:52Z,172
SES0006880,U00560,2024-05-20 09:09:58,2024-05-20T09:12:15Z,
SES0006881,U00560,2024-05-30 14:50:58,2024-05-30T14:52:28Z,90
SES0006882,U00560,2024-05-04T15:13:30Z,2024-05-04 15:13:53,23
SES0006883,U00560,2024-06-22T23:51:39Z,22/06/2024 23:53,114
SES0006884,U00560,2024-05-09T20:04:24Z,2024-05-09T20:04:51Z,27
SES0006885,U00560,2024-04-26 10:07:13,2024-04-26 10:07:13,0
SES0006886,U00560,27/04/2024 10:54,27/04/2024 10:55,67
SES0006887,U00560,22/06/2024 17:55,2024-06-22T18:10:27Z,911
SES0006888,U00560,2024-06-04 08:58:12,2024-06-04 09:03:40,328
SES0006889,U00560,2024-06-27T07:50:08Z,2024-06-27 07:50:56,48
SES0006890,U00560,2024-06-05 18:00:57,2024-06-05 18:01:06,9
SES0006891,U00560,2024-04-29T15:06:03Z,29/04/2024 15:07,116
SES0006892,U00560,2024-05-30T09:32:08Z,2024-05-30 09:36:31,N/A
SES0006893,U00560,03/05/2024 04:46,03/05/2024 04:47,48
SES0006894,U00560,21/05/2024 02:55,2024-05-21T03:55:12Z,3598
SES0006895,U00560,17/06/2024 01:20,17/06/2024 01:21,71
SES0006896,U00560,21/06/2024 15:59,21/06/2024 16:00,32
SES0006897,U00560,2024-06-26T20:51:44Z,2024-06-26T21:08:14Z,990
SES0006898,U00560,2024-06-22 01:34:43,2024-06-22 01:39:22,279
SES0006899,U00560,2024-06-27T09:27:45Z,2024-06-27T09:38:53Z,668
SES0006900,U00560,30/05/2024 23:49,2024-05-30 23:52:53,192
SES0006901,U00560,2024-06-10 09:15:43,2024-06-10T09:22:37Z,414
SES0006902,U00560,2024-04-26T17:02:11Z,2024-04-26T17:19:57Z,1066
SES0006903,U00560,19/05/2024 07:51,2024-05-19T07:56:08Z,306
SES0006904,U00560,2024-05-19T15:16:16Z,2024-05-19T15:24:31Z,495
SES0006905,U00560,2024-06-20 19:02:34,2024-06-23 05:46:03,211409
SES0006906,U00560,2024-06-15T09:32:45Z,15/06/2024 09:38,339
SES0006907,U00560,15/05/2024 21:19,2024-05-15T21:19:38Z,8
SES0006908,U00560,12/06/2024 06:19,2024-06-12T06:20:30Z,80
SES0006909,U00560,2024-06-03T09:38:01Z,2024-06-03T09:38:01Z,0
SES0006910,U00560,01/05/2024 04:16,2024-05-01T04:30:24Z,835
SES0006911,U00560,2024-06-17 12:34:01,2024-06-17 12:36:17,136
SES0006912,U00560,07/05/2024 10:02,2024-05-07T10:02:42Z,14
SES0006913,U00560,11/06/2024 00:52,2024-06-11T00:55:58Z,200
SES0006914,U00560,2024-05-21T21:24:33Z,21/05/2024 21:27,158
SES0006915,U00560,2024-05-23 01:23:36,23/05/2024 01:23,0
SES0006916,U00560,09/05/2024 00:28,2024-05-09T00:35:48Z,446
SES0006917,U00560,2024-06-04T18:46:35Z,04/06/2024 18:47,73
SES0006918,U00560,2024-04-28 08:58:19,28/04/2024 08:58,N/A
SES0006919,U00560,2024-06-14 03:18:23,2024-06-14 03:20:30,127
SES0006920,U00560,27/04/2024 18:20,27/04/2024 18:23,175
SES0006921,U00560,2024-05-05 18:19:23,2024-05-05 18:20:58,95
SES0006922,U00560,28/04/2024 16:49,2024-04-28 16:52:27,N/A
SES0006923,U00560,2024-05-08T04:14:26Z,2024-05-08 04:16:02,96
SES0006924,U00560,2024-06-10T18:55:12Z,2024-06-10T18:55:28Z,16
SES0006925,U00560,2024-06-24T13:35:07Z,2024-06-24T13:35:23Z,16
SES0006926,U00560,2024-06-15T14:59:03Z,2024-06-15 15:02:03,180
SES0006927,U00560,2024-06-27T17:20:00Z,2024-06-27 17:21:47,107
SES0006928,U00560,2024-04-29 00:33:22,29/04/2024 00:34,
SES0006929,U00560,2024-06-01T09:47:29Z,01/06/2024 09:48,75
SES0006930,U00560,2024-06-03 04:33:26,2024-06-03T04:35:36Z,130
SES0006931,U00560,30/05/2024 18:40,30/05/2024 18:40,31
SES0006932,U00561,2024-02-07T08:22:24Z,2024-02-07 08:24:27,123
SES0006933,U00561,2024-03-29 21:49:22,29/03/2024 21:50,48
SES0006934,U00561,21/01/2024 05:13,21/01/2024 05:16,148
SES0006935,U00561,2023-12-28T12:30:21Z,2023-12-30 15:35:50,183929
SES0006936,U00561,2024-03-21T19:30:04Z,2024-03-21T19:45:56Z,952
SES0006937,U00561,13/03/2024 09:33,2024-03-13T09:35:48Z,133
SES0006938,U00561,2024-04-13 10:25:32,2024-04-13 10:31:28,356
SES0006939,U00561,2024-02-05T15:48:52Z,2024-02-05 15:51:39,167
SES0006940,U00561,2024-03-09T05:26:24Z,09/03/2024 05:26,0
SES0006941,U00561,2024-05-16T04:35:00Z,16/05/2024 04:37,134
SES0006942,U00562,30/11/2023 14:09,2023-11-30T14:25:42Z,987
SES0006943,U00562,2024-01-22 13:50:47,2024-01-22 13:54:46,239
SES0006944,U00562,2023-09-06T16:15:49Z,2023-09-06T16:18:51Z,182
SES0006945,U00562,2023-12-07 21:52:32,2023-12-07T21:56:43Z,251
SES0006946,U00562,01/01/2024 11:45,2024-01-01 11:46:58,96
SES0006947,U00562,2024-02-15 06:22:56,2024-02-15 06:30:11,435
SES0006948,U00562,2024-02-09T19:09:22Z,2024-02-09T19:11:27Z,125
SES0006949,U00562,2023-11-10 16:14:12,2023-11-10T16:16:54Z,162
SES0006950,U00562,31/12/2023 16:20,2023-12-31 16:20:57,38
SES0006951,U00562,22/11/2023 05:44,2023-11-22T05:50:40Z,342
SES0006952,U00563,2024-02-05T01:04:29Z,2024-02-05T01:08:45Z,256
SES0006953,U00563,17/05/2024 15:28,17/05/2024 15:32,
SES0006954,U00564,29/08/2023 14:37,2023-08-29 14:45:14,457
SES0006955,U00564,2023-08-17 03:48:23,17/08/2023 04:07,1125
SES0006956,U00564,2023-08-23 00:14:31,2023-08-23T00:15:34Z,63
SES0006957,U00564,19/08/2023 21:59,2023-08-19T22:07:51Z,472
SES0006958,U00564,19/08/2023 12:32,2023-08-19 12:32:08,N/A
SES0006959,U00564,2023-08-24 00:18:43,24/08/2023 00:21,148
SES0006960,U00564,27/08/2023 15:21,2023-08-27T15:29:33Z,455
SES0006961,U00564,2023-08-24T12:12:09Z,2023-08-24T12:13:06Z,57
SES0006962,U00564,2023-08-20 13:22:12,2023-08-20T13:23:32Z,80
SES0006963,U00564,2023-08-25 01:19:47,2023-08-25T01:20:00Z,13
SES0006964,U00565,19/12/2023 02:06,2023-12-19 02:44:42,2286
SES0006965,U00565,2024-01-21 17:41:40,21/01/2024 17:43,N/A
SES0006966,U00565,2024-03-17 05:28:26,17/03/2024 06:12,2632
SES0006967,U00565,2024-01-09 12:05:06,2024-01-09T12:05:36Z,30
SES0006968,U00565,2023-10-20T11:30:05Z,2023-10-20T11:37:51Z,466
SES0006969,U00567,29/06/2024 14:45,2024-06-29T15:23:37Z,2267
SES0006970,U00568,2023-07-10 17:11:19,2023-07-12T02:32:33Z,120074
SES0006971,U00569,12/05/2024 17:59,2024-05-12 18:12:38,759
SES0006972,U00571,2023-10-20T17:07:27Z,2023-10-20T17:08:29Z,N/A
SES0006973,U00572,2024-04-01T08:52:24Z,2024-04-01T09:12:31Z,1207
SES0006974,U00572,2024-06-16 18:16:04,16/06/2024 18:37,1305
SES0006975,U00572,2024-04-05T01:11:26Z,2024-04-05T01:17:51Z,385
SES0006976,U00572,05/05/2024 00:00,05/05/2024 00:02,129
SES0006977,U00572,2024-06-11 03:00:23,11/06/2024 03:02,N/A
SES0006978,U00574,2023-05-15T22:29:11Z,2023-05-15T22:29:33Z,22
SES0006979,U00574,14/05/2023 08:50,2023-05-14T08:51:27Z,72
SES0006980,U00574,14/05/2023 17:11,2023-05-14 17:11:59,34
SES0006981,U00574,2023-05-15T15:35:45Z,2023-05-15 15:38:23,
SES0006982,U00574,2023-05-17 14:27:01,2023-05-17T14:50:22Z,1401
SES0006983,U00576,2024-02-08 22:51:33,08/02/2024 22:55,210
SES0006984,U00576,2024-02-03 19:04:17,2024-02-03 19:07:48,211
SES0006985,U00576,14/02/2024 01:38,2024-02-14 01:41:58,185
SES0006986,U00576,2024-02-07 16:41:00,2024-02-07 16:45:18,258
SES0006987,U00576,2024-02-05 02:03:39,05/02/2024 02:33,1770
SES0006988,U00576,2024-02-06T18:24:10Z,06/02/2024 18:24,27
SES0006989,U00576,2024-02-07 07:38:51,09/02/2024 15:54,N/A
SES0006990,U00576,2024-02-06 01:36:56,06/02/2024 01:40,197
SES0006991,U00576,03/02/2024 06:42,03/02/2024 06:46,273
SES0006992,U00576,2024-02-11T09:20:08Z,2024-02-11T09:20:27Z,19
SES0006993,U00577,2023-12-13T11:12:34Z,2023-12-13T11:27:25Z,891
SES0006994,U00577,17/12/2023 02:37,2023-12-17 02:38:44,46
SES0006995,U00578,2023-10-28T01:34:28Z,2023-10-28T01:45:33Z,665
SES0006996,U00578,2024-03-08 05:29:11,2024-03-08T05:30:05Z,
SES0006997,U00578,2023-12-16T21:25:59Z,2023-12-16 21:41:45,946
SES0006998,U00579,2023-12-20 19:23:55,2023-12-20 19:35:05,670
SES0006999,U00579,2023-12-19 18:09:00,2023-12-19T18:10:03Z,63
SES0007000,U00579,21/11/2023 01:24,21/11/2023 01:52,1708
SES0007001,U00579,2023-12-19 13:55:48,2023-12-19T13:57:03Z,75
SES0007002,U00579,22/11/2023 07:36,2023-11-22 07:37:12,40
SES0007003,U00579,2023-12-11 04:24:10,2023-12-11 04:26:38,148
SES0007004,U00579,06/12/2023 17:50,2023-12-06 17:58:30,458
SES0007005,U00579,2023-11-28 16:11:27,2023-11-28 16:12:47,80
SES0007006,U00579,2023-12-07T17:11:53Z,07/12/2023 17:18,393
SES0007007,U00579,02/12/2023 08:17,02/12/2023 08:18,25
SES0007008,U00580,2023-11-10 13:50:07,2023-11-10 15:57:43,7656
SES0007009,U00580,09/11/2023 02:35,2023-11-09 02:38:48,N/A
SES0007010,U00581,2024-02-13T23:52:25Z,13/02/2024 23:57,331
SES0007011,U00581,2024-02-15 22:08:48,15/02/2024 22:11,136
SES0007012,U00581,2024-02-10 09:18:50,10/02/2024 09:26,435
SES0007013,U00581,2024-02-15 20:44:44,17/02/2024 01:51,104805
SES0007014,U00581,2024-02-13T07:48:10Z,2024-02-13T07:50:26Z,136
SES0007015,U00582,2024-06-02 07:23:02,2024-06-02 07:23:02,0
SES0007015,U00582,2024-06-02 07:23:02,2024-06-02 07:23:02,0
SES0007016,U00583,2023-02-28 06:47:16,2023-02-28 06:52:26,310
SES0007017,U00583,18/05/2023 01:43,2023-05-18T01:44:35Z,36
SES0007018,U00583,2023-03-03T03:09:31Z,03/03/2023 03:10,77
SES0007019,U00583,18/03/2023 12:59,18/03/2023 13:11,734
SES0007020,U00583,2023-03-21T20:31:27Z,2023-03-21 20:33:50,143
SES0007021,U00583,21/03/2023 11:36,2023-03-21T11:39:34Z,160
SES0007022,U00583,15/04/2023 19:29,2023-04-15 19:35:39,371
SES0007023,U00583,2023-04-07T03:36:03Z,2023-04-07T03:44:26Z,503
SES0007024,U00583,26/04/2023 07:38,2023-04-26T07:38:55Z,12
SES0007025,U00583,2023-03-19 15:20:10,19/03/2023 15:20,45
SES0007026,U00583,26/03/2023 21:34,26/03/2023 21:35,37
SES0007027,U00583,04/03/2023 21:22,2023-03-04 21:23:41,97
SES0007028,U00583,2023-04-24T16:32:45Z,2023-04-24T16:38:49Z,364
SES0007029,U00583,24/05/2023 19:26,2023-05-24T19:37:53Z,690
SES0007030,U00583,2023-04-17 21:44:47,2023-04-17T21:45:37Z,50
SES0007031,U00583,2023-03-14 17:10:19,2023-03-14T17:18:54Z,515
SES0007032,U00583,2023-03-24T23:48:48Z,24/03/2023 23:51,137
SES0007033,U00583,2023-04-16T19:41:34Z,2023-04-16 19:51:25,591
SES0007034,U00583,2023-04-28 19:42:55,28/04/2023 19:55,
SES0007035,U00583,26/03/2023 11:04,2023-03-26T11:05:45Z,48
SES0007036,U00583,2023-04-08T06:46:38Z,08/04/2023 06:46,18
SES0007037,U00583,13/03/2023 04:02,2023-03-13 04:26:43,1446
SES0007038,U00583,2023-05-09T08:59:40Z,09/05/2023 09:01,90
SES0007039,U00583,13/03/2023 08:19,2023-03-13 08:19:38,27
SES0007040,U00583,2023-03-30 09:40:30,2023-03-30 09:40:30,0
SES0007041,U00583,09/05/2023 23:11,09/05/2023 23:12,36
SES0007042,U00583,22/04/2023 23:38,2023-04-22T23:39:15Z,39
SES0007043,U00583,2023-05-02 10:14:18,2023-05-02T10:15:14Z,56
SES0007044,U00583,23/04/2023 09:32,2023-04-23T09:33:28Z,62
SES0007045,U00583,2023-05-16T20:40:40Z,2023-05-16T20:41:46Z,66
SES0007046,U00584,2023-11-15 10:40:08,15/11/2023 10:42,N/A
SES0007047,U00584,2023-09-17T22:39:30Z,2023-09-17 22:41:09,N/A
SES0007048,U00584,2023-08-22T00:09:15Z,2023-08-22T00:10:01Z,46
SES0007049,U00584,2023-05-05 04:35:44,2023-05-05T04:39:10Z,206
SES0007050,U00584,06/08/2023 07:48,2023-08-06T07:52:00Z,206
SES0007051,U00585,2024-03-24T18:03:45Z,2024-03-24 18:04:18,33
SES0007052,U00585,08/03/2024 09:28,2024-03-08T09:30:54Z,157
SES0007053,U00585,2024-03-14T16:03:33Z,14/03/2024 16:06,147
SES0007054,U00585,14/03/2024 06:19,2024-03-14 06:20:23,31
SES0007055,U00585,2024-03-30T17:02:26Z,2024-03-30T17:02:54Z,28
SES0007056,U00585,2024-03-18 21:23:18,2024-03-18 21:24:11,53
SES0007057,U00585,2024-03-18T23:55:43Z,19/03/2024 00:01,366
SES0007058,U00585,2024-03-15 01:33:25,2024-03-15T01:34:58Z,93
SES0007059,U00585,2024-03-10T06:29:28Z,2024-03-10 06:29:56,28
SES0007060,U00585,03/04/2024 16:44,2024-04-03 16:44:55,39
SES0007061,U00586,2023-12-28 07:08:48,2023-12-28T07:18:19Z,571
SES0007062,U00587,2023-06-04T09:56:09Z,2023-06-04T09:58:22Z,133
SES0007063,U00587,2023-08-28 02:55:08,2023-08-28 03:03:56,528
SES0007064,U00587,2023-07-21 11:10:20,2023-07-21T11:12:14Z,
SES0007065,U00587,2023-06-12 13:26:44,12/06/2023 13:29,177
SES0007066,U00587,2023-10-22T14:01:51Z,22/10/2023 14:05,220
SES0007067,U00587,2023-09-29T00:32:34Z,2023-09-29 00:38:10,336
SES0007068,U00587,2023-07-20 10:22:48,2023-07-20T10:25:47Z,179
SES0007069,U00587,2023-08-30T01:04:02Z,2023-08-30 01:05:16,74
SES0007070,U00587,2023-05-28 08:10:34,28/05/2023 08:11,81
SES0007071,U00587,2023-10-13 19:40:15,13/10/2023 20:00,1212
SES0007072,U00589,2024-04-06 01:10:02,2024-04-06T01:15:38Z,336
SES0007073,U00589,27/05/2024 15:38,2024-05-27T15:45:28Z,398
SES0007074,U00589,2024-04-19T19:16:07Z,2024-04-19T19:17:36Z,89
SES0007075,U00589,2024-06-17 06:12:53,2024-06-17T06:18:47Z,354
SES0007076,U00589,20/06/2024 17:33,2024-06-20T18:08:26Z,2085
SES0007077,U00589,05/06/2024 21:41,2024-06-05T21:41:59Z,23
SES0007078,U00589,25/06/2024 18:42,25/06/2024 18:48,351
SES0007079,U00589,2024-06-28 16:06:19,2024-06-28T16:15:00Z,521
SES0007080,U00589,2024-04-06 17:24:15,2024-04-06T17:26:38Z,143
SES0007081,U00589,2024-04-09T18:56:36Z,2024-04-09T18:59:35Z,179
SES0007082,U00590,28/08/2023 04:30,2023-08-28T04:35:21Z,268
SES0007083,U00590,2023-07-09 22:59:06,09/07/2023 22:59,53
SES0007084,U00590,26/07/2023 18:09,26/07/2023 18:17,492
SES0007085,U00590,2023-08-07 21:35:45,2023-08-07T21:35:59Z,14
SES0007086,U00590,2023-08-02 21:04:24,2023-08-02 21:15:00,636
SES0007087,U00590,17/07/2023 21:31,2023-07-17T21:36:13Z,282
SES0007088,U00590,16/06/2023 23:22,2023-06-16T23:31:20Z,530
SES0007089,U00590,2023-08-23T07:31:35Z,2023-08-23T07:42:04Z,629
SES0007090,U00590,12/06/2023 06:47,2023-06-12T06:53:48Z,361
SES0007091,U00590,12/06/2023 12:17,12/06/2023 12:26,497
SES0007092,U00591,2024-05-12 22:25:53,12/05/2024 22:27,79
SES0007093,U00591,2024-05-03T10:19:25Z,2024-05-03T10:19:49Z,24
SES0007094,U00591,2024-04-24 15:28:23,24/04/2024 15:52,1454
SES0007095,U00591,2024-04-14T01:24:18Z,14/04/2024 01:24,29
SES0007096,U00591,2024-04-29T22:37:37Z,2024-04-29T22:42:38Z,301
SES0007097,U00591,23/04/2024 16:58,2024-04-23 17:00:20,92
SES0007098,U00591,2024-04-30T00:28:32Z,2024-04-30 00:36:09,457
SES0007099,U00591,2024-06-04T09:51:19Z,2024-06-04T09:54:38Z,199
SES0007100,U00591,28/05/2024 12:12,2024-05-28T12:13:30Z,50
SES0007101,U00591,2024-04-28 18:04:31,28/04/2024 18:23,1161
SES0007102,U00592,2023-09-22 13:51:08,22/09/2023 13:51,
SES0007102,U00592,2023-09-22 13:51:08,22/09/2023 13:51,
SES0007103,U00593,2024-06-12T16:33:01Z,12/06/2024 16:35,142
SES0007104,U00593,2024-06-12T08:41:37Z,12/06/2024 08:41,11
SES0007105,U00593,2024-06-06 19:50:20,06/06/2024 19:52,130
SES0007106,U00593,2024-06-23 14:45:36,2024-06-23T14:45:36Z,0
SES0007107,U00593,2024-06-16 11:22:16,2024-06-16 11:22:47,31
SES0007108,U00593,2024-06-12T05:32:43Z,12/06/2024 05:36,198
SES0007109,U00593,2024-06-06 00:08:43,2024-06-06 00:09:43,60
SES0007110,U00593,2024-06-20T22:47:47Z,2024-06-20 22:50:35,168
SES0007111,U00593,17/06/2024 21:13,2024-06-17 21:17:37,261
SES0007112,U00593,2024-06-10 10:12:49,2024-06-10T10:14:48Z,
SES0007113,U00593,22/06/2024 05:53,2024-06-22T05:59:24Z,N/A
SES0007114,U00593,27/06/2024 15:35,2024-06-27T15:54:34Z,1174
SES0007115,U00593,2024-06-13T16:13:40Z,13/06/2024 16:15,109
SES0007116,U00593,21/06/2024 01:41,2024-06-21T01:41:28Z,13
SES0007117,U00593,2024-06-24T20:49:51Z,2024-06-24T20:53:38Z,227
SES0007118,U00593,2024-06-11 06:17:00,2024-06-11T06:17:47Z,47
SES0007119,U00593,2024-06-29 10:10:57,29/06/2024 10:12,74
SES0007120,U00593,2024-06-14 23:48:58,14/06/2024 23:51,157
SES0007121,U00593,2024-06-11 09:52:01,11/06/2024 09:52,33
SES0007122,U00593,06/06/2024 17:42,2024-06-06 17:49:36,403
SES0007123,U00594,09/05/2024 21:44,2024-05-09 21:46:43,122
SES0007124,U00594,2024-05-11 15:42:56,2024-05-11 15:44:27,91
SES0007125,U00594,2024-05-04 06:34:33,2024-05-04T06:34:33Z,0
SES0007126,U00594,2024-05-05T07:47:12Z,2024-05-05 07:51:16,244
SES0007127,U00594,2024-05-16 20:01:44,2024-05-16T20:05:55Z,251
SES0007128,U00594,2024-05-11 14:11:04,2024-05-11 14:14:55,N/A
SES0007129,U00594,2024-04-12T11:48:55Z,12/04/2024 11:49,39
SES0007130,U00594,2024-05-11T06:49:35Z,2024-05-11 06:52:53,198
SES0007131,U00594,2024-04-11 02:13:12,2024-04-11T02:14:20Z,68
SES0007132,U00594,12/04/2024 01:32,2024-04-12T01:33:13Z,N/A
SES0007133,U00594,2024-04-28 01:22:29,28/04/2024 01:35,794
SES0007134,U00594,2024-04-10 02:29:07,2024-04-10T02:29:39Z,
SES0007135,U00594,2024-06-02 01:28:48,2024-06-02T01:49:44Z,N/A
SES0007136,U00594,10/06/2024 15:28,2024-06-10 15:28:44,21
SES0007137,U00594,15/06/2024 10:35,2024-06-15 10:38:46,210
SES0007138,U00594,2024-06-07 19:49:15,2024-06-07 19:51:25,130
SES0007139,U00594,15/05/2024 06:10,2024-05-15T06:13:56Z,201
SES0007140,U00594,2024-06-15 08:12:55,15/06/2024 08:31,1118
SES0007141,U00594,2024-04-22 00:39:30,2024-04-22T00:45:36Z,366
SES0007142,U00594,26/04/2024 18:26,26/04/2024 18:31,311
SES0007143,U00594,2024-06-18T06:20:50Z,18/06/2024 06:33,744
SES0007144,U00594,12/04/2024 00:01,12/04/2024 00:14,754
SES0007145,U00594,25/04/2024 03:35,25/04/2024 03:37,92
SES0007146,U00594,2024-05-27T02:12:09Z,2024-05-27 02:19:02,413
SES0007147,U00594,2024-06-01 10:09:23,2024-06-01 10:17:19,N/A
SES0007148,U00594,2024-06-21 02:23:55,21/06/2024 02:24,63
SES0007149,U00594,2024-05-20 21:35:01,2024-05-20 21:36:00,59
SES0007150,U00594,2024-06-06T03:00:23Z,2024-06-06T03:01:02Z,39
SES0007151,U00594,2024-05-02 17:19:25,02/05/2024 17:29,579
SES0007152,U00594,2024-06-16 16:14:31,2024-06-16T16:15:26Z,55
SES0007153,U00594,2024-04-19T20:00:04Z,2024-04-19T20:00:22Z,18
SES0007154,U00594,2024-06-03T05:38:36Z,2024-06-03 05:40:19,103
SES0007155,U00594,2024-04-19 20:15:24,2024-04-19 20:20:07,
SES0007156,U00594,27/05/2024 21:14,2024-05-27T21:15:43Z,47
SES0007157,U00594,2024-05-04 04:30:04,2024-05-04T04:59:17Z,1753
SES0007158,U00594,2024-06-05T04:53:44Z,2024-06-05T04:54:41Z,57
SES0007159,U00594,2024-06-21 16:21:22,2024-06-21 16:27:47,385
SES0007160,U00594,2024-05-27 22:48:23,27/05/2024 22:51,186
SES0007161,U00594,2024-04-30 10:20:15,30/04/2024 10:20,39
SES0007162,U00594,2024-05-11 08:40:54,2024-05-11T08:45:29Z,
SES0007163,U00595,15/12/2023 14:01,2023-12-15 14:03:24,103
SES0007164,U00595,03/11/2023 09:42,03/11/2023 09:46,232
SES0007165,U00596,2024-06-09T07:51:51Z,2024-06-09 07:52:17,26
SES0007166,U00597,2024-06-26T18:43:27Z,26/06/2024 18:46,196
SES0007167,U00597,2024-06-12 04:08:56,12/06/2024 04:08,0
SES0007168,U00598,2023-10-02 01:44:15,02/10/2023 01:44,8
SES0007169,U00598,2023-09-20 08:42:21,20/09/2023 08:44,101
SES0007170,U00598,2023-09-18 16:59:11,18/09/2023 16:59,37
SES0007171,U00598,2024-01-26 04:02:52,2024-01-26T04:05:14Z,142
SES0007172,U00598,2024-02-12T02:56:46Z,2024-02-12T03:04:25Z,459
SES0007173,U00599,14/01/2024 07:18,2024-01-14 07:19:20,N/A
SES0007174,U00599,29/11/2023 13:08,29/11/2023 13:08,20
SES0007175,U00599,19/12/2023 01:31,19/12/2023 01:32,76
SES0007176,U00599,2024-04-30T04:23:27Z,30/04/2024 04:27,215
SES0007177,U00599,2024-02-01 14:33:47,01/02/2024 14:56,1366
SES0007178,U00599,16/12/2023 00:30,16/12/2023 00:32,120
SES0007179,U00599,2024-02-06T21:28:24Z,2024-02-06T21:29:22Z,58
SES0007180,U00599,2024-05-06 06:16:02,06/05/2024 06:16,45
SES0007181,U00599,2024-04-22T10:15:48Z,22/04/2024 10:25,553
SES0007182,U00599,2023-12-07 14:36:28,07/12/2023 14:43,419
SES0007183,U00599,2024-01-14 22:51:42,2024-01-14 22:56:43,301
SES0007184,U00599,2023-12-15 12:29:46,15/12/2023 12:34,268
SES0007185,U00599,2024-03-30T02:17:05Z,2024-03-30 02:19:28,143
SES0007186,U00599,2024-04-30 04:50:20,30/04/2024 04:52,110
SES0007187,U00599,2024-02-20 22:15:56,2024-02-20T22:21:08Z,312
SES0007188,U00599,2024-01-11 16:16:47,2024-01-11 16:24:56,489
SES0007189,U00599,21/03/2024 11:49,2024-03-21 11:50:54,114
SES0007190,U00599,2024-05-06T01:44:44Z,06/05/2024 01:46,84
SES0007191,U00599,2024-05-19T04:37:13Z,2024-05-19T04:40:20Z,187
SES0007192,U00599,2024-03-24T06:52:52Z,24/03/2024 06:56,199
SES0007193,U00600,2023-12-19 14:29:40,2023-12-19T14:38:24Z,524
SES0007194,U00600,2023-12-07T10:25:29Z,2023-12-07 10:31:48,379
SES0007195,U00601,2024-05-01 23:39:37,2024-05-01T23:51:36Z,719
SES0007196,U00601,2024-05-21 19:06:58,21/05/2024 19:07,54
SES0007197,U00601,21/04/2024 06:18,2024-04-21T06:18:17Z,0
SES0007198,U00601,31/05/2024 20:35,2024-05-31 20:36:35,66
SES0007199,U00601,03/05/2024 00:36,2024-05-03 00:39:43,166
SES0007200,U00601,2024-06-15 00:20:15,2024-06-15 00:37:18,
SES0007201,U00601,2024-05-01T14:30:17Z,01/05/2024 14:32,103
SES0007202,U00601,2024-04-08 19:29:57,2024-04-08 20:13:20,2603
SES0007203,U00601,2024-05-11 03:42:13,2024-05-11T03:42:59Z,46
SES0007204,U00601,2024-03-23T09:33:10Z,2024-03-23 10:08:36,2126
SES0007205,U00602,2023-09-23 06:51:40,23/09/2023 06:51,14
SES0007206,U00602,2023-10-17 05:21:00,2023-10-17 05:21:23,23
SES0007207,U00602,21/09/2023 18:13,21/09/2023 18:17,240
SES0007208,U00602,2023-06-06T04:00:20Z,2023-06-06T04:01:38Z,78
SES0007209,U00602,31/08/2023 17:24,31/08/2023 17:25,101
SES0007210,U00602,2023-10-03T01:27:26Z,2023-10-03T01:28:26Z,60
SES0007211,U00602,2023-08-31T11:29:11Z,2023-08-31 11:33:30,259
SES0007212,U00602,2023-08-16 16:12:57,2023-08-16T16:15:55Z,178
SES0007213,U00602,2023-08-09 09:41:28,09/08/2023 09:42,57
SES0007214,U00602,2023-10-10T06:55:39Z,10/10/2023 06:56,48
SES0007215,U00602,2023-09-14T07:09:05Z,14/09/2023 07:12,201
SES0007216,U00602,2023-06-18T20:58:51Z,2023-06-18T21:02:33Z,222
SES0007217,U00602,2023-05-31T08:44:46Z,2023-05-31 08:45:52,66
SES0007218,U00602,2023-11-12T22:36:01Z,2023-11-12T22:37:05Z,64
SES0007219,U00602,23/09/2023 15:14,2023-09-23T15:16:37Z,N/A
SES0007220,U00602,09/07/2023 22:57,2023-07-09T23:13:40Z,976
SES0007221,U00602,01/09/2023 05:21,01/09/2023 05:22,35
SES0007222,U00602,2023-06-08 15:48:50,2023-06-08 15:50:44,114
SES0007223,U00602,2023-09-18T08:58:24Z,2023-09-18T09:13:47Z,923
SES0007224,U00602,2023-06-24T06:50:07Z,2023-06-24 06:57:47,460
SES0007225,U00602,22/10/2023 05:54,2023-10-22T05:56:53Z,163
SES0007226,U00602,22/10/2023 20:11,22/10/2023 20:13,89
SES0007227,U00602,2023-09-16 04:03:05,16/09/2023 04:03,0
SES0007228,U00602,2023-10-10 04:57:31,2023-10-10T05:24:18Z,1607
SES0007229,U00602,30/05/2023 01:05,2023-05-30T01:06:59Z,109
SES0007230,U00602,09/07/2023 06:41,09/07/2023 06:42,84
SES0007231,U00602,2023-07-18T04:30:50Z,2023-07-18T04:35:05Z,N/A
SES0007232,U00602,2023-07-15T15:06:32Z,2023-07-15 15:07:32,60
SES0007233,U00602,27/06/2023 13:43,2023-06-27T13:43:52Z,11
SES0007234,U00602,2023-06-03T19:56:30Z,2023-06-03T20:13:11Z,1001
SES0007235,U00603,08/10/2023 04:11,2023-10-08 04:32:21,1242
SES0007236,U00604,2023-11-10T00:25:41Z,2023-11-10T00:30:59Z,318
SES0007237,U00605,16/11/2023 12:11,2023-11-16T12:14:27Z,179
SES0007238,U00606,2024-01-22 13:33:58,2024-01-22 13:34:47,49
SES0007239,U00606,08/06/2024 16:35,2024-06-08T16:44:08Z,508
SES0007240,U00606,2024-01-24T21:33:24Z,2024-01-24T21:35:41Z,137
SES0007241,U00606,2024-04-16 22:47:49,16/04/2024 22:50,160
SES0007242,U00606,2024-05-03 12:29:27,2024-05-03 12:29:37,10
SES0007243,U00606,2024-05-01 14:01:34,2024-05-01 14:04:05,151
SES0007244,U00606,2024-03-27 21:41:56,2024-03-27 21:46:20,264
SES0007245,U00606,2024-01-23T21:04:31Z,2024-01-23T21:14:08Z,577
SES0007246,U00606,28/05/2024 04:56,2024-05-28 05:05:15,526
SES0007247,U00606,2024-03-26 09:47:53,2024-03-26 09:50:00,127
SES0007248,U00606,2024-02-19T13:50:36Z,19/02/2024 13:52,
SES0007249,U00606,2024-05-30 20:44:12,2024-05-30 20:47:35,203
SES0007250,U00606,2024-05-03 07:54:47,2024-05-03 07:57:17,150
SES0007251,U00606,2024-04-23T07:15:55Z,23/04/2024 07:17,N/A
SES0007252,U00606,2024-02-16T03:33:15Z,2024-02-16 03:33:42,27
SES0007253,U00606,2024-01-25T09:05:49Z,2024-01-25T09:10:09Z,260
SES0007254,U00606,28/06/2024 00:10,28/06/2024 00:12,83
SES0007255,U00606,2024-05-22 07:36:35,2024-05-22 07:51:34,899
SES0007256,U00606,2024-03-15 02:39:41,2024-03-15 02:41:18,97
SES0007257,U00606,2024-03-25 13:34:54,2024-03-25T13:35:04Z,10
SES0007258,U00606,2024-02-03T03:44:52Z,2024-02-03T03:50:22Z,330
SES0007259,U00606,22/05/2024 00:26,2024-05-22 00:30:01,182
SES0007260,U00606,2024-06-17 04:52:08,2024-06-17 04:54:22,134
SES0007261,U00606,26/04/2024 05:32,2024-04-26 05:33:00,20
SES0007262,U00606,2024-02-22 01:03:55,2024-02-22T01:04:04Z,9
SES0007263,U00606,2024-02-29T19:43:30Z,29/02/2024 19:45,108
SES0007264,U00606,2024-05-29 03:02:37,31/05/2024 13:57,212112
SES0007265,U00606,2024-05-06T06:43:44Z,2024-05-06T06:49:48Z,364
SES0007266,U00606,2024-03-06T07:25:34Z,06/03/2024 07:31,368
SES0007267,U00606,2024-04-08T05:54:20Z,2024-04-08T05:58:04Z,224
SES0007268,U00606,2024-02-17T10:48:58Z,17/02/2024 10:56,465
SES0007269,U00606,14/06/2024 07:27,2024-06-14 07:31:11,N/A
SES0007270,U00606,2024-03-25T01:58:20Z,2024-03-25T02:16:31Z,1091
SES0007271,U00606,2024-05-23 00:06:04,23/05/2024 00:13,447
SES0007272,U00606,27/04/2024 17:32,2024-04-27 17:39:03,382
SES0007273,U00606,08/02/2024 19:07,2024-02-08T19:16:55Z,566
SES0007274,U00606,2024-05-09 04:50:21,09/05/2024 04:52,129
SES0007275,U00606,2024-03-15 08:32:43,2024-03-15 08:33:03,20
SES0007276,U00606,2024-05-26 21:29:57,2024-05-26 21:35:44,347
SES0007277,U00606,2024-01-16 15:03:22,2024-01-16T15:15:20Z,718
SES0007278,U00606,2024-04-12T16:45:57Z,2024-04-12T16:46:32Z,35
SES0007279,U00606,2024-02-11 06:48:16,2024-02-11 06:54:44,388
SES0007280,U00606,2024-06-02 03:48:44,2024-06-02T03:50:05Z,81
SES0007281,U00606,2024-04-16T13:12:30Z,16/04/2024 13:14,128
SES0007282,U00606,01/02/2024 18:31,01/02/2024 18:32,98
SES0007283,U00606,2024-02-16T16:00:34Z,2024-02-16 16:05:03,269
SES0007284,U00606,2024-01-26T06:19:29Z,26/01/2024 06:31,692
SES0007285,U00606,2024-02-19 21:00:28,2024-02-19T21:01:40Z,72
SES0007286,U00606,13/05/2024 08:53,13/05/2024 09:02,498
SES0007287,U00606,2024-06-02 04:29:54,2024-06-04T05:56:03Z,177969
SES0007288,U00606,19/04/2024 17:02,2024-04-19T17:02:21Z,14
SES0007289,U00606,2024-05-15T13:31:13Z,15/05/2024 13:36,306
SES0007290,U00606,2024-05-06 23:37:17,2024-05-06 23:38:11,54
SES0007291,U00606,2024-01-30 10:01:33,2024-01-30T10:03:10Z,97
SES0007292,U00606,2024-04-08 13:21:40,2024-04-08 13:23:28,108
SES0007293,U00606,2024-04-15 11:42:59,2024-04-15T11:46:07Z,188
SES0007294,U00606,17/04/2024 16:07,2024-04-17T16:08:05Z,37
SES0007295,U00606,22/01/2024 18:26,2024-01-22 18:26:44,28
SES0007296,U00606,2024-04-17 13:13:38,2024-04-17 13:18:24,
SES0007297,U00606,26/05/2024 12:48,2024-05-26T12:50:17Z,112
SES0007298,U00606,2024-04-28T09:16:55Z,28/04/2024 09:17,31
SES0007299,U00606,2024-06-25 10:25:17,2024-06-25 10:28:03,166
SES0007300,U00606,14/06/2024 05:39,2024-06-14 05:39:57,8
SES0007301,U00606,15/04/2024 10:52,15/04/2024 10:54,87
SES0007302,U00606,05/02/2024 21:29,05/02/2024 21:32,153
SES0007303,U00606,2024-04-14T00:27:57Z,2024-04-14T00:28:45Z,48
SES0007304,U00606,2024-03-26T12:40:48Z,2024-03-26 12:41:55,67
SES0007305,U00606,2024-03-17 03:11:40,2024-03-17 03:20:48,N/A
SES0007306,U00606,2024-06-02 10:35:24,2024-06-02 10:40:51,
SES0007307,U00606,2024-03-18 18:39:40,18/03/2024 18:43,238
SES0007308,U00606,2024-02-14 16:06:55,2024-02-14 16:21:45,890
SES0007309,U00606,2024-04-22 04:33:43,2024-04-22 04:35:35,112
SES0007310,U00606,2024-06-26T16:24:10Z,26/06/2024 16:27,187
SES0007311,U00606,2024-01-26T21:35:58Z,26/01/2024 21:36,56
SES0007312,U00606,2024-03-23T20:46:39Z,2024-03-23 20:53:03,384
SES0007313,U00606,24/05/2024 11:52,2024-05-24 11:53:06,36
SES0007314,U00606,2024-02-20 14:09:11,2024-02-20 14:13:05,234
SES0007315,U00606,2024-03-22 05:27:48,2024-03-22 05:31:45,237
SES0007316,U00606,2024-06-02T12:21:26Z,2024-06-02T12:35:22Z,836
SES0007317,U00606,2024-03-15 04:37:26,2024-03-15T04:41:12Z,226
SES0007318,U00607,05/03/2024 00:38,2024-03-05 00:40:16,77
SES0007319,U00607,2023-09-17T03:55:57Z,17/09/2023 03:59,210
SES0007320,U00607,2023-11-18 04:19:29,2023-11-18 04:23:13,224
SES0007321,U00607,2023-07-05T19:11:28Z,2023-07-05 19:16:21,293
SES0007322,U00607,2023-07-27 14:34:12,27/07/2023 14:54,1222
SES0007323,U00608,2024-03-01T17:09:01Z,2024-03-01 17:10:23,82
SES0007324,U00608,22/03/2024 07:10,2024-03-22T07:11:05Z,57
SES0007325,U00608,16/03/2024 09:53,2024-03-16 09:53:21,18
SES0007326,U00608,2024-03-06 18:26:22,2024-03-06 18:27:06,44
SES0007327,U00608,27/02/2024 21:28,27/02/2024 21:31,192
SES0007328,U00608,05/03/2024 16:40,2024-03-05 16:41:00,20
SES0007329,U00608,11/03/2024 08:57,2024-03-11 09:02:07,258
SES0007330,U00608,2024-03-22T07:25:57Z,2024-03-22 07:28:29,152
SES0007331,U00608,2024-02-28 12:32:17,28/02/2024 12:33,
SES0007332,U00608,2024-02-29T10:47:22Z,29/02/2024 12:24,N/A
SES0007333,U00609,27/03/2024 18:54,27/03/2024 18:55,73
SES0007334,U00609,2024-03-27 16:37:20,2024-03-27T16:39:34Z,134
SES0007335,U00609,29/03/2024 19:04,29/03/2024 19:10,371
SES0007336,U00610,2024-04-06 11:35:26,06/04/2024 11:35,21
SES0007337,U00611,23/03/2024 07:03,2024-03-23 07:07:56,280
SES0007338,U00611,2024-03-06T02:24:52Z,2024-03-06T02:25:49Z,57
SES0007339,U00611,2024-03-03T07:36:06Z,2024-03-03 07:37:00,54
SES0007340,U00611,28/02/2024 18:24,2024-02-28 18:26:10,78
SES0007341,U00611,07/03/2024 22:00,07/03/2024 22:06,356
SES0007342,U00611,28/02/2024 22:11,28/02/2024 22:16,271
SES0007343,U00611,09/03/2024 09:02,2024-03-09 09:12:00,541
SES0007344,U00611,2024-03-24T21:04:02Z,2024-03-24T21:07:45Z,223
SES0007345,U00611,04/03/2024 20:27,2024-03-04 20:32:38,316
SES0007346,U00611,2024-03-05 03:10:38,2024-03-05 03:13:54,196
SES0007347,U00611,2024-03-21T12:46:26Z,21/03/2024 12:48,122
SES0007348,U00611,2024-03-14 01:03:24,2024-03-14T01:06:00Z,156
SES0007349,U00611,2024-03-23 21:39:22,23/03/2024 21:55,975
SES0007350,U00611,2024-03-09T17:02:11Z,2024-03-09 17:08:54,403
SES0007351,U00611,21/03/2024 22:07,21/03/2024 22:20,769
SES0007352,U00611,2024-03-07T23:47:56Z,2024-03-07 23:49:44,108
SES0007353,U00611,2024-03-19 03:12:41,2024-03-19 03:15:51,190
SES0007354,U00611,2024-03-07T10:16:07Z,2024-03-07T10:17:00Z,53
SES0007355,U00611,2024-03-25T18:32:32Z,2024-03-25 18:39:15,403
SES0007356,U00611,2024-03-19 04:56:46,2024-03-19 04:59:23,157
SES0007357,U00611,2024-03-24T23:36:55Z,2024-03-24T23:38:54Z,119
SES0007358,U00611,2024-03-17T07:00:06Z,2024-03-17 07:01:33,87
SES0007359,U00611,2024-03-04 17:32:01,04/03/2024 17:36,294
SES0007360,U00611,2024-03-05T18:50:35Z,2024-03-05T18:52:08Z,93
SES0007361,U00611,01/03/2024 15:38,01/03/2024 15:54,956
SES0007362,U00611,2024-03-19 13:23:00,2024-03-19 13:25:56,176
SES0007363,U00611,2024-03-18 23:50:06,2024-03-18T23:51:32Z,86
SES0007364,U00611,2024-03-12T14:43:05Z,2024-03-12T14:46:51Z,226
SES0007365,U00611,04/03/2024 07:40,07/03/2024 18:02,296507
SES0007366,U00611,12/03/2024 21:24,2024-03-12T21:33:09Z,543
SES0007367,U00612,09/03/2024 22:01,09/03/2024 22:01,38
SES0007368,U00612,2024-03-13T19:47:06Z,2024-03-13 19:50:56,230
SES0007369,U00612,2024-03-08T23:40:37Z,2024-03-08 23:42:17,100
SES0007370,U00612,2024-03-09T05:04:08Z,2024-03-09T05:05:31Z,83
SES0007371,U00612,2024-03-05T06:56:38Z,05/03/2024 06:57,37
SES0007372,U00612,13/03/2024 16:29,2024-03-13T16:32:18Z,148
SES0007373,U00612,2024-03-08T03:23:41Z,2024-03-08T03:24:43Z,62
SES0007374,U00612,2024-03-17 16:30:46,2024-03-17T16:30:46Z,0
SES0007375,U00612,2024-02-29 16:11:20,2024-02-29 16:16:21,301
SES0007376,U00612,2024-03-02T20:49:44Z,2024-03-02T20:50:27Z,43
SES0007377,U00612,2024-03-07 11:10:32,2024-03-07 11:38:17,1665
SES0007378,U00612,2024-03-11 07:36:45,11/03/2024 07:37,59
SES0007379,U00612,2024-03-25 19:24:49,2024-03-25 19:25:27,38
SES0007380,U00612,2024-02-29 01:27:54,2024-02-29 01:28:31,N/A
SES0007381,U00612,2024-03-02T10:20:59Z,2024-03-02T10:21:29Z,30
SES0007382,U00612,2024-03-07 22:20:40,2024-03-07T22:26:30Z,350
SES0007383,U00612,27/03/2024 21:14,27/03/2024 21:15,55
SES0007384,U00612,20/03/2024 10:54,20/03/2024 10:59,290
SES0007385,U00612,11/03/2024 21:36,11/03/2024 21:36,45
SES0007386,U00612,2024-03-14T06:46:04Z,14/03/2024 06:49,206
SES0007387,U00612,2024-03-02 15:48:42,2024-03-02 15:50:03,81
SES0007388,U00612,2024-03-22 01:56:56,2024-03-22T02:01:31Z,275
SES0007389,U00612,13/03/2024 16:30,13/03/2024 16:30,9
SES0007390,U00612,2024-03-28T13:09:43Z,2024-03-28 13:11:51,128
SES0007391,U00612,2024-03-20 07:22:17,20/03/2024 07:23,93
SES0007392,U00612,15/03/2024 07:39,2024-03-15 07:47:08,462
SES0007393,U00612,17/03/2024 18:04,2024-03-17T18:05:08Z,10
SES0007394,U00612,21/03/2024 14:08,21/03/2024 14:09,19
SES0007395,U00612,2024-03-16T13:19:24Z,2024-03-16T13:20:36Z,N/A
SES0007396,U00612,2024-03-28 22:16:13,2024-03-28T22:21:15Z,302
SES0007397,U00612,07/03/2024 05:31,07/03/2024 05:37,374
SES0007398,U00612,27/03/2024 04:46,27/03/2024 04:50,202
SES0007399,U00612,2024-03-18 00:25:43,2024-03-18T00:34:12Z,509
SES0007400,U00612,2024-03-25 14:39:24,2024-03-25T14:41:13Z,109
SES0007401,U00612,29/03/2024 10:43,29/03/2024 10:44,89
SES0007402,U00612,14/03/2024 07:13,14/03/2024 07:14,55
SES0007403,U00612,2024-03-23T12:14:49Z,23/03/2024 12:19,251
SES0007404,U00612,26/03/2024 06:13,2024-03-26T06:16:30Z,167
SES0007405,U00612,2024-03-04T18:28:11Z,2024-03-04T18:30:02Z,111
SES0007406,U00612,2024-03-07T00:03:26Z,07/03/2024 00:19,962
SES0007407,U00612,2024-03-06T20:30:53Z,2024-03-06 20:50:06,1153
SES0007408,U00612,2024-03-27 21:13:06,2024-03-27 21:14:59,113
SES0007409,U00612,05/03/2024 10:24,05/03/2024 10:29,273
SES0007410,U00612,2024-03-01 12:30:01,01/03/2024 12:36,
SES0007411,U00612,2024-03-22T06:02:06Z,22/03/2024 06:03,65
SES0007412,U00612,2024-02-29 22:58:36,29/02/2024 22:59,66
SES0007413,U00612,22/03/2024 14:09,22/03/2024 14:12,175
SES0007414,U00612,16/03/2024 13:53,19/03/2024 14:35,261713
SES0007415,U00612,2024-03-29T04:19:29Z,2024-03-29 04:21:46,137
SES0007416,U00612,2024-03-24 12:44:19,24/03/2024 12:45,64
SES0007417,U00612,2024-03-04T05:32:53Z,2024-03-04 05:35:32,159
SES0007418,U00612,2024-03-08T23:28:11Z,2024-03-08 23:34:15,364
SES0007419,U00612,03/03/2024 12:45,03/03/2024 12:46,66
SES0007420,U00612,2024-03-09T04:45:44Z,09/03/2024 04:52,399
SES0007421,U00612,2024-03-12 20:38:23,2024-03-12 20:42:37,254
SES0007422,U00612,2024-03-09 09:51:05,2024-03-09T09:57:32Z,387
SES0007423,U00612,27/03/2024 13:51,2024-03-27 13:53:31,125
SES0007424,U00612,2024-03-28T19:31:36Z,2024-03-28 19:32:03,27
SES0007425,U00612,2024-03-24T03:31:46Z,2024-03-24 03:33:54,128
SES0007426,U00612,2024-03-06T00:35:05Z,2024-03-06T00:35:52Z,47
SES0007427,U00612,2024-03-18T18:41:56Z,2024-03-18T18:59:09Z,1033
SES0007428,U00612,15/03/2024 17:39,2024-03-15 17:41:33,145
SES0007429,U00612,2024-03-11 02:03:45,11/03/2024 02:10,417
SES0007430,U00612,19/03/2024 07:43,2024-03-19T07:43:14Z,0
SES0007431,U00612,2024-03-27T11:50:55Z,2024-03-27 11:53:30,155
SES0007432,U00612,2024-03-08 01:58:55,08/03/2024 02:00,76
SES0007433,U00612,26/03/2024 18:11,2024-03-26 18:19:21,499
SES0007434,U00612,2024-03-19 03:35:58,19/03/2024 04:33,3449
SES0007435,U00612,03/03/2024 23:24,2024-03-06 09:54:32,210579
SES0007436,U00612,13/03/2024 12:44,13/03/2024 12:46,157
SES0007437,U00612,2024-02-29T19:21:35Z,2024-02-29T19:31:49Z,614
SES0007438,U00612,15/03/2024 21:52,15/03/2024 22:00,472
SES0007439,U00612,25/03/2024 14:53,2024-03-28T03:51:35Z,219471
SES0007440,U00612,2024-03-06 15:41:12,2024-03-06 15:49:46,514
SES0007441,U00612,2024-03-20 00:19:41,2024-03-20 00:24:44,303
SES0007442,U00612,13/03/2024 09:32,2024-03-13 10:04:59,1973
SES0007443,U00612,2024-02-29 16:05:08,2024-02-29 16:07:25,137
SES0007444,U00612,2024-03-01T16:56:40Z,2024-03-01 16:57:15,35
SES0007445,U00612,2024-03-16 21:40:57,2024-03-16T21:42:33Z,96
SES0007446,U00612,2024-03-11T05:45:20Z,11/03/2024 05:49,N/A
SES0007447,U00613,28/01/2023 11:03,2023-01-28T11:04:50Z,88
SES0007448,U00613,2023-02-01T05:35:41Z,2023-02-01 05:45:09,568
SES0007449,U00613,2023-02-01T10:03:49Z,01/02/2023 10:57,3246
SES0007450,U00613,2023-01-29T04:40:37Z,29/01/2023 04:41,60
SES0007451,U00613,28/01/2023 01:34,2023-01-28T01:37:50Z,176
SES0007452,U00613,2023-02-03 14:02:58,2023-02-03 14:04:33,95
SES0007453,U00613,01/02/2023 17:07,2023-02-01T17:13:21Z,339
SES0007454,U00613,03/02/2023 09:32,2023-02-03 09:46:35,851
SES0007455,U00613,2023-01-29T14:11:42Z,29/01/2023 14:15,246
SES0007456,U00613,2023-02-01T12:57:22Z,2023-02-01 12:58:30,68
SES0007457,U00614,2024-03-11 08:12:54,11/03/2024 08:26,845
SES0007458,U00614,10/12/2023 07:22,2023-12-10 07:25:31,201
SES0007459,U00614,07/02/2024 02:50,2024-02-07 02:50:43,0
SES0007460,U00614,19/02/2024 23:30,2024-02-19T23:31:47Z,52
SES0007461,U00614,2024-02-14 05:03:49,14/02/2024 05:05,105
SES0007462,U00614,2024-03-11T17:20:05Z,2024-03-11T17:34:18Z,853
SES0007463,U00614,27/03/2024 17:58,2024-03-27 17:59:19,73
SES0007464,U00614,2024-02-20 11:09:20,2024-02-22 04:21:07,148307
SES0007465,U00614,28/05/2024 04:17,2024-05-28 04:19:08,77
SES0007466,U00614,03/06/2024 02:35,2024-06-03T02:37:36Z,137
SES0007467,U00614,2024-05-06 02:48:52,2024-05-06 03:04:18,926
SES0007468,U00614,2023-12-24T09:16:12Z,24/12/2023 09:23,449
SES0007469,U00614,2024-05-24T06:40:44Z,24/05/2024 06:41,55
SES0007470,U00614,18/05/2024 07:26,2024-05-18 07:28:20,106
SES0007471,U00614,2024-02-06T00:03:24Z,06/02/2024 00:11,469
SES0007472,U00614,31/12/2023 12:30,02/01/2024 06:17,150437
SES0007473,U00614,06/01/2024 06:28,2024-01-06 06:42:41,862
SES0007474,U00614,02/02/2024 01:35,02/02/2024 01:44,549
SES0007475,U00614,2023-12-23 20:55:24,2023-12-23T20:58:51Z,207
SES0007476,U00614,2023-12-11 18:43:33,2023-12-11 18:44:57,84
SES0007477,U00614,05/05/2024 06:13,2024-05-05 06:14:24,61
SES0007478,U00614,2024-02-18T04:22:48Z,2024-02-18 04:23:04,16
SES0007479,U00614,26/02/2024 18:51,26/02/2024 19:16,1519
SES0007480,U00614,25/12/2023 19:18,2023-12-25T19:20:01Z,93
SES0007481,U00614,24/03/2024 15:02,2024-03-27T08:00:18Z,233882
SES0007482,U00614,2024-05-19 10:49:16,2024-05-19T10:59:04Z,588
SES0007483,U00614,2024-03-26 00:39:32,26/03/2024 00:47,449
SES0007484,U00614,28/12/2023 20:19,2023-12-28T20:23:30Z,255
SES0007485,U00614,2023-12-31T12:00:56Z,31/12/2023 12:01,33
SES0007486,U00614,19/03/2024 01:33,2024-03-19 01:37:01,N/A
SES0007487,U00614,2024-02-05 18:50:20,05/02/2024 18:51,98
SES0007488,U00614,2024-04-18T16:45:20Z,2024-04-18 16:57:09,709
SES0007489,U00614,2024-04-21 14:22:07,2024-04-21 14:25:17,190
SES0007490,U00614,01/05/2024 08:59,2024-05-01 09:03:27,267
SES0007491,U00614,14/04/2024 09:32,14/04/2024 09:44,684
SES0007492,U00614,2024-01-12 22:42:12,2024-01-12T22:42:30Z,18
SES0007493,U00614,2024-02-05T20:09:16Z,2024-02-05T20:11:28Z,132
SES0007494,U00614,2024-03-15T17:40:05Z,2024-03-15 17:51:06,661
SES0007495,U00614,25/02/2024 17:23,25/02/2024 17:35,720
SES0007496,U00614,30/12/2023 23:40,2023-12-30 23:40:36,31
SES0007497,U00615,20/06/2023 20:36,2023-06-20T20:37:57Z,97
SES0007498,U00616,2024-04-26 17:40:58,2024-04-26 17:42:19,81
SES0007499,U00616,2024-06-25T09:26:00Z,2024-06-25 09:27:29,89
SES0007500,U00616,02/05/2024 23:08,02/05/2024 23:10,134
SES0007501,U00616,09/05/2024 11:09,09/05/2024 11:14,282
SES0007502,U00616,2024-05-30 17:33:03,30/05/2024 17:35,121
SES0007503,U00616,2024-05-21 04:44:58,2024-05-21 04:57:02,724
SES0007504,U00616,2024-06-27T23:16:16Z,2024-06-27T23:18:51Z,155
SES0007505,U00616,23/05/2024 05:00,23/05/2024 05:02,160
SES0007506,U00616,05/05/2024 06:47,2024-05-05T06:48:10Z,49
SES0007507,U00616,2024-06-01T12:29:36Z,2024-06-01 12:29:36,0
SES0007508,U00616,26/04/2024 01:07,2024-04-26 01:10:42,205
SES0007509,U00616,2024-06-18T15:52:29Z,2024-06-18 15:59:25,416
SES0007510,U00616,2024-06-09T23:59:58Z,2024-06-10 00:20:19,1221
SES0007511,U00616,31/05/2024 18:33,31/05/2024 18:33,0
SES0007512,U00616,11/06/2024 14:37,2024-06-11 14:38:21,25
SES0007513,U00616,08/06/2024 16:33,08/06/2024 16:34,
SES0007514,U00616,2024-05-05T22:55:50Z,2024-05-05T22:58:13Z,143
SES0007515,U00616,09/06/2024 11:18,09/06/2024 11:18,26
SES0007516,U00616,2024-06-21 02:40:52,2024-06-21T02:43:19Z,147
SES0007517,U00616,02/06/2024 13:49,02/06/2024 13:58,524
SES0007518,U00616,2024-06-22 22:11:19,2024-06-22 22:21:16,597
SES0007519,U00616,03/06/2024 12:50,2024-06-03 12:50:45,13
SES0007520,U00616,04/05/2024 01:44,2024-05-04 01:54:34,604
SES0007521,U00616,2024-05-14T21:55:50Z,2024-05-14 21:56:30,40
SES0007522,U00616,29/05/2024 21:01,2024-05-29T21:03:05Z,72
SES0007523,U00616,05/06/2024 05:18,2024-06-05 05:19:22,50
SES0007524,U00616,2024-05-11 18:44:05,2024-05-11 18:46:26,141
SES0007525,U00616,19/06/2024 00:10,2024-06-19 00:22:20,728
SES0007526,U00616,2024-04-23 21:07:16,2024-04-23T21:09:57Z,161
SES0007527,U00616,2024-06-28T22:33:48Z,2024-06-28 22:38:09,261
SES0007528,U00616,29/06/2024 04:17,2024-06-29T04:19:28Z,128
SES0007529,U00616,21/04/2024 00:27,2024-04-21T00:27:55Z,0
SES0007530,U00616,25/06/2024 12:37,2024-06-25 13:06:44,1758
SES0007531,U00616,2024-05-14 22:11:14,2024-05-14 22:11:59,45
SES0007532,U00616,2024-04-23T05:51:39Z,23/04/2024 05:55,252
SES0007533,U00616,2024-05-26T15:55:25Z,2024-05-26T15:59:30Z,245
SES0007534,U00616,12/05/2024 05:39,2024-05-12T05:47:13Z,475
SES0007535,U00616,05/06/2024 02:04,05/06/2024 02:09,288
SES0007536,U00616,17/06/2024 13:13,17/06/2024 13:15,98
SES0007537,U00616,2024-05-03 04:35:09,2024-05-03 04:35:52,43
SES0007538,U00617,2023-02-18T18:25:21Z,2023-02-18T18:30:55Z,334
SES0007539,U00617,2023-02-20T19:27:37Z,2023-02-20T19:28:02Z,25
SES0007540,U00618,17/04/2024 13:36,2024-04-17T13:38:38Z,121
SES0007541,U00618,2024-05-20T02:02:24Z,20/05/2024 02:10,483
SES0007542,U00618,2024-05-31T19:58:14Z,2024-05-31T19:59:46Z,92
SES0007543,U00618,2024-05-25 12:55:17,25/05/2024 12:56,61
SES0007544,U00618,2024-06-07 23:44:11,2024-06-07T23:52:29Z,498
SES0007545,U00618,29/06/2024 12:16,2024-06-29 12:24:47,516
SES0007546,U00618,2024-06-14 22:23:58,2024-06-14T22:24:29Z,31
SES0007547,U00618,2024-06-07 03:07:42,2024-06-07T03:10:16Z,154
SES0007548,U00618,2024-05-11 16:27:28,11/05/2024 16:31,233
SES0007549,U00618,2024-05-02 19:15:29,2024-05-02 19:20:43,314
SES0007550,U00619,2024-06-13T22:15:55Z,13/06/2024 22:16,52
SES0007551,U00619,2024-06-13 19:20:22,13/06/2024 19:23,169
SES0007552,U00620,2023-11-13T19:12:46Z,13/11/2023 19:20,446
SES0007553,U00620,2023-12-24T02:03:31Z,2023-12-27T00:15:20Z,252709
SES0007554,U00620,2023-09-24 23:59:52,2023-09-25 00:11:35,703
SES0007555,U00620,2023-10-22 19:41:47,2023-10-22 19:43:18,91
SES0007556,U00620,2023-12-04T11:38:20Z,2023-12-04 11:40:31,131
SES0007557,U00621,2023-12-22T16:30:33Z,2023-12-22T16:35:00Z,267
SES0007558,U00621,2023-12-15T16:25:59Z,2023-12-15 16:31:27,328
SES0007559,U00621,2023-08-18T16:43:06Z,18/08/2023 16:47,245
SES0007560,U00621,29/12/2023 20:39,29/12/2023 20:42,186
SES0007561,U00621,2023-08-05T04:37:48Z,05/08/2023 04:38,70
SES0007562,U00621,2024-01-04T15:13:53Z,04/01/2024 15:18,276
SES0007563,U00621,2023-11-19T12:41:29Z,2023-11-19 13:23:01,2492
SES0007564,U00621,2023-08-21 06:52:18,2023-08-21 06:54:40,142
SES0007565,U00621,2023-12-18T20:19:14Z,18/12/2023 20:33,844
SES0007566,U00621,2023-10-28T14:48:12Z,28/10/2023 14:55,436
SES0007567,U00621,2023-12-04T03:09:00Z,2023-12-04 03:40:36,1896
SES0007568,U00621,07/10/2023 04:18,07/10/2023 04:19,40
SES0007569,U00621,2023-07-31 06:14:53,2023-07-31T06:15:50Z,N/A
SES0007570,U00621,10/11/2023 01:13,2023-11-10T01:14:04Z,14
SES0007571,U00621,24/07/2023 16:39,24/07/2023 16:43,208
SES0007572,U00621,28/08/2023 00:40,2023-08-28T00:44:28Z,238
SES0007573,U00621,2023-10-20 02:21:09,2023-10-20T02:22:01Z,52
SES0007574,U00621,2023-12-15 13:43:25,2023-12-15 13:49:40,375
SES0007575,U00621,26/08/2023 03:31,2023-08-26T03:31:31Z,24
SES0007576,U00621,28/10/2023 08:18,28/10/2023 08:19,28
SES0007577,U00621,2023-11-01 20:30:39,2023-11-01T20:39:57Z,558
SES0007578,U00621,2023-12-11T14:33:27Z,2023-12-11T14:37:08Z,221
SES0007579,U00621,01/01/2024 13:36,01/01/2024 13:38,114
SES0007580,U00621,2023-08-05 10:18:43,2023-08-05 10:20:04,81
SES0007581,U00621,2023-07-28 17:51:02,2023-07-28 17:56:25,323
SES0007582,U00621,2023-10-07 09:23:56,2023-10-07 09:27:38,222
SES0007583,U00621,2023-09-15 23:47:16,2023-09-15T23:51:37Z,261
SES0007584,U00621,2023-09-19 23:00:42,2023-09-19T23:01:28Z,46
SES0007585,U00621,2023-10-18T02:34:52Z,2023-10-18T02:35:40Z,48
SES0007586,U00621,08/08/2023 11:13,2023-08-08T11:16:12Z,169
SES0007587,U00621,2023-12-18 00:38:55,18/12/2023 00:40,96
SES0007588,U00621,02/11/2023 02:04,2023-11-03T06:03:51Z,
SES0007589,U00621,2023-08-21 07:23:21,21/08/2023 07:25,105
SES0007590,U00621,2023-10-02 08:36:50,02/10/2023 08:37,56
SES0007591,U00621,2023-10-14 19:34:17,14/10/2023 19:35,44
SES0007592,U00621,2023-12-21T22:05:06Z,21/12/2023 22:12,426
SES0007593,U00621,14/11/2023 07:25,14/11/2023 07:27,122
SES0007594,U00621,2023-10-16T17:23:11Z,2023-10-16 17:24:49,98
SES0007595,U00621,2023-09-18T05:50:10Z,2023-09-18T05:53:55Z,225
SES0007596,U00621,2023-08-07 05:05:31,2023-08-07 05:16:47,676
SES0007597,U00621,2023-12-08T04:33:30Z,2023-12-08 04:37:26,236
SES0007598,U00621,2023-10-18T14:44:18Z,2023-10-18T14:49:26Z,308
SES0007599,U00621,20/08/2023 05:28,2023-08-20 05:33:46,294
SES0007600,U00621,2023-11-17T07:01:38Z,2023-11-17T07:02:28Z,50
SES0007601,U00621,2023-12-23 17:15:13,2023-12-23 17:21:07,354
SES0007602,U00621,2023-09-19T09:52:04Z,2023-09-21T04:26:46Z,153282
SES0007603,U00621,2023-09-21 07:22:27,2023-09-21T07:23:16Z,49
SES0007604,U00621,2024-01-07 12:18:08,2024-01-07 12:19:25,77
SES0007605,U00621,2023-10-17T02:16:26Z,2023-10-17 02:39:08,1362
SES0007606,U00621,2023-11-28T12:25:20Z,2023-11-28T12:50:35Z,1515
SES0007607,U00621,21/07/2023 04:24,21/07/2023 04:26,127
SES0007608,U00621,03/08/2023 08:24,2023-08-03 08:24:50,21
SES0007609,U00621,19/07/2023 12:50,2023-07-19T12:52:50Z,124
SES0007610,U00621,10/11/2023 22:05,10/11/2023 22:07,83
SES0007611,U00621,2023-08-06 06:18:29,2023-08-06 06:18:29,0
SES0007612,U00621,2023-10-22T20:11:35Z,22/10/2023 20:12,59
SES0007613,U00621,05/12/2023 18:39,05/12/2023 19:22,2562
SES0007614,U00621,2023-10-27T21:51:57Z,27/10/2023 21:52,13
SES0007615,U00621,2023-10-28 19:00:01,2023-10-28T19:02:28Z,147
SES0007616,U00621,2023-12-25T00:44:41Z,2023-12-25 00:45:12,31
SES0007617,U00621,25/08/2023 21:53,2023-08-25T21:53:47Z,N/A
SES0007618,U00621,18/09/2023 13:26,2023-09-18T13:29:00Z,159
SES0007619,U00621,2023-10-02 06:03:04,2023-10-02 06:03:42,38
SES0007620,U00621,16/09/2023 20:53,2023-09-16 20:59:15,367
SES0007621,U00621,11/08/2023 04:45,2023-08-11 04:49:58,250
SES0007622,U00621,2023-11-16 15:09:15,2023-11-16T15:10:15Z,60
SES0007623,U00621,2024-01-07 08:15:25,2024-01-07T08:16:07Z,42
SES0007624,U00621,2023-12-07T05:54:51Z,07/12/2023 05:54,6
SES0007625,U00621,04/09/2023 11:37,2023-09-04 11:40:49,173
SES0007626,U00621,2023-12-12 23:28:54,2023-12-12 23:29:49,55
SES0007627,U00621,2023-12-23 04:57:53,23/12/2023 04:58,27
SES0007628,U00621,2023-11-17T23:07:41Z,2023-11-17 23:44:39,2218
SES0007629,U00621,2023-11-16T20:41:30Z,2023-11-16T20:41:51Z,21
SES0007630,U00621,2023-11-02T10:19:39Z,2023-11-02T10:20:06Z,27
SES0007631,U00621,25/10/2023 22:12,25/10/2023 22:17,294
SES0007632,U00621,2023-12-25T19:43:49Z,2023-12-25 19:44:38,49
SES0007633,U00621,2024-01-06T16:51:27Z,2024-01-06T16:57:50Z,383
SES0007634,U00621,2023-11-05T16:10:10Z,2023-11-05T16:11:54Z,104
SES0007635,U00621,14/07/2023 12:17,14/07/2023 12:17,4
SES0007636,U00621,30/08/2023 20:11,30/08/2023 20:12,93
SES0007637,U00622,2023-04-26T00:49:10Z,2023-04-26 00:50:09,59
SES0007638,U00623,2023-11-25 08:54:18,2023-11-25 08:54:43,25
SES0007639,U00623,16/12/2023 06:24,16/12/2023 06:27,148
SES0007640,U00623,24/12/2023 04:31,24/12/2023 04:32,53
SES0007641,U00623,2023-12-08 12:02:08,2023-12-08 12:02:39,31
SES0007642,U00623,2023-10-23T21:27:26Z,23/10/2023 21:30,179
SES0007643,U00623,14/11/2023 16:51,2023-11-14 17:03:30,692
SES0007644,U00623,2023-11-12 04:40:43,12/11/2023 04:41,37
SES0007645,U00623,2023-11-27 16:21:55,27/11/2023 16:23,95
SES0007646,U00623,2023-12-26T13:22:25Z,2023-12-26 13:24:06,101
SES0007647,U00623,2023-12-20T04:07:42Z,2023-12-20 04:08:44,62
SES0007648,U00623,21/11/2023 23:08,2023-11-21T23:09:05Z,29
SES0007649,U00623,25/11/2023 04:57,2023-11-25 05:01:34,246
SES0007650,U00623,2023-11-19T00:57:43Z,2023-11-19 01:03:26,343
SES0007651,U00623,2023-11-09 19:22:25,09/11/2023 19:24,142
SES0007652,U00623,07/11/2023 18:17,2023-11-07T18:17:51Z,48
SES0007653,U00623,2023-12-10T10:12:40Z,10/12/2023 10:40,1698
SES0007654,U00623,2023-12-18T21:09:04Z,2023-12-18T21:23:37Z,
SES0007655,U00623,2023-12-17T00:37:44Z,2023-12-17T00:52:54Z,910
SES0007656,U00623,04/11/2023 00:37,04/11/2023 00:40,191
SES0007657,U00623,02/01/2024 19:28,2024-01-02 19:29:23,81
SES0007658,U00625,2024-01-16 19:33:31,2024-01-16 19:35:04,93
SES0007659,U00625,2023-12-20T15:44:39Z,2023-12-20 15:45:38,59
SES0007660,U00625,17/01/2024 03:59,2024-01-17 04:05:09,327
SES0007661,U00625,2024-01-02 00:54:29,02/01/2024 00:56,119
SES0007662,U00625,23/12/2023 22:26,2023-12-23T22:26:46Z,26
SES0007663,U00627,2024-01-04 15:26:45,2024-01-04 15:32:58,373
SES0007664,U00627,2023-11-11 17:47:15,2023-11-11T17:53:59Z,404
SES0007665,U00628,2023-09-12 07:44:36,2023-09-12 07:47:30,174
SES0007666,U00628,2023-09-13 06:41:10,2023-09-13T06:42:26Z,76
SES0007667,U00628,2023-09-12T18:20:43Z,2023-09-12T18:22:32Z,109
SES0007668,U00628,2023-09-11T09:20:33Z,11/09/2023 09:21,29
SES0007669,U00628,2023-09-13T03:44:59Z,13/09/2023 03:49,276
SES0007670,U00628,13/09/2023 21:28,2023-09-13 21:29:33,35
SES0007671,U00628,2023-09-12 00:36:26,12/09/2023 00:38,143
SES0007672,U00628,2023-09-15 12:44:19,2023-09-15T12:46:09Z,110
SES0007673,U00628,2023-09-13T09:47:56Z,13/09/2023 10:11,1438
SES0007674,U00628,15/09/2023 04:12,2023-09-15T04:24:59Z,774
SES0007675,U00629,2024-06-11T23:40:49Z,2024-06-11T23:45:17Z,268
SES0007676,U00631,20/07/2023 11:02,2023-07-20 11:03:05,14
SES0007677,U00631,2023-09-11T04:38:01Z,2023-09-11 04:51:26,805
SES0007678,U00631,2023-08-19T08:39:16Z,2023-08-19T08:46:48Z,452
SES0007679,U00632,2024-05-28T09:56:16Z,2024-05-28 09:59:26,190
SES0007680,U00632,30/12/2023 11:37,2023-12-30T11:38:18Z,39
SES0007681,U00632,2024-04-01 15:25:42,2024-04-01T15:36:03Z,621
SES0007682,U00632,02/06/2024 12:26,2024-06-02T12:26:18Z,11
SES0007683,U00632,2023-06-15 22:03:22,15/06/2023 22:03,27
SES0007684,U00633,2023-05-06T05:32:20Z,2023-05-06T05:36:54Z,274
SES0007685,U00633,2023-06-03T05:57:15Z,2023-06-03T06:00:20Z,185
SES0007686,U00633,2023-05-24T20:10:12Z,2023-05-24 20:10:12,0
SES0007687,U00633,2023-05-29T20:50:04Z,2023-05-29T20:51:52Z,108
SES0007688,U00633,2023-05-17 16:58:36,2023-05-17 16:59:27,51
SES0007689,U00634,2023-07-26 07:31:52,26/07/2023 08:01,1803
SES0007690,U00634,24/07/2023 09:57,2023-07-24T10:09:11Z,691
SES0007691,U00635,2023-05-01 12:09:41,2023-05-01 12:10:24,43
SES0007692,U00635,04/05/2023 18:42,04/05/2023 18:43,60
SES0007693,U00635,05/04/2023 05:06,05/04/2023 05:06,15
SES0007694,U00635,2023-04-28 19:17:36,2023-04-28 19:28:09,633
SES0007695,U00635,2023-03-17T11:30:50Z,17/03/2023 11:33,133
SES0007696,U00635,2023-02-13T22:12:38Z,2023-02-13 22:15:03,145
SES0007697,U00635,2023-02-15T14:20:04Z,2023-02-15T14:20:53Z,49
SES0007698,U00635,03/04/2023 04:48,03/04/2023 04:54,375
SES0007699,U00635,27/04/2023 11:27,27/04/2023 11:33,338
SES0007700,U00635,2023-03-29 23:22:42,2023-03-29T23:28:02Z,320
SES0007701,U00635,18/02/2023 15:51,18/02/2023 15:54,158
SES0007702,U00635,2023-04-10 04:35:13,2023-04-10T04:36:37Z,84
SES0007703,U00635,17/04/2023 23:43,2023-04-17 23:44:37,63
SES0007704,U00635,19/02/2023 22:34,2023-02-19T22:36:39Z,148
SES0007705,U00635,2023-04-18T02:17:41Z,18/04/2023 02:17,6
SES0007706,U00635,09/03/2023 20:23,2023-03-09 20:23:25,0
SES0007707,U00635,05/03/2023 03:25,2023-03-05T03:25:56Z,42
SES0007708,U00635,2023-02-23 12:57:07,2023-02-23 12:58:41,94
SES0007709,U00635,2023-02-28T02:58:05Z,28/02/2023 03:00,157
SES0007710,U00635,2023-04-01 00:41:10,2023-04-01 00:41:31,21
SES0007711,U00635,2023-04-14T17:30:47Z,14/04/2023 17:31,32
SES0007712,U00635,2023-02-27T08:59:14Z,2023-02-27T09:00:57Z,
SES0007713,U00635,04/03/2023 13:12,04/03/2023 13:13,43
SES0007714,U00635,22/04/2023 19:19,2023-04-22 19:21:56,135
SES0007715,U00635,2023-03-17T04:44:07Z,17/03/2023 04:46,118
SES0007716,U00635,2023-04-21T09:27:28Z,2023-04-21T09:28:39Z,N/A
SES0007717,U00635,2023-02-25 11:04:15,2023-02-25T11:06:37Z,142
SES0007718,U00635,25/03/2023 23:32,25/03/2023 23:49,1002
SES0007719,U00635,2023-03-23T13:42:21Z,2023-03-23T13:44:23Z,122
SES0007720,U00635,04/04/2023 02:44,2023-04-04 02:45:41,59
SES0007721,U00635,2023-02-28T03:25:27Z,2023-02-28T03:28:52Z,205
SES0007722,U00635,22/02/2023 14:02,2023-02-22T14:06:11Z,238
SES0007723,U00635,08/03/2023 16:31,2023-03-08 16:41:31,577
SES0007724,U00635,2023-05-06 20:30:50,2023-05-06 20:30:50,
SES0007725,U00635,2023-03-24T16:18:09Z,2023-03-24T16:21:56Z,227
SES0007726,U00635,2023-03-28T21:28:34Z,2023-03-28 21:29:59,85
SES0007727,U00635,21/03/2023 02:46,2023-03-21T02:51:07Z,256
SES0007728,U00635,2023-05-09 02:13:49,09/05/2023 02:19,354
SES0007729,U00635,17/03/2023 17:47,2023-03-17T17:48:20Z,26
SES0007730,U00635,03/05/2023 11:23,2023-05-03 11:25:40,134
SES0007731,U00636,2023-12-15 09:30:04,2023-12-15 09:31:54,110
SES0007732,U00636,13/12/2023 03:08,2023-12-13 03:16:26,462
SES0007733,U00636,2024-05-14 00:58:46,2024-05-14 00:59:42,56
SES0007734,U00636,2024-02-27T23:21:24Z,27/02/2024 23:23,153
SES0007735,U00636,05/05/2024 17:14,2024-05-05T17:14:53Z,38
SES0007736,U00637,2023-06-28 14:49:34,2023-06-28T14:54:36Z,302
SES0007737,U00637,2023-07-04 23:14:26,04/07/2023 23:16,151
SES0007738,U00637,2023-09-28T16:41:44Z,2023-09-28 16:44:38,N/A
SES0007739,U00637,17/05/2023 17:08,17/05/2023 17:23,904
SES0007740,U00637,2023-09-01T23:33:34Z,2023-09-01 23:38:51,317
SES0007741,U00638,2024-02-27T04:48:45Z,2024-02-27T04:48:52Z,7
SES0007742,U00638,2024-02-08T10:40:03Z,08/02/2024 10:45,340
SES0007743,U00638,2024-02-19 10:56:50,19/02/2024 10:57,66
SES0007744,U00638,2024-02-09T05:54:41Z,2024-02-09T05:54:46Z,5
SES0007745,U00638,05/03/2024 06:44,05/03/2024 06:50,373
SES0007746,U00640,13/01/2024 11:59,2024-01-13T11:59:23Z,0
SES0007747,U00641,2023-03-31T15:12:57Z,2023-03-31T15:19:32Z,395
SES0007748,U00641,27/03/2023 20:08,27/03/2023 20:09,82
SES0007749,U00641,2023-03-26T18:29:26Z,2023-03-26 18:30:38,72
SES0007750,U00641,31/03/2023 09:17,31/03/2023 09:18,67
SES0007751,U00641,25/03/2023 22:35,2023-03-25T22:36:47Z,100
SES0007752,U00641,25/03/2023 22:39,25/03/2023 22:54,931
SES0007753,U00641,2023-03-27 12:20:14,2023-03-27T13:21:58Z,3704
SES0007754,U00641,2023-03-25 23:37:46,25/03/2023 23:41,210
SES0007755,U00641,2023-03-22T21:46:55Z,22/03/2023 21:49,133
SES0007756,U00641,04/04/2023 04:30,04/04/2023 04:41,652
SES0007757,U00641,25/03/2023 11:23,2023-03-25T11:34:05Z,664
SES0007758,U00641,2023-03-31 20:53:12,2023-03-31T20:55:28Z,136
SES0007759,U00641,2023-04-04T22:10:20Z,2023-04-04T22:10:20Z,
SES0007760,U00641,22/03/2023 23:43,2023-03-22 23:45:34,106
SES0007761,U00641,29/03/2023 03:02,29/03/2023 03:04,N/A
SES0007762,U00641,2023-03-26 06:40:48,26/03/2023 06:41,41
SES0007763,U00641,2023-04-01 13:25:36,2023-04-01T13:29:23Z,227
SES0007764,U00641,2023-04-01T19:45:12Z,2023-04-01T19:46:15Z,63
SES0007765,U00641,03/04/2023 09:11,2023-04-03T09:24:37Z,811
SES0007766,U00641,02/04/2023 13:39,2023-04-02T13:44:14Z,295
SES0007767,U00642,2023-12-16T07:39:13Z,16/12/2023 07:46,426
SES0007768,U00642,06/01/2024 14:38,2024-01-06T14:45:34Z,400
SES0007769,U00642,2023-12-08 11:57:24,2023-12-08 12:01:42,258
SES0007770,U00642,2024-01-01 22:49:35,2024-01-01T23:01:00Z,685
SES0007771,U00642,2024-01-12T10:27:46Z,2024-01-12 10:30:01,135
SES0007772,U00643,18/03/2023 15:21,2023-03-18 15:23:26,140
SES0007773,U00643,2023-02-25 23:21:50,25/02/2023 23:35,821
SES0007774,U00643,2023-02-24 18:11:03,2023-02-24 18:13:29,146
SES0007775,U00643,2023-02-24T06:18:46Z,2023-02-24 06:22:37,231
SES0007776,U00643,2023-03-05T22:24:26Z,2023-03-05T22:25:35Z,N/A
SES0007777,U00643,23/03/2023 01:40,2023-03-23 01:47:19,409
SES0007778,U00643,2023-03-07T07:21:35Z,07/03/2023 07:22,76
SES0007779,U00643,2023-03-16 18:39:59,2023-03-16T18:40:37Z,38
SES0007780,U00643,2023-03-15 17:21:54,2023-03-15 17:49:09,1635
SES0007781,U00643,2023-03-24 00:34:54,2023-03-24T00:38:06Z,192
SES0007782,U00643,2023-03-24 05:23:25,24/03/2023 05:25,105
SES0007783,U00643,08/03/2023 16:14,2023-03-08 16:17:29,208
SES0007784,U00643,2023-03-09T11:25:43Z,09/03/2023 11:27,114
SES0007785,U00643,01/03/2023 17:27,2023-03-01 17:28:41,56
SES0007786,U00643,2023-03-07 11:55:28,2023-03-07T11:56:35Z,67
SES0007787,U00643,2023-03-13 10:11:15,2023-03-13 10:14:08,173
SES0007788,U00643,2023-02-28 13:17:36,2023-02-28T13:28:51Z,675
SES0007789,U00643,2023-03-19 01:13:00,19/03/2023 01:15,134
SES0007790,U00643,2023-03-06T23:46:31Z,06/03/2023 23:47,82
SES0007791,U00643,2023-03-12T17:31:31Z,12/03/2023 17:31,12
SES0007792,U00643,27/02/2023 06:02,27/02/2023 06:03,64
SES0007793,U00643,14/03/2023 16:20,2023-03-14T16:22:59Z,143
SES0007794,U00643,2023-03-03T14:02:33Z,03/03/2023 14:04,90
SES0007795,U00643,04/03/2023 16:13,2023-03-04T16:14:25Z,32
SES0007796,U00643,2023-03-02T06:09:44Z,2023-03-02 06:13:20,216
SES0007797,U00643,08/03/2023 20:53,08/03/2023 20:53,25
SES0007798,U00643,17/03/2023 09:05,2023-03-17 10:12:51,4053
SES0007799,U00643,2023-03-06T04:49:36Z,2023-03-06 04:50:29,53
SES0007800,U00643,24/02/2023 00:09,2023-02-24T00:11:25Z,131
SES0007801,U00643,2023-02-26 12:22:53,26/02/2023 12:28,351
SES0007802,U00643,20/03/2023 23:53,2023-03-20 23:58:10,305
SES0007803,U00643,2023-03-03T20:30:32Z,2023-03-03T20:37:03Z,391
SES0007804,U00643,01/03/2023 09:27,01/03/2023 09:42,921
SES0007805,U00643,26/02/2023 21:07,2023-02-26T21:08:21Z,61
SES0007806,U00643,2023-03-19 14:42:42,2023-03-19T14:47:45Z,303
SES0007807,U00643,2023-03-07T22:40:23Z,2023-03-07 22:42:46,143
SES0007808,U00643,01/03/2023 04:15,2023-03-01T04:24:49Z,588
SES0007809,U00643,2023-02-27 05:52:00,2023-02-27T05:52:00Z,0
SES0007810,U00643,2023-02-24T23:52:21Z,2023-02-24 23:53:14,53
SES0007811,U00643,04/03/2023 13:00,04/03/2023 13:01,58
SES0007812,U00644,2024-01-02 21:57:38,2024-01-02 21:58:19,41
SES0007813,U00644,2024-03-27 16:02:15,2024-03-27 16:02:53,38
SES0007814,U00644,2024-02-12T21:21:32Z,2024-02-12T21:35:13Z,821
SES0007815,U00644,2024-03-24T07:03:13Z,2024-03-24 07:04:03,50
SES0007816,U00644,2024-02-03 16:14:41,03/02/2024 16:16,106
SES0007817,U00644,27/06/2024 11:20,2024-06-27 11:30:36,622
SES0007818,U00644,2024-01-31T14:46:57Z,2024-01-31T14:47:55Z,58
SES0007819,U00644,2024-04-27 00:27:32,2024-04-27T00:29:12Z,100
SES0007820,U00644,2024-04-13T10:09:07Z,2024-04-13 10:16:40,453
SES0007821,U00644,2024-04-15 08:42:56,2024-04-15T08:49:30Z,394
SES0007822,U00644,2024-04-17 17:56:28,2024-04-17 17:59:55,207
SES0007823,U00644,2024-03-25 02:44:48,2024-03-25 02:47:39,171
SES0007824,U00644,2024-05-01 11:04:08,01/05/2024 11:05,69
SES0007825,U00644,2024-06-18T03:47:01Z,18/06/2024 03:48,72
SES0007826,U00644,2024-01-23 15:17:36,23/01/2024 15:18,31
SES0007827,U00644,2024-06-28T12:05:32Z,2024-06-28T12:09:30Z,238
SES0007828,U00644,2024-06-17 02:23:59,2024-06-17 02:28:09,
SES0007829,U00644,2024-03-18 19:51:57,2024-03-18T19:52:28Z,31
SES0007830,U00644,28/12/2023 10:35,2023-12-28T10:43:04Z,456
SES0007831,U00644,2024-06-08 05:26:05,08/06/2024 05:33,422
SES0007832,U00644,17/03/2024 21:07,2024-03-17T21:08:58Z,70
SES0007833,U00644,2024-04-21 09:33:29,21/04/2024 09:53,1188
SES0007834,U00644,2024-06-23T09:23:42Z,2024-06-23 09:25:02,80
SES0007835,U00644,2024-03-21T16:09:47Z,21/03/2024 16:12,154
SES0007836,U00644,2024-05-31T17:58:16Z,31/05/2024 18:05,405
SES0007837,U00644,2024-05-23 16:13:13,2024-05-23 16:19:15,362
SES0007838,U00644,2024-03-27T23:51:31Z,2024-03-27T23:51:39Z,8
SES0007839,U00644,2024-05-22 19:29:39,2024-05-22 19:39:19,580
SES0007840,U00644,2024-02-03 00:37:44,2024-02-03 00:45:24,460
SES0007841,U00644,2024-04-01T22:25:15Z,01/04/2024 22:27,141
SES0007842,U00644,14/06/2024 20:17,2024-06-14T20:18:53Z,68
SES0007843,U00644,2024-02-02T10:58:19Z,02/02/2024 10:59,64
SES0007844,U00644,17/04/2024 10:15,17/04/2024 10:20,273
SES0007845,U00644,2024-02-24T13:18:49Z,2024-02-24T13:24:42Z,353
SES0007846,U00644,2024-01-27 22:06:13,2024-01-27T22:12:30Z,377
SES0007847,U00644,2023-12-23 15:58:48,2023-12-23 15:58:48,0
SES0007848,U00644,2024-02-11 19:08:01,11/02/2024 19:32,1451
SES0007849,U00644,2024-03-17T03:30:44Z,17/03/2024 03:31,33
SES0007850,U00644,2024-05-16T02:15:27Z,16/05/2024 02:16,75
SES0007851,U00644,2024-06-22 19:32:52,2024-06-22 19:33:19,27
SES0007852,U00645,19/11/2023 12:07,2023-11-19T12:11:10Z,215
SES0007853,U00645,2023-11-21 06:35:05,2023-11-21T06:38:39Z,214
SES0007854,U00645,2023-11-18 18:21:21,18/11/2023 18:22,92
SES0007855,U00646,11/04/2023 11:51,2023-04-11T11:55:26Z,234
SES0007856,U00646,29/04/2023 00:46,2023-04-29 00:48:31,99
SES0007857,U00646,2023-04-21T22:35:52Z,21/04/2023 22:37,101
SES0007858,U00646,2023-03-23 22:50:07,2023-03-23 22:50:07,0
SES0007859,U00646,01/05/2023 02:13,01/05/2023 02:17,255
SES0007860,U00647,24/04/2024 20:14,2024-04-24 20:15:24,30
SES0007860,U00647,24/04/2024 20:14,2024-04-24 20:15:24,30
SES0007861,U00648,28/07/2023 12:51,2023-07-28T13:23:56Z,1920
SES0007862,U00648,22/07/2023 08:20,2023-07-22T08:22:48Z,131
SES0007863,U00648,2023-07-21 17:08:44,2023-07-21 17:09:06,22
SES0007864,U00648,2023-08-02T21:07:01Z,02/08/2023 21:12,299
SES0007865,U00648,2023-08-09T08:19:09Z,2023-08-09T08:19:23Z,14
SES0007866,U00648,09/08/2023 08:46,2023-08-09T08:47:54Z,67
SES0007867,U00648,2023-07-18T20:35:29Z,2023-07-20 08:05:53,127824
SES0007868,U00648,2023-08-07 04:01:27,2023-08-07 04:02:57,90
SES0007869,U00648,2023-08-05T23:57:11Z,2023-08-05T23:57:42Z,31
SES0007870,U00648,18/07/2023 00:46,2023-07-18 00:52:36,388
SES0007871,U00648,2023-08-01 23:00:03,2023-08-01T23:01:22Z,79
SES0007872,U00648,2023-08-12 17:47:44,12/08/2023 17:48,46
SES0007873,U00648,10/08/2023 06:16,10/08/2023 06:20,246
SES0007874,U00648,2023-08-01T23:46:11Z,2023-08-01T23:46:21Z,10
SES0007875,U00648,23/07/2023 16:12,25/07/2023 22:02,193797
SES0007876,U00648,2023-07-27 01:01:47,2023-07-27T01:02:53Z,66
SES0007877,U00648,03/08/2023 07:12,03/08/2023 07:13,42
SES0007878,U00648,2023-08-10T08:27:47Z,2023-08-10T08:29:40Z,113
SES0007879,U00648,24/07/2023 01:19,24/07/2023 01:21,100
SES0007880,U00648,2023-08-08 13:29:25,2023-08-08T13:39:47Z,622
SES0007881,U00648,2023-08-02T18:28:18Z,02/08/2023 18:29,48
SES0007882,U00648,2023-07-26 22:37:13,26/07/2023 22:38,75
SES0007883,U00648,11/08/2023 13:40,11/08/2023 13:41,53
SES0007884,U00648,17/07/2023 14:28,2023-07-17 14:53:03,1450
SES0007885,U00648,2023-08-03 07:09:15,2023-08-03T07:12:17Z,182
SES0007886,U00648,2023-08-12 19:50:19,2023-08-12T19:51:22Z,63
SES0007887,U00648,2023-07-21 16:39:25,2023-07-21T16:43:42Z,257
SES0007888,U00648,2023-08-08T04:09:48Z,2023-08-08 04:13:43,235
SES0007889,U00648,2023-07-30T19:40:06Z,2023-07-30T19:49:53Z,587
SES0007890,U00648,2023-07-18 01:07:09,18/07/2023 01:11,281
SES0007891,U00648,2023-07-28 13:12:53,2023-07-28 13:14:51,118
SES0007892,U00648,05/08/2023 16:01,2023-08-05T16:04:52Z,210
SES0007893,U00648,2023-07-24T21:46:04Z,2023-07-24T21:48:55Z,171
SES0007894,U00648,2023-08-11 01:21:45,2023-08-11 01:23:01,76
SES0007895,U00648,27/07/2023 23:56,2023-07-27T23:58:16Z,103
SES0007896,U00648,29/07/2023 01:40,2023-07-29 01:49:44,549
SES0007897,U00648,31/07/2023 11:10,31/07/2023 11:11,24
SES0007898,U00648,14/07/2023 20:28,2023-07-14T20:31:03Z,143
SES0007899,U00648,2023-07-15T01:22:18Z,2023-07-15T02:24:49Z,3751
SES0007900,U00648,2023-07-24T09:24:20Z,24/07/2023 09:26,102
SES0007901,U00649,2024-05-06T07:10:48Z,06/05/2024 07:10,0
SES0007902,U00649,07/06/2024 16:48,2024-06-07 16:50:52,171
SES0007903,U00649,2024-03-08T20:40:28Z,2024-03-08 21:04:52,1464
SES0007904,U00649,2024-06-24 08:19:49,2024-06-24T08:20:24Z,35
SES0007905,U00649,2024-04-22 18:12:43,2024-04-22T18:13:16Z,33
SES0007906,U00649,03/05/2024 13:28,2024-05-03 13:42:19,810
SES0007907,U00649,2024-05-02 00:40:39,2024-05-02T00:40:48Z,9
SES0007908,U00649,2024-06-03 03:26:04,2024-06-03 03:26:29,25
SES0007909,U00649,2024-03-31 23:09:34,2024-03-31 23:09:42,8
SES0007910,U00649,2024-05-08T00:18:20Z,2024-05-08T00:18:32Z,12
SES0007911,U00649,2024-06-07 10:06:18,2024-06-07T10:06:45Z,27
SES0007912,U00649,2024-03-06T19:44:35Z,2024-03-06T19:48:18Z,223
SES0007913,U00649,22/04/2024 02:02,2024-04-22 02:02:51,44
SES0007914,U00649,23/05/2024 12:48,23/05/2024 12:49,61
SES0007915,U00649,2024-06-10T19:45:25Z,10/06/2024 19:50,334
SES0007916,U00649,29/04/2024 14:28,29/04/2024 14:30,138
SES0007917,U00649,18/05/2024 22:08,18/05/2024 22:10,141
SES0007918,U00649,02/06/2024 04:26,02/06/2024 04:29,187
SES0007919,U00649,31/05/2024 02:37,2024-05-31 02:46:12,509
SES0007920,U00649,2024-06-03 14:47:50,2024-06-03 14:47:55,5
SES0007921,U00649,2024-04-23 05:44:21,2024-04-23T05:55:33Z,672
SES0007922,U00649,2024-04-06 21:09:12,2024-04-06 21:37:56,1724
SES0007923,U00649,2024-05-29T19:24:38Z,2024-05-29T19:28:10Z,212
SES0007924,U00649,29/05/2024 03:47,2024-05-29 03:47:24,18
SES0007925,U00649,2024-03-23T22:51:46Z,23/03/2024 22:58,407
SES0007926,U00649,2024-04-22T02:26:14Z,22/04/2024 02:26,20
SES0007927,U00649,2024-05-06T02:05:23Z,2024-05-06T02:12:42Z,439
SES0007928,U00649,2024-05-02T21:28:01Z,2024-05-02 21:34:25,384
SES0007929,U00649,12/06/2024 20:55,2024-06-12T20:59:50Z,233
SES0007930,U00649,2024-05-04T05:01:10Z,2024-05-04T05:07:30Z,380
SES0007931,U00649,2024-06-21T21:06:10Z,21/06/2024 21:10,243
SES0007932,U00649,2024-03-26T01:47:41Z,26/03/2024 01:50,
SES0007933,U00649,2024-04-08 01:56:43,2024-04-08 01:58:30,107
SES0007934,U00649,2024-04-29 00:26:05,2024-04-29T00:29:42Z,217
SES0007935,U00649,28/05/2024 02:23,2024-05-28 02:24:43,84
SES0007936,U00649,13/06/2024 21:48,2024-06-13T21:51:53Z,196
SES0007937,U00649,06/06/2024 05:10,06/06/2024 05:15,314
SES0007938,U00649,2024-03-24T19:15:22Z,2024-03-24 19:17:32,130
SES0007939,U00649,14/05/2024 10:23,14/05/2024 10:24,38
SES0007940,U00649,07/05/2024 20:58,2024-05-07T21:00:37Z,112
SES0007941,U00650,2024-06-27T12:06:31Z,2024-06-27T12:17:37Z,
SES0007942,U00650,2024-06-28T17:48:47Z,28/06/2024 17:48,0
SES0007943,U00650,24/06/2024 12:34,2024-06-24T12:40:27Z,383
SES0007944,U00650,27/06/2024 21:06,27/06/2024 21:10,264
SES0007945,U00650,2024-06-25T18:41:58Z,25/06/2024 18:42,35
SES0007946,U00651,18/03/2024 09:27,18/03/2024 09:28,82
SES0007947,U00651,21/06/2024 00:37,21/06/2024 00:41,278
SES0007948,U00651,24/04/2024 19:17,2024-04-24 19:38:04,1220
SES0007949,U00651,2024-06-28 00:23:12,2024-06-28 00:24:13,61
SES0007950,U00651,01/05/2024 11:19,2024-05-01 11:21:45,124
SES0007951,U00652,2024-01-22T11:46:10Z,2024-01-22 11:53:11,421
SES0007952,U00652,22/12/2023 19:39,22/12/2023 19:41,129
SES0007953,U00652,29/10/2023 03:39,29/10/2023 03:39,9
SES0007954,U00652,26/05/2024 22:37,2024-05-26T22:39:43Z,140
SES0007955,U00652,2024-03-13T15:51:22Z,2024-03-13T15:54:36Z,194
SES0007956,U00652,2023-11-07T10:00:50Z,2023-11-07T10:03:24Z,154
SES0007957,U00652,26/09/2023 23:55,2023-09-26 23:56:45,74
SES0007958,U00652,05/05/2024 03:53,05/05/2024 03:54,30
SES0007959,U00652,2023-11-12T09:24:56Z,12/11/2023 09:45,1243
SES0007960,U00652,11/06/2024 22:10,2024-06-11 22:14:33,226
SES0007961,U00653,2023-12-07T17:29:48Z,2023-12-07 17:39:59,611
SES0007962,U00653,2023-12-17T21:58:17Z,17/12/2023 21:58,35
SES0007963,U00653,06/12/2023 00:15,06/12/2023 00:16,75
SES0007964,U00653,2023-12-12T02:07:50Z,12/12/2023 02:08,16
SES0007965,U00653,03/11/2023 23:41,2023-11-03 23:44:17,178
SES0007966,U00653,2023-11-02T20:32:12Z,02/11/2023 20:34,136
SES0007967,U00653,2023-12-07T12:15:41Z,2023-12-07T12:16:23Z,42
SES0007968,U00653,2023-12-22T03:04:41Z,2023-12-22 03:05:05,24
SES0007969,U00653,2024-01-23T00:03:47Z,2024-01-23 00:04:31,44
SES0007970,U00653,13/11/2023 05:23,2023-11-13T05:24:14Z,45
SES0007971,U00655,2023-06-19T13:22:29Z,2023-06-19 13:24:53,144
SES0007972,U00655,2023-05-19T21:47:54Z,19/05/2023 22:42,3251
SES0007973,U00655,2023-04-21 00:29:56,21/04/2023 00:30,36
SES0007974,U00655,23/05/2023 07:59,2023-05-23 08:06:19,402
SES0007975,U00655,21/05/2023 19:56,21/05/2023 20:01,302
SES0007976,U00655,2023-04-16T10:40:27Z,2023-04-16T10:51:02Z,635
SES0007977,U00655,2023-06-27T04:42:34Z,2023-06-27T04:43:16Z,42
SES0007978,U00655,2023-06-22T10:28:11Z,22/06/2023 10:28,23
SES0007979,U00655,2023-05-23T18:59:07Z,23/05/2023 19:13,867
SES0007980,U00655,06/05/2023 12:42,2023-05-06 12:43:09,63
SES0007981,U00656,2024-05-19T05:02:43Z,19/05/2024 05:03,45
SES0007982,U00656,2024-04-07T11:55:16Z,2024-04-07 11:55:30,14
SES0007983,U00656,2024-03-22 15:45:58,2024-03-22 15:47:52,114
SES0007984,U00656,2024-05-31T18:51:07Z,2024-05-31 18:56:08,301
SES0007985,U00656,2024-03-20T11:10:35Z,2024-03-20T11:17:44Z,429
SES0007986,U00656,2024-05-18T23:26:46Z,18/05/2024 23:31,
SES0007987,U00656,2024-03-28T02:09:44Z,2024-03-28T02:09:44Z,0
SES0007988,U00656,2024-04-24 04:50:11,2024-04-24T04:51:56Z,105
SES0007989,U00656,2024-03-06T15:48:44Z,06/03/2024 15:52,
SES0007990,U00656,26/03/2024 07:23,2024-03-26 07:33:40,612
SES0007991,U00656,2024-06-26T21:14:09Z,26/06/2024 21:14,40
SES0007992,U00656,2024-03-20T18:11:15Z,20/03/2024 18:12,89
SES0007993,U00656,2024-06-09 19:53:09,2024-06-09 19:55:42,153
SES0007994,U00656,14/06/2024 15:22,14/06/2024 15:26,243
SES0007995,U00656,2024-05-10 14:30:59,2024-05-10T14:38:52Z,473
SES0007996,U00656,22/04/2024 10:14,2024-04-22T10:14:26Z,9
SES0007997,U00656,2024-06-03T00:37:31Z,2024-06-03 00:53:07,936
SES0007998,U00656,2024-06-24T10:03:17Z,2024-06-24T10:12:18Z,541
SES0007999,U00656,2024-04-07T05:10:14Z,2024-04-07T05:10:29Z,15
SES0008000,U00656,2024-03-29 07:06:32,29/03/2024 07:07,31
SES0008001,U00656,29/05/2024 09:38,29/05/2024 10:26,2828
SES0008002,U00656,15/03/2024 16:18,2024-03-15T16:19:30Z,70
SES0008003,U00656,2024-04-16 08:03:34,16/04/2024 08:06,157
SES0008004,U00656,2024-04-11T07:22:02Z,11/04/2024 07:24,144
SES0008005,U00656,2024-05-10T16:21:49Z,2024-05-10T16:22:42Z,53
SES0008006,U00656,2024-06-04T21:05:40Z,2024-06-04 21:15:29,589
SES0008007,U00656,12/04/2024 06:11,2024-04-12 06:12:41,58
SES0008008,U00656,05/03/2024 16:28,05/03/2024 16:34,381
SES0008009,U00656,2024-03-18T02:51:20Z,2024-03-18T02:55:05Z,225
SES0008010,U00656,2024-04-18 23:34:05,18/04/2024 23:36,118
SES0008011,U00656,21/04/2024 08:55,21/04/2024 09:08,788
SES0008012,U00656,2024-06-14 00:15:34,14/06/2024 00:18,188
SES0008013,U00656,2024-03-27T23:44:21Z,2024-03-27T23:50:41Z,380
SES0008014,U00656,2024-03-16T12:25:53Z,2024-03-16T12:31:40Z,347
SES0008015,U00656,2024-05-01T12:43:05Z,01/05/2024 12:45,133
SES0008016,U00656,2024-04-06T09:19:48Z,2024-04-06 09:21:32,
SES0008017,U00656,2024-03-26 14:19:52,2024-03-26 14:22:31,159
SES0008018,U00656,07/05/2024 10:12,07/05/2024 11:40,5325
SES0008019,U00656,2024-03-21 02:42:38,21/03/2024 02:43,52
SES0008020,U00656,09/06/2024 14:32,2024-06-09T14:34:18Z,96
SES0008021,U00657,2023-08-19 20:55:30,2023-08-19 20:55:37,7
SES0008022,U00658,2023-02-13T14:36:48Z,2023-02-13T14:37:22Z,34
SES0008023,U00658,09/02/2023 02:03,2023-02-09T02:05:03Z,84
SES0008024,U00658,2023-02-04T03:44:05Z,2023-02-04 03:44:56,51
SES0008025,U00659,12/05/2024 02:11,12/05/2024 02:15,219
SES0008026,U00659,13/05/2024 16:28,2024-05-13 16:36:04,472
SES0008027,U00659,08/05/2024 08:21,2024-05-08 08:27:01,
SES0008028,U00659,2024-05-06T13:15:17Z,06/05/2024 13:17,143
SES0008029,U00659,2024-05-05T03:49:04Z,2024-05-05 03:50:23,79
SES0008030,U00659,15/05/2024 12:59,15/05/2024 13:00,68
SES0008031,U00659,2024-05-10T22:15:43Z,2024-05-10 22:15:56,13
SES0008032,U00659,2024-05-04 12:09:44,04/05/2024 12:13,227
SES0008033,U00659,2024-05-16 06:50:42,16/05/2024 06:54,203
SES0008034,U00659,2024-05-11 02:44:49,2024-05-11 03:05:30,1241
SES0008035,U00660,2023-04-02 09:19:33,2023-04-02 09:21:51,138
SES0008036,U00660,2023-04-09T05:45:01Z,09/04/2023 05:45,29
SES0008037,U00660,2023-04-09T04:49:23Z,2023-04-12 03:30:54,254491
SES0008038,U00660,13/04/2023 20:46,2023-04-13 20:46:21,0
SES0008039,U00660,2023-04-12 03:46:49,2023-04-12 03:49:45,176
SES0008040,U00661,2023-08-09 07:14:17,2023-08-09T07:18:16Z,239
SES0008041,U00661,01/09/2023 09:46,01/09/2023 09:56,594
SES0008042,U00661,2023-08-30 03:46:53,2023-08-30T03:50:31Z,218
SES0008043,U00661,2023-08-07 18:07:58,2023-08-07 18:15:06,428
SES0008044,U00661,2023-08-08 07:17:40,2023-08-08T07:19:52Z,132
SES0008044,U00661,2023-08-08 07:17:40,2023-08-08T07:19:52Z,132
SES0008045,U00664,16/02/2023 04:21,16/02/2023 04:24,161
SES0008046,U00664,2023-02-17 17:02:16,2023-02-17T17:14:21Z,725
SES0008047,U00664,2023-02-21T14:08:36Z,2023-02-21T14:10:18Z,102
SES0008048,U00664,2023-02-26 17:24:44,2023-02-26T17:28:52Z,248
SES0008049,U00664,22/02/2023 19:15,2023-02-22 19:27:44,727
SES0008050,U00664,16/02/2023 01:30,2023-02-16 01:33:49,185
SES0008051,U00664,2023-02-24 00:55:04,2023-02-24T00:55:46Z,42
SES0008052,U00664,14/02/2023 03:48,14/02/2023 03:51,164
SES0008053,U00664,2023-02-23 08:51:35,23/02/2023 08:52,40
SES0008054,U00664,2023-02-21 22:47:09,2023-02-21T22:57:22Z,613
SES0008055,U00664,2023-02-14 21:06:41,2023-02-14 21:07:29,48
SES0008056,U00664,2023-02-25 11:44:43,25/02/2023 11:47,142
SES0008057,U00664,2023-02-19 13:54:03,19/02/2023 13:58,291
SES0008058,U00664,20/02/2023 14:46,2023-02-20T14:52:27Z,375
SES0008059,U00664,2023-02-25T13:07:22Z,2023-02-25 13:08:40,78
SES0008060,U00664,2023-02-24T23:52:13Z,2023-02-24 23:52:13,0
SES0008061,U00664,2023-02-16T07:08:27Z,2023-02-16 07:21:41,794
SES0008062,U00664,2023-02-23T19:02:31Z,23/02/2023 19:02,17
SES0008063,U00664,19/02/2023 15:01,2023-02-19T15:01:26Z,24
SES0008064,U00664,26/02/2023 20:13,2023-02-26T20:17:19Z,220
SES0008065,U00664,2023-02-14 11:27:54,14/02/2023 11:34,383
SES0008066,U00664,2023-02-22 14:28:18,22/02/2023 14:30,150
SES0008067,U00664,16/02/2023 18:51,2023-02-16T18:52:43Z,88
SES0008068,U00664,2023-02-26 11:43:46,26/02/2023 11:45,89
SES0008069,U00664,2023-02-16T10:04:57Z,2023-02-16T10:09:07Z,250
SES0008070,U00664,2023-02-18 03:15:11,2023-02-18T03:19:31Z,260
SES0008071,U00664,21/02/2023 02:13,2023-02-21 02:14:26,65
SES0008072,U00664,27/02/2023 11:43,2023-02-27T11:44:34Z,45
SES0008073,U00664,2023-02-22 00:13:27,2023-02-22T00:15:15Z,108
SES0008074,U00664,2023-02-23 05:13:19,2023-02-23 05:13:29,10
SES0008075,U00664,2023-02-20T03:12:58Z,2023-02-20T03:16:10Z,192
SES0008076,U00664,21/02/2023 12:07,2023-02-21T12:08:20Z,31
SES0008077,U00664,2023-02-18 18:16:07,2023-02-18 18:20:53,286
SES0008078,U00664,26/02/2023 07:11,2023-02-26 07:13:24,87
SES0008079,U00664,22/02/2023 11:49,22/02/2023 11:49,N/A
SES0008080,U00664,21/02/2023 04:55,2023-02-21 05:02:17,410
SES0008081,U00664,26/02/2023 20:21,26/02/2023 20:23,144
SES0008082,U00664,2023-02-19 18:55:32,19/02/2023 18:55,0
SES0008083,U00664,2023-02-27 12:27:57,2023-02-27T12:28:59Z,62
SES0008084,U00664,15/02/2023 09:53,2023-02-15 09:53:45,25
SES0008085,U00664,2023-02-16T13:31:57Z,16/02/2023 13:33,90
SES0008086,U00664,22/02/2023 07:58,2023-02-22 08:02:04,199
SES0008087,U00664,2023-02-19T02:50:53Z,19/02/2023 02:51,55
SES0008088,U00664,2023-02-14T12:20:45Z,2023-02-14T12:30:07Z,562
SES0008089,U00664,2023-02-27 17:21:44,27/02/2023 17:25,233
SES0008090,U00664,27/02/2023 18:42,2023-02-27 19:04:03,1301
SES0008091,U00664,20/02/2023 10:58,2023-02-20T10:58:49Z,23
SES0008092,U00664,2023-02-26T05:21:41Z,2023-02-26T05:34:56Z,795
SES0008093,U00664,2023-02-23 23:02:58,23/02/2023 23:04,71
SES0008094,U00664,2023-02-25T20:39:34Z,2023-02-25 20:42:44,190
SES0008095,U00664,16/02/2023 02:06,2023-02-16 02:10:41,225
SES0008096,U00664,2023-02-26T16:36:37Z,26/02/2023 16:51,906
SES0008097,U00664,2023-02-25 01:15:40,2023-02-25 01:17:55,135
SES0008098,U00664,21/02/2023 18:45,21/02/2023 20:14,5326
SES0008099,U00664,2023-02-22T10:24:48Z,22/02/2023 10:28,228
SES0008100,U00664,23/02/2023 12:40,2023-02-23T12:57:35Z,
SES0008101,U00664,2023-02-26T16:22:09Z,2023-02-26 16:25:25,196
SES0008102,U00664,2023-02-20 12:44:37,2023-02-20T12:54:54Z,617
SES0008103,U00664,2023-02-23 11:16:42,23/02/2023 11:19,183
SES0008104,U00664,2023-02-23T13:49:44Z,2023-02-23T13:49:44Z,0
SES0008105,U00664,2023-02-21T22:03:55Z,2023-02-21 22:08:24,269
SES0008106,U00664,2023-02-24 07:00:51,2023-02-24 07:02:07,76
SES0008107,U00664,16/02/2023 10:57,2023-02-16 11:00:53,227
SES0008108,U00664,15/02/2023 05:57,15/02/2023 06:07,579
SES0008109,U00664,2023-02-23 21:56:41,2023-02-23 22:04:48,487
SES0008110,U00664,18/02/2023 01:23,18/02/2023 01:27,243
SES0008111,U00664,2023-02-17 17:48:57,17/02/2023 17:53,249
SES0008112,U00664,25/02/2023 09:20,2023-02-25T09:23:18Z,164
SES0008113,U00664,2023-02-27T05:43:03Z,2023-02-27 05:44:44,101
SES0008114,U00664,2023-02-23 08:30:20,23/02/2023 08:30,27
SES0008115,U00664,21/02/2023 23:36,21/02/2023 23:43,
SES0008116,U00664,2023-02-27T00:30:19Z,2023-02-27T00:45:57Z,938
SES0008117,U00664,2023-02-25 16:32:47,2023-02-25T16:33:20Z,33
SES0008118,U00664,2023-02-15 20:16:03,2023-02-15 20:16:27,
SES0008119,U00664,20/02/2023 18:56,2023-02-20T19:13:12Z,1006
SES0008120,U00664,19/02/2023 05:31,2023-02-19 05:32:41,89
SES0008121,U00664,2023-02-16T19:50:09Z,2023-02-16 19:52:56,167
SES0008122,U00664,2023-02-25T04:06:04Z,2023-02-25T04:07:55Z,111
SES0008123,U00664,17/02/2023 19:01,2023-02-17T19:06:04Z,267
SES0008124,U00664,2023-02-15T16:25:42Z,2023-02-15T16:27:13Z,91
SES0008125,U00665,2023-12-22T00:41:08Z,2023-12-22T00:45:21Z,253
SES0008126,U00665,01/01/2024 06:26,2024-01-01 06:40:58,850
SES0008127,U00666,2023-07-31 08:29:53,2023-07-31 08:35:13,320
SES0008128,U00666,26/09/2023 20:15,2023-09-26T20:29:12Z,816
SES0008129,U00666,2024-03-23T00:45:07Z,2024-03-23T00:46:32Z,85
SES0008130,U00666,2024-04-06 16:05:10,2024-04-06T16:05:58Z,48
SES0008131,U00666,2023-08-27 17:36:59,27/08/2023 17:38,117
SES0008132,U00666,2023-06-28T04:33:43Z,2023-06-28 04:34:28,45
SES0008133,U00666,23/12/2023 00:46,2023-12-23T00:46:24Z,1
SES0008134,U00666,14/03/2024 01:12,14/03/2024 01:23,644
SES0008135,U00666,06/11/2023 22:26,2023-11-06 22:28:57,173
SES0008136,U00666,2023-08-06 11:01:02,2023-08-06 11:01:46,44
SES0008137,U00666,30/04/2024 08:41,2024-04-30 08:44:09,189
SES0008138,U00666,2023-08-20T17:28:37Z,2023-08-20 17:29:41,64
SES0008139,U00666,2023-06-04T03:19:07Z,04/06/2023 03:21,156
SES0008140,U00666,2023-09-14 01:50:46,2023-09-14 01:51:39,53
SES0008141,U00666,28/11/2023 00:19,2023-11-28T00:20:22Z,30
SES0008142,U00666,2023-07-10 04:39:39,2023-07-10 04:53:04,805
SES0008143,U00666,2023-06-28T04:10:53Z,2023-06-28T04:11:17Z,24
SES0008144,U00666,2023-12-16 07:07:41,2023-12-16T07:10:36Z,175
SES0008145,U00666,2024-01-04T17:09:07Z,2024-01-04 17:11:15,128
SES0008146,U00666,2024-03-16T05:38:21Z,2024-03-16 05:40:05,104
SES0008147,U00666,2024-02-23 08:13:18,2024-02-23T08:24:59Z,701
SES0008148,U00666,12/05/2024 15:06,12/05/2024 15:08,N/A
SES0008149,U00666,2023-10-24T05:12:58Z,2023-10-24 05:13:52,54
SES0008150,U00666,11/06/2023 14:43,11/06/2023 14:52,547
SES0008151,U00666,2024-02-01 17:34:06,2024-02-01 17:35:33,87
SES0008152,U00666,2024-03-09 05:13:16,2024-03-09 05:15:05,109
SES0008153,U00666,2023-10-03 12:47:00,2023-10-03T12:50:56Z,236
SES0008154,U00666,23/08/2023 14:08,2023-08-23 14:09:36,65
SES0008155,U00666,29/03/2024 19:32,29/03/2024 19:38,371
SES0008156,U00666,2023-08-19 18:01:54,19/08/2023 18:05,228
SES0008157,U00666,31/10/2023 13:12,2023-10-31 13:15:25,166
SES0008158,U00666,28/09/2023 15:26,2023-09-28T15:36:05Z,596
SES0008159,U00666,30/06/2023 06:10,2023-06-30T06:12:15Z,77
SES0008160,U00666,2023-11-28T00:53:42Z,2023-11-28 00:54:32,50
SES0008161,U00666,2024-03-02T09:37:08Z,02/03/2024 09:39,155
SES0008162,U00666,06/05/2024 15:06,06/05/2024 15:07,51
SES0008163,U00666,2024-01-20 13:30:27,2024-01-20 13:30:35,8
SES0008164,U00666,16/06/2023 19:51,16/06/2023 19:56,328
SES0008165,U00666,2023-10-22T22:36:02Z,2023-10-22 22:37:11,69
SES0008166,U00666,2024-03-07T17:10:45Z,07/03/2024 17:15,284
SES0008167,U00668,30/07/2023 22:33,2023-07-30T22:33:46Z,41
SES0008168,U00669,2023-12-07T14:56:47Z,07/12/2023 15:04,438
SES0008169,U00669,2023-09-04T06:04:53Z,2023-09-04 06:15:15,622
SES0008170,U00669,2023-11-28 05:20:56,2023-11-28T05:29:13Z,497
SES0008171,U00669,2023-06-21T08:16:29Z,21/06/2023 08:20,253
SES0008172,U00669,16/10/2023 18:34,16/10/2023 18:48,841
SES0008173,U00669,2023-03-01 03:47:30,2023-03-01T03:47:57Z,27
SES0008174,U00669,04/03/2023 22:15,2023-03-04 22:17:01,114
SES0008175,U00669,2023-06-23 05:12:18,2023-06-23T05:13:16Z,58
SES0008176,U00669,2023-08-06 00:29:00,2023-08-06 00:30:04,64
SES0008177,U00669,2023-05-07 19:55:21,2023-05-07T20:02:34Z,433
SES0008178,U00669,2023-03-26 00:48:16,2023-03-26 00:56:13,477
SES0008179,U00669,2023-05-02 16:36:02,02/05/2023 16:39,
SES0008180,U00669,13/04/2023 20:08,2023-04-13T20:12:17Z,202
SES0008181,U00669,2023-04-17 02:09:26,2023-04-17T02:11:06Z,100
SES0008182,U00669,2023-12-16 14:44:14,2023-12-16T14:49:01Z,287
SES0008183,U00669,2023-03-06 17:31:18,06/03/2023 17:33,119
SES0008184,U00669,2023-07-25T20:50:00Z,2023-07-25 20:51:39,99
SES0008185,U00669,2023-04-02 18:54:21,2023-04-02 18:59:20,299
SES0008186,U00669,2023-03-19 00:32:02,2023-03-19T00:35:38Z,216
SES0008187,U00669,2023-08-13T11:05:49Z,13/08/2023 11:07,89
SES0008188,U00670,2023-07-26T21:43:22Z,2023-07-26 21:44:17,55
SES0008189,U00670,26/07/2023 12:46,2023-07-26 12:50:12,231
SES0008190,U00671,06/01/2024 23:16,2024-01-06T23:17:51Z,82
SES0008191,U00671,17/03/2024 00:03,2024-03-17 00:07:35,216
SES0008192,U00671,16/10/2023 22:32,2023-10-16 22:32:51,5
SES0008193,U00671,2023-11-30T18:58:29Z,2023-11-30T19:02:51Z,262
SES0008194,U00671,2024-01-30T09:20:56Z,2024-01-30 09:25:46,290
SES0008195,U00672,2023-05-09 03:19:00,09/05/2023 03:20,107
SES0008196,U00672,2023-05-05 18:46:02,05/05/2023 18:48,169
SES0008197,U00672,2023-05-08 14:17:53,2023-05-08 14:20:25,152
SES0008198,U00672,05/05/2023 05:15,2023-05-05 05:15:17,10
SES0008199,U00672,2023-05-06T19:05:13Z,2023-05-06 19:06:19,66
SES0008200,U00675,03/01/2024 06:24,2024-01-03T06:25:38Z,45
SES0008201,U00675,2024-02-28 07:35:55,28/02/2024 07:36,57
SES0008202,U00675,18/04/2024 02:55,2024-04-18 02:57:25,117
SES0008203,U00675,2024-02-01 13:34:26,2024-02-01 13:35:01,35
SES0008204,U00675,25/03/2024 08:47,2024-03-25T08:51:50Z,N/A
SES0008205,U00675,2023-11-22 16:13:52,2023-11-22T16:14:58Z,66
SES0008206,U00675,2023-12-23T06:54:20Z,2023-12-23T06:56:14Z,114
SES0008207,U00675,2024-03-29T20:43:21Z,2024-03-29 20:44:42,81
SES0008208,U00675,2023-12-07T23:02:27Z,07/12/2023 23:04,148
SES0008209,U00675,2023-11-03T14:06:25Z,03/11/2023 14:08,108
SES0008210,U00675,2023-12-10 20:36:17,10/12/2023 20:36,25
SES0008211,U00675,2024-02-10T22:12:11Z,2024-02-10T22:12:58Z,47
SES0008212,U00675,2024-02-22T15:57:00Z,22/02/2024 16:07,616
SES0008213,U00675,2024-04-19 04:37:14,2024-04-19T04:37:46Z,32
SES0008214,U00675,29/03/2024 13:34,29/03/2024 13:39,
SES0008215,U00675,03/03/2024 22:27,2024-03-03T22:32:58Z,318
SES0008216,U00675,2024-02-12T23:03:43Z,2024-02-12T23:07:24Z,221
SES0008217,U00675,2024-01-09 15:31:18,09/01/2024 15:32,72
SES0008218,U00675,2024-01-04T14:15:48Z,04/01/2024 14:17,109
SES0008219,U00675,25/10/2023 13:12,25/10/2023 13:13,7
SES0008220,U00676,2023-12-17T19:16:12Z,2023-12-17T19:22:14Z,362
SES0008221,U00676,2023-12-17T16:18:06Z,2023-12-17 16:18:15,9
SES0008222,U00676,2023-12-20 20:01:06,2023-12-20T20:02:08Z,62
SES0008223,U00676,2023-12-08T17:57:09Z,2023-12-08 18:00:45,216
SES0008224,U00676,2023-11-24 09:30:25,2023-11-24 09:31:52,N/A
SES0008225,U00676,2023-11-25T13:51:39Z,2023-11-25T13:55:20Z,221
SES0008226,U00676,2023-12-05T15:44:57Z,05/12/2023 15:49,298
SES0008227,U00676,2023-12-05T19:28:36Z,05/12/2023 19:29,31
SES0008228,U00676,03/12/2023 01:04,2023-12-03 01:04:39,24
SES0008229,U00676,2023-12-15T23:49:17Z,2023-12-15T23:49:17Z,0
SES0008230,U00677,2024-03-26 21:01:38,2024-03-26 21:05:45,247
SES0008231,U00677,2024-03-23 08:24:53,2024-03-23 08:26:33,100
SES0008232,U00677,2024-03-24 10:07:31,2024-03-24 10:07:44,N/A
SES0008233,U00677,2024-03-26 00:53:13,2024-03-26T00:54:10Z,57
SES0008234,U00677,2024-03-21 04:11:37,21/03/2024 04:13,89
SES0008235,U00677,2024-03-23T03:52:13Z,23/03/2024 03:53,95
SES0008236,U00677,2024-03-21 23:42:16,2024-03-21T23:50:33Z,497
SES0008237,U00677,21/03/2024 21:37,2024-03-21 21:50:35,813
SES0008238,U00677,2024-03-22 21:08:51,2024-03-22T21:11:54Z,183
SES0008239,U00677,23/03/2024 09:30,2024-03-23 09:34:31,249
SES0008240,U00677,20/03/2024 05:02,2024-03-20T06:01:04Z,3490
SES0008241,U00677,2024-03-23T06:57:46Z,2024-03-23 06:58:18,32
SES0008242,U00677,2024-03-21 01:11:13,21/03/2024 01:15,235
SES0008243,U00677,2024-03-24 23:40:45,24/03/2024 23:44,226
SES0008244,U00677,23/03/2024 06:11,2024-03-23 06:11:52,20
SES0008245,U00677,2024-03-24T03:01:13Z,2024-03-24T04:06:14Z,3901
SES0008246,U00677,2024-03-20 03:19:32,2024-03-20 03:20:13,41
SES0008247,U00677,26/03/2024 22:09,26/03/2024 22:10,22
SES0008248,U00677,2024-03-22T16:30:48Z,2024-03-22 16:34:01,193
SES0008249,U00677,2024-03-20T07:19:07Z,20/03/2024 07:20,78
SES0008250,U00677,21/03/2024 19:49,2024-03-21T20:04:56Z,898
SES0008251,U00677,26/03/2024 02:48,2024-03-26T02:48:59Z,0
SES0008252,U00677,2024-03-25T03:56:09Z,2024-03-25 03:56:49,40
SES0008253,U00677,22/03/2024 20:21,22/03/2024 20:30,550
SES0008254,U00677,20/03/2024 19:11,20/03/2024 19:29,1112
SES0008255,U00677,2024-03-26 06:02:12,26/03/2024 06:19,1008
SES0008256,U00677,20/03/2024 14:34,2024-03-20T14:35:57Z,78
SES0008257,U00677,25/03/2024 06:30,2024-03-25T06:30:34Z,24
SES0008258,U00677,2024-03-26T18:19:57Z,2024-03-26 18:23:13,196
SES0008259,U00677,2024-03-22T19:14:51Z,2024-03-22 19:15:36,45
SES0008260,U00678,2023-05-20 10:40:45,2023-05-20T10:41:10Z,25
SES0008261,U00678,23/05/2023 12:41,2023-05-23 12:51:00,560
SES0008262,U00678,23/05/2023 05:48,2023-05-23T05:49:17Z,24
SES0008263,U00678,2023-05-22T19:40:48Z,2023-05-22T19:42:17Z,89
SES0008264,U00678,21/05/2023 09:11,2023-05-21 09:19:09,458
SES0008265,U00678,2023-05-21T06:41:02Z,21/05/2023 06:42,81
SES0008266,U00678,2023-05-22 06:34:42,2023-05-22 06:37:48,186
SES0008267,U00678,2023-05-22T03:25:07Z,22/05/2023 03:26,56
SES0008268,U00678,2023-05-24 23:41:03,2023-05-24T23:45:40Z,277
SES0008269,U00678,2023-05-24 23:25:59,2023-05-24T23:37:42Z,703
SES0008270,U00680,2023-09-17 05:18:17,17/09/2023 05:18,39
SES0008271,U00680,21/09/2023 09:14,2023-09-21 09:14:51,28
SES0008272,U00680,23/09/2023 12:05,2023-09-23T12:07:21Z,132
SES0008273,U00680,15/09/2023 04:35,2023-09-15 04:38:38,197
SES0008274,U00680,23/09/2023 09:38,23/09/2023 09:38,26
SES0008275,U00680,19/09/2023 10:01,2023-09-19 10:02:53,66
SES0008276,U00680,20/09/2023 10:18,2023-09-20T10:18:26Z,0
SES0008277,U00680,2023-09-23T07:57:37Z,2023-09-23T08:09:14Z,697
SES0008278,U00680,2023-09-20 04:46:47,20/09/2023 04:48,98
SES0008279,U00680,2023-09-17T19:08:40Z,2023-09-17 19:20:38,718
SES0008280,U00680,15/09/2023 14:19,15/09/2023 14:43,1433
SES0008281,U00680,17/09/2023 15:38,2023-09-17T15:38:39Z,35
SES0008282,U00680,2023-09-26 19:07:31,2023-09-26 19:10:51,200
SES0008283,U00680,17/09/2023 07:27,2023-09-19 02:27:39,154827
SES0008284,U00680,2023-09-24T02:44:38Z,2023-09-24T02:45:59Z,81
SES0008285,U00680,2023-09-21 13:37:21,2023-09-21T13:39:21Z,120
SES0008286,U00680,18/09/2023 06:13,2023-09-18T06:14:07Z,37
SES0008287,U00680,24/09/2023 17:43,24/09/2023 17:51,465
SES0008288,U00680,2023-09-15 17:45:24,2023-09-15 17:53:41,497
SES0008289,U00680,2023-09-14 11:09:19,2023-09-14T11:16:24Z,425
SES0008290,U00681,2023-10-14 05:14:49,2023-10-15 17:33:57,130748
SES0008291,U00681,2023-10-14T16:25:14Z,2023-10-14 16:26:41,87
SES0008292,U00682,2023-12-29 20:31:18,29/12/2023 20:31,16
SES0008293,U00682,2023-12-30 09:30:02,2023-12-30 09:31:00,58
SES0008294,U00683,2024-02-29 04:38:19,2024-02-29 04:39:25,N/A
SES0008295,U00683,2024-02-29T17:25:11Z,2024-02-29T17:31:49Z,398
SES0008296,U00683,2024-02-29T10:44:47Z,29/02/2024 10:50,316
SES0008297,U00683,29/02/2024 17:54,2024-02-29T17:54:56Z,N/A
SES0008298,U00683,29/02/2024 04:30,2024-02-29T04:32:12Z,93
SES0008299,U00683,29/02/2024 13:28,2024-02-29 13:44:52,1003
SES0008300,U00683,29/02/2024 01:04,29/02/2024 01:04,33
SES0008301,U00683,29/02/2024 15:54,2024-02-29T15:54:29Z,27
SES0008302,U00683,2024-02-29T07:12:07Z,2024-02-29 07:18:02,355
SES0008303,U00683,2024-02-29 12:30:43,29/02/2024 12:32,88
SES0008304,U00683,2024-02-29T15:35:14Z,29/02/2024 15:35,23
SES0008305,U00683,29/02/2024 07:24,29/02/2024 07:27,216
SES0008306,U00683,2024-02-29 14:54:33,2024-02-29 14:55:49,76
SES0008307,U00683,29/02/2024 18:12,2024-02-29T18:20:15Z,453
SES0008308,U00683,2024-02-29T23:29:37Z,29/02/2024 23:33,237
SES0008309,U00683,29/02/2024 01:26,2024-02-29T01:28:32Z,97
SES0008310,U00683,2024-02-29 08:28:37,2024-02-29 08:29:07,30
SES0008311,U00683,2024-02-29 01:57:13,29/02/2024 01:57,34
SES0008312,U00683,2024-02-29T06:32:45Z,29/02/2024 06:35,141
SES0008313,U00683,2024-02-29T04:36:20Z,2024-02-29 04:39:27,187
SES0008314,U00683,2024-02-29T18:54:51Z,2024-02-29T18:54:51Z,0
SES0008315,U00683,2024-02-29 03:51:25,29/02/2024 03:53,
SES0008316,U00683,2024-02-29 00:31:14,01/03/2024 10:47,123357
SES0008317,U00683,29/02/2024 16:10,2024-02-29T16:20:53Z,638
SES0008318,U00683,2024-02-29 05:48:32,2024-02-29T05:51:07Z,155
SES0008319,U00683,2024-02-29 21:58:37,2024-02-29 22:03:23,286
SES0008320,U00683,29/02/2024 08:46,2024-02-29 08:54:14,459
SES0008321,U00683,2024-02-29T08:30:59Z,29/02/2024 08:37,419
SES0008322,U00683,2024-02-29 23:46:42,2024-03-02 22:27:40,168058
SES0008323,U00683,29/02/2024 22:22,2024-02-29T22:26:24Z,217
SES0008324,U00684,2023-12-04 11:15:31,2023-12-04 11:16:13,42
SES0008325,U00684,2023-12-23T07:22:46Z,2023-12-23T07:23:38Z,52
SES0008326,U00685,05/06/2024 09:20,2024-06-05 09:23:48,228
SES0008327,U00685,22/05/2024 16:41,2024-05-22T16:43:03Z,69
SES0008328,U00685,25/05/2024 19:21,2024-05-25 19:22:56,59
SES0008329,U00685,23/05/2024 00:41,2024-05-23T00:41:50Z,15
SES0008330,U00685,25/05/2024 05:39,25/05/2024 07:08,5384
SES0008331,U00685,2024-05-24 04:44:17,24/05/2024 04:47,167
SES0008332,U00685,2024-05-20 20:08:43,2024-05-20 20:09:35,52
SES0008333,U00685,2024-06-18T23:36:15Z,18/06/2024 23:42,359
SES0008334,U00685,2024-06-18 16:28:21,2024-06-18T16:28:50Z,29
SES0008335,U00685,04/06/2024 08:07,2024-06-04T08:29:05Z,
SES0008336,U00685,22/05/2024 18:33,2024-05-22 18:35:42,105
SES0008337,U00685,19/05/2024 00:53,19/05/2024 01:07,860
SES0008338,U00685,2024-05-26T08:47:01Z,2024-05-26 08:50:08,187
SES0008339,U00685,2024-06-27 16:59:10,2024-06-27 17:00:53,103
SES0008340,U00685,2024-05-27T13:47:18Z,2024-05-27T13:47:48Z,30
SES0008341,U00685,2024-06-25T15:32:35Z,25/06/2024 15:38,333
SES0008342,U00685,13/05/2024 13:21,2024-05-13T13:46:55Z,1511
SES0008343,U00685,2024-06-15 01:25:19,2024-06-15 01:26:01,42
SES0008344,U00685,13/05/2024 15:52,13/05/2024 15:52,29
SES0008345,U00685,2024-05-14 01:05:21,2024-05-14T01:21:15Z,954
SES0008346,U00685,2024-05-09 11:22:24,2024-05-09 11:24:03,99
SES0008347,U00685,2024-06-05T09:59:40Z,2024-06-05 10:46:14,2794
SES0008348,U00685,2024-05-12 05:08:09,2024-05-12T05:12:29Z,260
SES0008349,U00685,07/06/2024 02:07,2024-06-07 02:16:47,568
SES0008350,U00685,25/06/2024 16:36,2024-06-25T16:40:44Z,243
SES0008351,U00685,26/05/2024 06:15,2024-05-26T06:32:01Z,974
SES0008352,U00685,2024-05-13 18:34:25,2024-05-13 18:35:04,39
SES0008353,U00685,18/06/2024 00:42,18/06/2024 00:53,642
SES0008354,U00685,09/05/2024 22:48,09/05/2024 23:05,1019
SES0008355,U00685,14/05/2024 14:51,14/05/2024 14:57,N/A
SES0008356,U00685,2024-06-11T19:17:14Z,2024-06-11 19:17:58,44
SES0008357,U00685,07/06/2024 18:16,2024-06-07 18:39:40,1385
SES0008358,U00685,2024-05-25 11:15:07,2024-05-28T04:04:31Z,233364
SES0008359,U00685,2024-06-20T06:43:10Z,2024-06-20 06:44:15,65
SES0008360,U00685,2024-06-15T02:53:58Z,15/06/2024 02:58,283
SES0008361,U00685,07/06/2024 11:06,2024-06-07 11:07:03,24
SES0008362,U00685,17/05/2024 05:36,2024-05-17T05:39:38Z,182
SES0008363,U00685,05/06/2024 05:47,2024-06-05T05:52:19Z,292
SES0008364,U00685,2024-06-24 20:23:52,24/06/2024 20:25,87
SES0008365,U00685,2024-05-08 02:28:57,2024-05-08 02:33:38,281
SES0008366,U00686,2023-01-14T12:50:24Z,2023-01-14 12:51:50,86
SES0008367,U00686,2023-01-04T20:47:21Z,2023-01-04T20:48:08Z,47
SES0008368,U00686,02/02/2023 14:32,2023-02-02T14:35:22Z,
SES0008369,U00686,2023-01-10 17:38:50,10/01/2023 17:40,87
SES0008370,U00686,09/01/2023 01:52,09/01/2023 01:53,52
SES0008371,U00686,2023-01-14T05:49:50Z,2023-01-16 08:42:50,183180
SES0008372,U00686,2023-01-07 10:30:34,2023-01-07T10:33:54Z,200
SES0008373,U00686,2023-01-21T07:45:48Z,21/01/2023 07:46,39
SES0008374,U00686,18/01/2023 20:47,18/01/2023 21:03,985
SES0008375,U00686,17/01/2023 06:18,2023-01-17T06:19:24Z,58
SES0008376,U00687,2023-03-25 20:08:32,2023-03-25 20:09:25,53
SES0008377,U00687,2023-03-25 00:43:09,25/03/2023 00:43,34
SES0008378,U00687,2023-03-27 22:23:54,2023-03-27T22:28:45Z,291
SES0008379,U00687,23/03/2023 04:34,2023-03-23 04:35:59,113
SES0008380,U00687,2023-03-24T22:55:38Z,2023-03-24 22:57:25,107
SES0008381,U00687,22/03/2023 06:48,22/03/2023 07:05,1017
SES0008382,U00687,2023-03-22 20:36:16,2023-03-22T20:42:20Z,364
SES0008383,U00687,2023-03-28 13:51:22,2023-03-28T14:03:17Z,715
SES0008384,U00687,2023-03-27T14:20:01Z,2023-03-27 14:22:33,152
SES0008385,U00687,2023-03-27 16:45:42,2023-03-30 12:26:57,243675
SES0008386,U00688,03/03/2024 04:59,03/03/2024 04:59,22
SES0008387,U00688,2024-04-04 09:27:07,04/04/2024 09:36,579
SES0008388,U00688,2024-02-21 09:28:18,21/02/2024 09:29,52
SES0008389,U00688,29/03/2024 05:35,2024-03-29T05:40:46Z,
SES0008390,U00688,22/03/2024 17:23,2024-03-22T17:30:54Z,452
SES0008391,U00689,2023-03-16 03:35:20,16/03/2023 03:38,164
SES0008392,U00689,2023-03-28T00:10:14Z,2023-03-28T00:11:07Z,53
SES0008393,U00689,2023-03-28 11:54:10,28/03/2023 11:54,44
SES0008394,U00690,2024-06-30 03:12:11,2024-06-30T03:15:08Z,177
SES0008395,U00690,2024-06-30T10:43:41Z,2024-07-02T10:46:08Z,172947
SES0008396,U00690,30/06/2024 19:57,2024-06-30T20:14:12Z,976
SES0008397,U00690,2024-06-30 14:12:48,30/06/2024 14:13,47
SES0008398,U00690,2024-06-30 07:38:28,2024-06-30 07:38:54,26
SES0008399,U00691,2024-05-14T01:57:28Z,14/05/2024 01:58,51
SES0008400,U00692,2023-03-16 12:09:57,2023-03-16T12:11:26Z,89
SES0008401,U00692,2023-03-20T06:53:17Z,20/03/2023 06:53,24
SES0008402,U00692,2023-03-01T03:57:05Z,04/03/2023 15:08,299482
SES0008403,U00692,2023-03-28 15:02:30,28/03/2023 15:03,46
SES0008404,U00692,06/03/2023 18:23,2023-03-06 18:24:28,40
SES0008405,U00693,2024-06-09 18:56:12,2024-06-09T18:57:14Z,62
SES0008405,U00693,2024-06-09 18:56:12,2024-06-09T18:57:14Z,62
SES0008406,U00695,2023-12-21 10:13:24,21/12/2023 10:19,377
SES0008407,U00695,2023-12-23 22:49:38,2023-12-23T22:51:10Z,92
SES0008408,U00695,2023-12-22T13:36:35Z,2023-12-22T13:52:25Z,950
SES0008409,U00695,18/12/2023 06:42,18/12/2023 06:42,28
SES0008410,U00695,23/12/2023 16:08,2023-12-23T16:18:32Z,593
SES0008411,U00695,2023-12-19 03:22:35,2023-12-19 03:30:23,468
SES0008412,U00695,2023-12-19T02:23:20Z,2023-12-19 02:23:20,0
SES0008413,U00695,2023-12-18 10:37:03,18/12/2023 10:37,21
SES0008414,U00695,2023-12-22T02:41:59Z,2023-12-22 02:47:54,355
SES0008415,U00695,22/12/2023 15:44,2023-12-22 15:45:43,66
SES0008416,U00696,22/04/2024 03:25,22/04/2024 03:30,285
SES0008417,U00696,2024-04-08T22:40:11Z,2024-04-08 22:48:49,518
SES0008418,U00696,10/04/2024 21:04,2024-04-10 21:05:46,95
SES0008419,U00696,2024-04-18T14:45:33Z,2024-04-18T14:46:55Z,82
SES0008420,U00696,2024-04-22T13:05:43Z,22/04/2024 13:06,43
SES0008421,U00697,2023-09-12T04:04:43Z,12/09/2023 04:09,268
SES0008422,U00697,2023-09-15 18:38:27,2023-09-15T18:39:35Z,68
SES0008423,U00697,2023-09-12T16:02:09Z,2023-09-12T16:06:25Z,256
SES0008424,U00697,2023-09-04T05:09:24Z,2023-09-04 05:10:54,90
SES0008425,U00697,2023-09-14 23:10:09,14/09/2023 23:10,38
SES0008426,U00697,2023-09-14 23:05:50,14/09/2023 23:11,344
SES0008427,U00697,2023-09-12T00:34:12Z,12/09/2023 00:34,23
SES0008428,U00697,2023-09-14 22:51:27,14/09/2023 22:52,75
SES0008429,U00697,2023-09-14T00:01:53Z,2023-09-14 00:08:18,N/A
SES0008430,U00697,09/09/2023 19:07,2023-09-09T19:08:14Z,31
SES0008431,U00697,14/09/2023 05:44,14/09/2023 07:17,5576
SES0008432,U00697,2023-09-08 03:16:39,2023-09-08T03:17:31Z,52
SES0008433,U00697,2023-09-08 23:23:22,08/09/2023 23:26,216
SES0008434,U00697,2023-09-13 10:19:07,2023-09-13T10:21:04Z,117
SES0008435,U00697,2023-09-04T04:27:00Z,2023-09-04T04:29:33Z,153
SES0008436,U00697,2023-09-10T22:18:29Z,10/09/2023 22:21,152
SES0008437,U00697,2023-09-10T18:51:26Z,2023-09-10T18:52:22Z,
SES0008438,U00697,2023-09-16T02:14:46Z,2023-09-16 02:16:01,75
SES0008439,U00697,2023-09-07T01:32:48Z,2023-09-07T01:34:31Z,103
SES0008440,U00697,2023-09-08 02:39:58,2023-09-08T02:41:14Z,76
SES0008441,U00698,2024-05-20T14:11:12Z,20/05/2024 14:34,1388
SES0008442,U00699,2024-06-26T19:07:48Z,2024-06-26T19:09:01Z,73
SES0008443,U00700,2023-07-01 13:07:12,2023-07-01T13:09:55Z,163
SES0008444,U00700,2023-07-13T00:38:24Z,13/07/2023 00:39,85
SES0008445,U00700,2023-07-07T23:04:41Z,2023-07-07 23:06:07,86
SES0008446,U00700,2023-04-26T18:20:50Z,26/04/2023 18:21,39
SES0008447,U00700,05/06/2023 00:13,05/06/2023 00:15,121
SES0008448,U00700,13/07/2023 19:48,2023-07-13 19:48:49,34
SES0008449,U00700,2023-06-05 08:55:00,05/06/2023 09:03,517
SES0008450,U00700,07/06/2023 04:03,07/06/2023 04:08,254
SES0008451,U00700,2023-05-10T04:34:11Z,2023-05-10T04:34:40Z,29
SES0008452,U00700,2023-06-21 08:58:40,2023-06-21T08:59:00Z,20
SES0008453,U00702,2023-04-07T14:19:23Z,07/04/2023 14:19,4
SES0008454,U00702,2023-04-04T01:09:24Z,2023-04-04 01:22:45,801
SES0008455,U00702,01/04/2023 15:25,01/04/2023 15:26,32
SES0008456,U00702,07/04/2023 21:58,2023-04-07 21:59:25,77
SES0008457,U00702,2023-03-29T07:32:28Z,2023-03-29T07:44:35Z,727
SES0008458,U00702,2023-04-13 22:15:25,2023-04-13 22:15:52,27
SES0008459,U00702,2023-03-31T22:52:08Z,31/03/2023 22:52,
SES0008460,U00702,2023-03-31T01:23:05Z,2023-03-31T01:26:27Z,202
SES0008461,U00702,2023-04-13 15:33:46,2023-04-13T15:36:09Z,143
SES0008462,U00702,2023-03-23 13:34:19,23/03/2023 13:37,192
SES0008463,U00702,10/04/2023 19:16,2023-04-10T19:17:59Z,113
SES0008464,U00702,2023-04-01 13:58:16,2023-04-01 14:00:37,141
SES0008465,U00702,16/03/2023 20:49,2023-03-16T20:51:15Z,118
SES0008466,U00702,05/04/2023 13:45,2023-04-05T13:45:40Z,3
SES0008467,U00702,2023-03-31T03:38:45Z,2023-03-31 03:39:18,33
SES0008468,U00702,07/04/2023 14:06,2023-04-07 14:06:30,11
SES0008469,U00702,2023-03-29T13:23:53Z,2023-03-29T13:30:31Z,398
SES0008470,U00702,2023-03-26T13:32:21Z,2023-03-26T13:43:49Z,688
SES0008471,U00702,2023-04-11 12:07:40,2023-04-11T12:27:33Z,1193
SES0008472,U00702,2023-04-09T18:55:54Z,09/04/2023 19:14,1102
SES0008472,U00702,2023-04-09T18:55:54Z,09/04/2023 19:14,1102
SES0008473,U00703,2023-01-11T00:05:21Z,2023-01-11T00:10:11Z,
SES0008474,U00703,2023-01-15 15:05:20,2023-01-15T15:06:29Z,69
SES0008475,U00704,2024-06-05 20:33:23,2024-06-05T20:36:23Z,180
SES0008476,U00704,2023-10-25 08:26:58,25/10/2023 08:42,926
SES0008477,U00704,03/11/2023 14:47,2023-11-03 14:48:38,59
SES0008478,U00704,20/11/2023 23:15,2023-11-20 23:23:08,446
SES0008479,U00704,2023-12-27T04:34:10Z,2023-12-27 04:35:19,69
SES0008480,U00704,2024-05-19 11:58:16,2024-05-19T12:07:02Z,526
SES0008481,U00704,2024-06-14T04:04:38Z,2024-06-14 04:15:52,
SES0008482,U00704,2024-02-24T02:46:43Z,2024-02-24 02:47:57,74
SES0008483,U00704,27/12/2023 14:34,2023-12-27T14:36:28Z,99
SES0008484,U00704,2023-11-02T08:07:34Z,2023-11-02 08:08:23,49
SES0008485,U00704,2023-12-20 07:39:20,2023-12-20T07:39:47Z,27
SES0008486,U00704,2024-04-01T17:28:19Z,2024-04-01 17:28:41,22
SES0008487,U00704,2024-02-07T23:31:59Z,2024-02-07T23:35:44Z,225
SES0008488,U00704,18/11/2023 15:11,2023-11-18T15:12:22Z,81
SES0008489,U00704,2024-03-26 12:53:31,2024-03-26T13:15:38Z,1327
SES0008490,U00704,2024-03-27 13:57:08,2024-03-27T14:04:16Z,428
SES0008491,U00704,2024-05-01T19:18:54Z,2024-05-01T19:22:37Z,223
SES0008492,U00704,2023-11-12T13:58:49Z,2023-11-12 14:19:38,1249
SES0008493,U00704,2024-05-30 21:44:02,2024-05-30 21:44:14,12
SES0008494,U00704,20/04/2024 06:15,2024-04-20T06:18:42Z,165
SES0008495,U00705,01/04/2024 22:52,2024-04-01 22:59:11,396
SES0008496,U00706,2023-05-10T13:18:44Z,13/05/2023 09:40,246129
SES0008497,U00708,03/02/2024 09:59,03/02/2024 10:24,1463
SES0008498,U00708,20/03/2024 13:05,20/03/2024 13:35,1789
SES0008499,U00708,2024-04-18T07:28:08Z,2024-04-18 07:28:33,25
SES0008500,U00708,19/06/2024 17:00,19/06/2024 17:01,91
SES0008501,U00708,08/05/2024 07:04,2024-05-08 07:16:05,668
SES0008502,U00708,2024-02-19T05:07:34Z,19/02/2024 05:08,70
SES0008503,U00708,2024-05-16T10:51:48Z,16/05/2024 10:53,93
SES0008504,U00708,2024-04-06T21:21:01Z,2024-04-06T21:21:14Z,13
SES0008505,U00708,2024-04-02 21:15:50,02/04/2024 21:17,115
SES0008506,U00708,02/03/2024 16:37,02/03/2024 16:42,265
SES0008507,U00708,2024-05-05 03:00:44,05/05/2024 03:02,126
SES0008508,U00708,03/05/2024 16:11,2024-05-03T16:13:32Z,129
SES0008509,U00708,31/05/2024 11:57,2024-05-31T11:59:21Z,113
SES0008510,U00708,2024-05-03 20:37:05,2024-05-03T20:38:42Z,97
SES0008511,U00708,2024-03-25T07:39:48Z,2024-03-25T07:45:12Z,324
SES0008512,U00708,2024-02-13T00:30:32Z,13/02/2024 00:34,219
SES0008513,U00708,2024-03-08 12:10:21,2024-03-08T12:11:25Z,64
SES0008514,U00708,2024-01-19T20:33:08Z,2024-01-19T20:37:26Z,258
SES0008515,U00708,2024-05-02 15:37:15,02/05/2024 15:39,141
SES0008516,U00708,2024-03-30 16:13:11,2024-03-30 16:13:34,23
SES0008517,U00708,16/03/2024 01:21,2024-03-16 01:25:33,265
SES0008518,U00708,2024-06-20 08:06:34,2024-06-20 08:18:37,723
SES0008519,U00708,2024-05-07 10:42:57,2024-05-07T10:57:22Z,865
SES0008520,U00708,07/02/2024 20:36,2024-02-07T20:38:13Z,103
SES0008521,U00708,2024-02-12 19:14:45,2024-02-12 19:17:03,138
SES0008522,U00708,2024-02-08T07:51:24Z,2024-02-08T07:52:12Z,48
SES0008523,U00708,2024-02-12 04:24:01,2024-02-12 04:28:25,264
SES0008524,U00708,2024-02-06 04:36:00,2024-02-06 04:39:39,219
SES0008525,U00708,31/05/2024 04:53,2024-05-31 04:55:47,127
SES0008526,U00708,2024-01-24T00:57:57Z,24/01/2024 01:05,470
SES0008527,U00708,2024-02-23 19:48:30,2024-02-23 19:53:16,286
SES0008528,U00708,2024-01-01T05:59:44Z,2024-01-01T06:19:04Z,1160
SES0008529,U00708,2024-01-30 07:55:47,2024-01-30T08:12:02Z,975
SES0008530,U00708,2024-01-23 01:04:05,2024-01-23T01:05:36Z,91
SES0008531,U00708,2024-01-21T13:27:10Z,21/01/2024 13:29,
SES0008532,U00708,2024-04-03T13:06:43Z,2024-04-03T13:23:56Z,1033
SES0008533,U00708,2024-01-03T22:45:34Z,2024-01-03T22:46:27Z,53
SES0008534,U00708,25/12/2023 06:08,2023-12-25 06:08:43,39
SES0008535,U00708,2024-02-15T21:28:07Z,15/02/2024 21:31,
SES0008536,U00708,2024-06-08T16:49:28Z,08/06/2024 16:56,424
SES0008537,U00708,17/04/2024 01:31,2024-04-17 01:33:37,99
SES0008538,U00708,2024-02-16T18:42:23Z,2024-02-16T18:42:34Z,11
SES0008539,U00708,2024-01-20 03:30:03,2024-01-20 03:30:45,42
SES0008540,U00708,02/03/2024 11:13,2024-03-02T11:24:44Z,679
SES0008541,U00708,2024-05-20T17:58:48Z,2024-05-20T18:01:36Z,168
SES0008542,U00708,2024-02-23T04:25:26Z,2024-02-23T04:38:39Z,793
SES0008543,U00708,09/03/2024 08:29,09/03/2024 08:30,56
SES0008544,U00708,2024-02-23T16:48:52Z,2024-02-23 16:51:48,176
SES0008545,U00708,2024-06-11 19:16:23,2024-06-11 19:16:43,20
SES0008546,U00708,2024-04-13T19:04:39Z,2024-04-13T19:04:57Z,18
SES0008547,U00708,2024-05-28T21:06:22Z,2024-05-28 21:07:30,N/A
SES0008548,U00708,2024-01-24T14:45:50Z,2024-01-24T14:46:43Z,53
SES0008549,U00708,2024-06-20 12:28:25,2024-06-20 12:29:59,N/A
SES0008550,U00708,2024-06-11T19:41:28Z,11/06/2024 19:41,7
SES0008551,U00708,2024-02-28 04:50:44,2024-02-28 04:51:58,74
SES0008552,U00708,2024-01-10T00:42:37Z,10/01/2024 00:43,70
SES0008553,U00708,2024-06-05T04:50:37Z,2024-06-05 04:52:52,135
SES0008554,U00708,30/12/2023 07:41,30/12/2023 07:42,32
SES0008555,U00708,2024-04-20T12:53:49Z,2024-04-20 12:57:36,227
SES0008556,U00708,2023-12-26T13:47:45Z,2023-12-26 13:47:45,0
SES0008557,U00708,12/01/2024 19:12,2024-01-12 19:14:59,171
SES0008558,U00708,2024-04-08 08:33:45,2024-04-08T08:34:10Z,25
SES0008559,U00708,2024-06-16T00:36:32Z,2024-06-16 00:36:45,13
SES0008560,U00708,2024-05-13T22:11:02Z,13/05/2024 22:12,64
SES0008561,U00708,2024-05-14T15:33:01Z,2024-05-14T15:47:17Z,856
SES0008562,U00708,2024-03-27T11:23:08Z,2024-03-27T11:28:34Z,326
SES0008563,U00708,2024-02-02 16:29:10,2024-02-02 16:30:09,59
SES0008564,U00708,2024-03-24 04:30:39,2024-03-24T04:57:02Z,1583
SES0008565,U00708,2023-12-31 18:15:40,31/12/2023 18:21,371
SES0008566,U00708,2024-01-30 02:41:03,2024-01-30 02:46:45,342
SES0008567,U00708,2024-03-03 00:57:47,2024-03-03 00:57:47,0
SES0008568,U00708,2024-02-27 12:25:03,27/02/2024 12:25,26
SES0008569,U00708,2024-05-02T23:51:12Z,2024-05-02T23:51:28Z,16
SES0008570,U00708,2024-04-25T15:11:54Z,2024-04-25 15:13:13,79
SES0008571,U00708,2024-04-18 21:25:33,2024-04-18T21:26:43Z,70
SES0008572,U00708,23/05/2024 22:08,2024-05-23 22:10:27,119
SES0008573,U00708,2024-04-04T05:37:24Z,2024-04-04T05:46:43Z,559
SES0008574,U00708,2023-12-28 06:42:33,28/12/2023 07:02,1168
SES0008575,U00708,2024-01-11T17:53:59Z,11/01/2024 17:55,93
SES0008576,U00708,2024-05-14T21:44:22Z,2024-05-14T21:44:58Z,36
SES0008577,U00709,04/01/2024 08:59,2024-01-04 09:00:55,101
SES0008578,U00709,2024-03-14 01:43:24,2024-03-14T01:44:52Z,88
SES0008579,U00709,2024-03-21 02:58:40,2024-03-21 03:04:42,362
SES0008580,U00709,24/11/2023 18:27,24/11/2023 18:28,41
SES0008581,U00709,2024-04-20 07:52:33,2024-04-20 07:53:41,68
SES0008582,U00709,2023-12-03T09:18:57Z,2023-12-03T09:33:47Z,890
SES0008583,U00709,2024-03-03T09:11:08Z,2024-03-03 09:26:56,948
SES0008584,U00709,02/12/2023 16:12,2023-12-02 16:20:04,457
SES0008585,U00709,2023-11-30T07:52:28Z,2023-11-30T07:56:08Z,220
SES0008586,U00709,2024-04-06T02:04:18Z,2024-04-06 02:05:14,56
SES0008587,U00709,2024-04-06T06:21:35Z,2024-04-06T06:31:40Z,605
SES0008588,U00709,2023-11-16T20:14:16Z,16/11/2023 20:16,120
SES0008589,U00709,2023-12-12 19:47:51,2023-12-12T19:49:02Z,71
SES0008590,U00709,2024-02-02 16:57:23,2024-02-02 16:58:25,62
SES0008591,U00709,2024-04-26T02:50:53Z,26/04/2024 02:59,531
SES0008592,U00709,2024-04-26 14:51:10,2024-04-26 14:58:05,415
SES0008593,U00709,2024-03-02 13:06:59,02/03/2024 13:17,643
SES0008594,U00709,11/11/2023 06:06,2023-11-11 06:10:33,236
SES0008595,U00709,2023-12-28 14:29:14,2023-12-28 14:36:55,461
SES0008596,U00709,2024-02-12 16:09:40,14/02/2024 01:36,120439
SES0008597,U00709,07/02/2024 15:48,2024-02-07T15:54:43Z,350
SES0008598,U00709,19/12/2023 09:58,19/12/2023 10:02,224
SES0008599,U00709,2023-12-19T00:42:46Z,2023-12-19 01:01:17,1111
SES0008600,U00709,2024-03-16T20:56:55Z,2024-03-16 20:57:14,19
SES0008601,U00709,2024-03-18 19:44:56,2024-03-18 19:47:50,174
SES0008602,U00709,19/12/2023 01:19,19/12/2023 01:47,1703
SES0008603,U00709,08/12/2023 10:06,2023-12-08 10:06:34,0
SES0008604,U00709,2024-02-12 13:14:57,2024-02-12 13:15:12,15
SES0008605,U00709,13/03/2024 09:49,13/03/2024 09:50,52
SES0008606,U00709,2024-03-24T15:48:16Z,2024-03-24T16:00:29Z,733
SES0008607,U00709,14/03/2024 02:31,2024-03-14T02:34:29Z,N/A
SES0008608,U00709,15/02/2024 11:29,2024-02-15 11:48:28,1121
SES0008609,U00709,2024-03-20T08:54:55Z,2024-03-20T08:57:14Z,139
SES0008610,U00709,2024-04-14T08:36:00Z,2024-04-14 08:44:47,527
SES0008611,U00709,2024-01-13T04:40:39Z,13/01/2024 04:43,195
SES0008612,U00709,2024-04-04 00:50:20,2024-04-04T01:00:48Z,628
SES0008613,U00709,01/12/2023 06:06,01/12/2023 06:11,295
SES0008614,U00709,13/12/2023 17:09,13/12/2023 17:10,36
SES0008615,U00709,2024-01-19T05:09:03Z,2024-01-19T05:10:16Z,73
SES0008616,U00709,08/12/2023 06:56,2023-12-08 06:56:50,9
SES0008617,U00710,2023-12-31T03:28:01Z,2023-12-31 03:28:47,46
SES0008618,U00710,09/03/2024 09:38,2024-03-09 09:40:23,137
SES0008619,U00710,2023-09-22T07:29:21Z,2023-09-22T07:30:31Z,
SES0008620,U00710,2024-02-28 22:33:06,2024-02-28 22:36:34,208
SES0008621,U00710,2024-01-09T16:15:16Z,2024-01-09 16:16:21,65
SES0008622,U00711,2023-06-23 11:00:08,2023-06-23T11:11:06Z,658
SES0008623,U00711,26/05/2023 03:48,26/05/2023 03:49,36
SES0008624,U00711,2023-05-09T17:40:43Z,09/05/2023 17:41,21
SES0008625,U00711,2023-05-16 21:07:21,2023-05-16 21:21:47,866
SES0008626,U00711,2023-06-02 09:31:30,02/06/2023 09:33,112
SES0008627,U00711,2023-07-14 14:53:47,14/07/2023 14:56,
SES0008628,U00711,2023-07-05 07:53:27,2023-07-05T07:56:51Z,204
SES0008629,U00711,01/07/2023 09:37,2023-07-01T09:39:43Z,110
SES0008630,U00711,06/06/2023 07:57,06/06/2023 07:59,113
SES0008631,U00711,2023-06-02T13:57:25Z,02/06/2023 14:01,217
SES0008632,U00711,2023-06-17 08:43:39,17/06/2023 08:48,270
SES0008633,U00711,19/06/2023 10:23,2023-06-19 10:24:28,87
SES0008634,U00711,25/06/2023 11:28,25/06/2023 11:34,371
SES0008635,U00711,18/05/2023 10:59,2023-05-18 10:59:45,
SES0008636,U00711,2023-05-20T04:54:08Z,2023-05-20T04:55:09Z,61
SES0008637,U00711,20/05/2023 13:45,2023-05-20 13:46:06,40
SES0008638,U00711,21/07/2023 07:22,2023-07-24 03:11:12,244113
SES0008639,U00711,22/07/2023 14:16,2023-07-22T14:19:26Z,157
SES0008640,U00711,2023-05-14T20:02:43Z,14/05/2023 20:02,0
SES0008641,U00711,25/06/2023 11:44,2023-06-25T11:44:21Z,0
SES0008642,U00712,2024-05-28 09:13:05,2024-05-28T09:16:09Z,184
SES0008643,U00712,2024-05-27 14:44:02,2024-05-27T14:44:47Z,45
SES0008644,U00712,2024-05-22 11:08:20,2024-05-22T11:17:47Z,567
SES0008645,U00712,20/05/2024 02:35,2024-05-20T02:44:03Z,532
SES0008646,U00712,23/05/2024 08:49,2024-05-23 08:50:37,44
SES0008647,U00712,2024-05-20T12:48:20Z,20/05/2024 13:01,805
SES0008648,U00712,2024-05-27T15:08:52Z,2024-05-27T15:16:48Z,476
SES0008649,U00712,2024-05-27T07:18:13Z,2024-05-27 07:23:03,290
SES0008650,U00712,21/05/2024 09:50,2024-05-21T09:51:42Z,81
SES0008651,U00712,2024-05-21T01:01:58Z,21/05/2024 01:07,319
SES0008652,U00712,28/05/2024 14:33,28/05/2024 14:38,265
SES0008653,U00712,29/05/2024 21:17,29/05/2024 21:29,701
SES0008654,U00712,28/05/2024 15:24,2024-05-28 15:29:01,246
SES0008655,U00712,2024-05-21T05:05:02Z,2024-05-21 05:05:35,33
SES0008656,U00712,28/05/2024 08:20,28/05/2024 08:20,42
SES0008657,U00712,2024-05-20 17:10:51,20/05/2024 17:21,622
SES0008658,U00712,2024-05-18T18:07:00Z,18/05/2024 18:10,199
SES0008659,U00712,2024-05-28 17:20:15,2024-05-28 17:24:25,250
SES0008660,U00712,23/05/2024 20:47,23/05/2024 20:57,
SES0008661,U00712,2024-05-28 13:39:34,28/05/2024 13:46,409
SES0008662,U00712,23/05/2024 06:04,23/05/2024 06:16,741
SES0008663,U00712,18/05/2024 15:49,2024-05-18T15:53:50Z,250
SES0008664,U00712,2024-05-21T12:13:49Z,2024-05-21T12:21:25Z,456
SES0008665,U00712,2024-05-23 12:25:09,2024-05-23 12:26:59,110
SES0008666,U00712,2024-05-19T12:19:50Z,19/05/2024 12:22,
SES0008667,U00712,2024-05-17 10:06:55,2024-05-17 10:08:06,71
SES0008668,U00712,2024-05-20T22:20:58Z,2024-05-20T22:25:07Z,249
SES0008669,U00712,2024-05-27T02:58:24Z,2024-05-27 02:59:35,71
SES0008670,U00712,2024-05-28T13:31:50Z,2024-05-28 13:33:18,88
SES0008671,U00712,24/05/2024 07:27,2024-05-24T07:31:12Z,240
SES0008672,U00713,30/04/2023 11:22,2023-04-30 11:24:39,111
SES0008673,U00713,2023-04-28T01:32:29Z,2023-04-29T13:46:07Z,130418
SES0008674,U00713,2023-04-23 08:14:10,23/04/2023 08:14,16
SES0008675,U00713,2023-03-05T08:19:52Z,2023-03-05 08:20:54,62
SES0008676,U00713,2023-03-13T20:03:19Z,2023-03-13T20:07:29Z,250
SES0008677,U00713,2023-03-05T16:50:53Z,2023-03-05 16:51:09,16
SES0008678,U00713,2023-05-05T08:37:23Z,2023-05-05 08:39:32,129
SES0008679,U00713,13/05/2023 00:35,13/05/2023 00:38,182
SES0008680,U00713,2023-04-19 12:17:34,19/04/2023 12:22,308
SES0008681,U00713,03/03/2023 12:31,03/03/2023 12:33,110
SES0008682,U00713,11/04/2023 14:23,11/04/2023 14:27,216
SES0008683,U00713,2023-05-02T15:27:12Z,02/05/2023 15:52,1511
SES0008684,U00713,2023-04-01 18:46:58,2023-04-01 18:46:58,0
SES0008685,U00713,2023-03-07 13:42:48,2023-03-07T13:43:36Z,48
SES0008686,U00713,2023-04-12 07:12:28,2023-04-12 07:15:54,206
SES0008687,U00713,23/04/2023 02:02,2023-04-23T02:03:12Z,38
SES0008688,U00713,2023-04-22T11:11:26Z,2023-04-22T11:12:50Z,84
SES0008689,U00713,22/03/2023 20:58,2023-03-22 20:58:26,0
SES0008690,U00713,2023-02-27T03:56:25Z,2023-02-27 04:02:55,390
SES0008691,U00713,2023-03-28T11:38:36Z,2023-03-28 11:39:43,67
SES0008692,U00713,2023-04-14 21:20:04,14/04/2023 21:25,300
SES0008693,U00713,29/03/2023 13:08,2023-03-29 13:10:52,146
SES0008694,U00713,2023-03-25 16:12:29,25/03/2023 16:14,138
SES0008695,U00713,2023-05-02T10:07:33Z,02/05/2023 10:08,43
SES0008696,U00713,01/03/2023 17:51,2023-03-01T17:54:12Z,153
SES0008697,U00713,2023-04-30T10:50:27Z,2023-04-30T10:54:25Z,238
SES0008698,U00713,07/04/2023 23:01,2023-04-07 23:05:35,248
SES0008699,U00713,2023-04-17T20:35:13Z,2023-04-17 20:41:18,365
SES0008700,U00713,2023-03-25T22:23:11Z,25/03/2023 22:24,61
SES0008701,U00713,2023-03-21 09:28:15,2023-03-21T09:36:02Z,467
SES0008702,U00713,2023-05-06T06:50:04Z,2023-05-06 06:53:32,208
SES0008703,U00713,03/03/2023 08:58,2023-03-03 09:07:05,493
SES0008704,U00713,18/02/2023 07:58,2023-02-18T07:59:48Z,92
SES0008705,U00713,2023-03-07 11:01:42,2023-03-07 11:03:02,80
SES0008706,U00713,2023-03-15 14:39:44,2023-03-15 14:43:36,232
SES0008707,U00713,13/04/2023 18:51,13/04/2023 18:54,170
SES0008708,U00713,2023-05-12T21:01:00Z,2023-05-12T21:04:32Z,212
SES0008709,U00713,2023-04-27 14:03:15,2023-04-27T14:08:13Z,298
SES0008710,U00713,2023-03-21 10:21:31,21/03/2023 10:21,24
SES0008711,U00713,2023-03-11 04:46:36,2023-03-11 04:50:14,218
SES0008712,U00714,2024-04-06 22:51:02,2024-04-06T22:57:36Z,394
SES0008713,U00714,2024-05-18T19:06:52Z,18/05/2024 19:08,85
SES0008714,U00714,2023-12-26 18:10:56,2023-12-26T18:16:43Z,347
SES0008715,U00715,2024-02-28 15:25:33,28/02/2024 15:29,250
SES0008716,U00715,29/02/2024 13:41,2024-02-29 13:44:42,172
SES0008717,U00715,2024-03-01T21:33:45Z,01/03/2024 21:54,1267
SES0008718,U00715,2024-03-03T15:40:27Z,2024-03-03 15:43:28,181
SES0008719,U00715,28/02/2024 17:53,2024-02-28T17:55:23Z,100
SES0008720,U00715,2024-03-01T17:01:23Z,2024-03-01T17:15:00Z,817
SES0008721,U00715,2024-03-02T19:11:12Z,2024-03-02T19:15:59Z,287
SES0008722,U00715,27/02/2024 10:15,2024-02-27T10:23:25Z,459
SES0008723,U00715,2024-03-03T03:05:43Z,03/03/2024 03:11,319
SES0008724,U00715,2024-03-04T00:14:14Z,04/03/2024 00:17,222
SES0008725,U00716,2024-03-20T10:45:07Z,2024-03-20 10:57:39,N/A
SES0008726,U00716,2024-02-22 13:38:26,2024-02-22 13:43:26,300
SES0008727,U00716,20/03/2024 18:36,20/03/2024 18:37,32
SES0008728,U00716,03/03/2024 04:38,2024-03-03 04:39:15,34
SES0008729,U00716,2024-02-10T21:14:57Z,2024-02-10T21:17:22Z,145
SES0008730,U00716,2024-02-29 10:28:53,2024-02-29T10:30:16Z,83
SES0008731,U00716,2024-03-01T01:45:35Z,2024-03-01T01:50:34Z,299
SES0008732,U00716,2024-02-09T23:01:26Z,09/02/2024 23:04,161
SES0008733,U00716,2024-03-11T03:07:18Z,2024-03-11 03:52:09,2691
SES0008734,U00716,13/01/2024 08:31,2024-01-13 08:37:29,366
SES0008735,U00716,23/01/2024 19:38,23/01/2024 19:40,128
SES0008736,U00716,29/01/2024 12:47,2024-01-29T13:03:46Z,948
SES0008737,U00716,2024-03-21T19:34:22Z,21/03/2024 19:41,410
SES0008738,U00716,2024-01-28 00:10:19,28/01/2024 00:11,41
SES0008739,U00716,2024-01-29 07:58:28,2024-01-29T08:11:46Z,798
SES0008740,U00716,24/02/2024 02:13,2024-02-24T02:27:11Z,845
SES0008741,U00716,2024-02-01 19:58:50,01/02/2024 19:59,25
SES0008742,U00716,2024-01-13T11:21:55Z,2024-01-13T11:28:30Z,395
SES0008743,U00716,2024-03-13T06:23:01Z,2024-03-13T06:41:10Z,1089
SES0008744,U00716,2024-01-29T09:14:54Z,29/01/2024 09:17,140
SES0008745,U00716,01/04/2024 15:33,2024-04-01T15:34:39Z,43
SES0008746,U00716,2024-03-31T00:17:45Z,2024-03-31 00:22:44,N/A
SES0008747,U00716,2024-03-01T06:47:21Z,2024-03-01 07:02:26,905
SES0008748,U00716,2024-01-23 04:15:18,2024-01-23 04:20:49,331
SES0008749,U00716,2024-01-16T14:20:21Z,2024-01-16T14:21:00Z,39
SES0008750,U00716,2024-02-26T01:10:27Z,2024-02-26T01:26:18Z,951
SES0008751,U00716,2024-01-11 19:56:35,11/01/2024 20:07,670
SES0008752,U00716,10/02/2024 21:00,2024-02-10T21:01:23Z,57
SES0008753,U00716,15/02/2024 15:53,2024-02-15 16:01:02,428
SES0008754,U00716,02/04/2024 11:26,2024-04-02 11:28:21,96
SES0008755,U00716,2024-02-15 18:18:07,2024-02-15T18:24:45Z,398
SES0008756,U00716,10/01/2024 20:44,2024-01-10T20:51:38Z,440
SES0008757,U00716,2024-02-03T14:35:22Z,2024-02-03 14:50:24,902
SES0008758,U00716,27/02/2024 13:36,2024-02-27 13:36:22,22
SES0008759,U00716,24/03/2024 12:51,24/03/2024 12:54,161
SES0008760,U00716,2024-03-27 23:15:03,27/03/2024 23:16,72
SES0008761,U00716,08/02/2024 23:05,08/02/2024 23:13,492
SES0008762,U00716,20/02/2024 17:32,20/02/2024 17:37,296
SES0008763,U00716,11/02/2024 00:01,2024-02-11 00:01:53,20
SES0008764,U00716,2024-02-18T07:55:46Z,2024-02-18T07:56:04Z,18
SES0008765,U00717,2023-06-22T21:42:07Z,2023-06-22 21:44:16,129
SES0008766,U00717,2023-06-22 11:00:16,22/06/2023 11:05,315
SES0008767,U00718,10/06/2024 15:12,13/06/2024 21:27,281700
SES0008768,U00718,2024-02-29 00:30:16,2024-02-29T00:42:59Z,763
SES0008769,U00718,2024-05-20 07:03:14,2024-05-20 07:03:58,44
SES0008770,U00719,2023-05-09T08:17:36Z,09/05/2023 08:26,513
SES0008771,U00719,2023-05-09T18:58:41Z,11/05/2023 19:05,173228
SES0008772,U00719,2023-05-06 00:39:09,06/05/2023 00:43,
SES0008773,U00719,2023-05-06T21:37:42Z,2023-05-06 21:38:01,19
SES0008774,U00719,05/05/2023 08:12,2023-05-05T08:20:59Z,516
SES0008775,U00719,2023-05-10 17:19:43,2023-05-10T17:23:03Z,200
SES0008776,U00719,04/05/2023 22:49,2023-05-04 22:49:48,32
SES0008777,U00719,2023-05-10 18:31:10,2023-05-10 18:47:05,955
SES0008778,U00719,09/05/2023 00:07,2023-05-09T00:12:08Z,250
SES0008779,U00719,2023-05-09 11:33:19,2023-05-09 11:34:27,
SES0008780,U00719,2023-05-07 06:08:06,2023-05-07 06:11:30,204
SES0008781,U00719,10/05/2023 20:39,2023-05-10T20:42:28Z,201
SES0008782,U00719,2023-05-10T04:02:40Z,2023-05-10T04:03:14Z,34
SES0008783,U00719,2023-05-04 19:43:55,2023-05-04T19:44:07Z,12
SES0008784,U00719,2023-05-05 20:14:25,2023-05-05 20:16:56,151
SES0008785,U00719,2023-05-06 17:40:46,2023-05-06T17:42:07Z,81
SES0008786,U00719,06/05/2023 07:21,2023-05-06 07:30:50,588
SES0008787,U00719,09/05/2023 14:42,2023-05-09 14:43:29,51
SES0008788,U00719,2023-05-05 05:24:22,2023-05-05T05:36:03Z,701
SES0008789,U00719,2023-05-04T15:05:33Z,04/05/2023 15:06,61
SES0008790,U00719,08/05/2023 14:04,2023-05-08T14:07:24Z,N/A
SES0008791,U00719,06/05/2023 07:04,06/05/2023 07:10,348
SES0008792,U00719,2023-05-06 05:57:48,2023-05-06T06:00:40Z,172
SES0008793,U00719,2023-05-05T17:57:27Z,2023-05-05T17:59:36Z,129
SES0008794,U00719,04/05/2023 14:19,2023-05-04 14:22:05,183
SES0008795,U00719,05/05/2023 19:18,05/05/2023 19:19,34
SES0008796,U00719,08/05/2023 04:12,2023-05-08T04:13:09Z,42
SES0008797,U00719,2023-05-10T03:52:58Z,2023-05-10T03:55:11Z,133
SES0008798,U00719,2023-05-06T21:35:06Z,06/05/2023 21:39,251
SES0008799,U00719,2023-05-09T12:30:08Z,2023-05-09 12:33:08,180
SES0008800,U00721,28/05/2023 11:53,2023-05-28T11:53:59Z,34
SES0008801,U00721,2023-05-21T02:42:22Z,21/05/2023 02:47,287
SES0008802,U00721,2023-05-24T03:53:32Z,2023-05-24T03:54:04Z,32
SES0008803,U00721,2023-05-17 09:28:20,2023-05-17T09:38:42Z,N/A
SES0008804,U00721,2023-05-16 22:47:48,2023-05-16T22:51:44Z,236
SES0008805,U00721,2023-05-21 12:25:35,21/05/2023 12:28,187
SES0008806,U00721,2023-05-15T14:40:22Z,15/05/2023 14:42,142
SES0008807,U00721,2023-05-17 09:54:19,2023-05-17T09:55:51Z,92
SES0008808,U00721,2023-05-19 08:45:10,19/05/2023 08:45,49
SES0008809,U00721,2023-05-19T00:32:16Z,19/05/2023 00:43,648
SES0008810,U00721,16/05/2023 12:30,16/05/2023 12:32,108
SES0008811,U00721,16/05/2023 23:08,2023-05-16 23:14:09,340
SES0008812,U00721,16/05/2023 17:16,2023-05-16T17:18:49Z,158
SES0008813,U00721,18/05/2023 13:29,2023-05-18 13:32:37,191
SES0008814,U00721,2023-05-21 13:22:05,2023-05-21 13:24:03,118
SES0008815,U00721,2023-05-27T06:14:40Z,27/05/2023 06:25,638
SES0008816,U00721,25/05/2023 00:46,2023-05-25T00:50:28Z,212
SES0008817,U00721,2023-05-27 13:17:24,2023-05-27T13:18:26Z,62
SES0008818,U00721,2023-05-16 23:23:10,16/05/2023 23:25,133
SES0008819,U00721,2023-05-25T00:53:55Z,2023-05-25T00:58:07Z,252
SES0008820,U00721,2023-05-19 00:00:14,2023-05-19 00:00:37,23
SES0008821,U00721,2023-05-15T07:19:47Z,15/05/2023 07:19,0
SES0008822,U00721,2023-05-23T06:34:46Z,2023-05-23T06:43:42Z,536
SES0008823,U00721,2023-05-25 12:15:23,2023-05-25 12:18:14,171
SES0008824,U00721,2023-05-21 20:22:16,2023-05-21T20:31:49Z,573
SES0008825,U00721,2023-05-26T18:54:19Z,26/05/2023 19:03,563
SES0008826,U00721,22/05/2023 06:58,2023-05-22T07:04:34Z,N/A
SES0008827,U00721,2023-05-25T02:02:57Z,2023-05-25T02:03:20Z,23
SES0008828,U00721,2023-05-17T06:24:49Z,2023-05-17 06:26:29,100
SES0008829,U00721,2023-05-20 04:56:35,2023-05-20 04:56:35,0
SES0008830,U00722,27/06/2024 17:52,2024-06-27 17:55:42,206
SES0008831,U00722,29/06/2024 20:45,2024-06-29 21:03:13,1087
SES0008832,U00723,19/03/2024 02:22,19/03/2024 02:22,6
SES0008833,U00724,2023-09-04 10:35:45,2023-09-04 10:38:08,
SES0008834,U00724,2023-09-14 20:01:24,2023-09-14T20:03:34Z,130
SES0008835,U00724,2023-07-02 10:00:10,2023-07-02 10:15:14,904
SES0008836,U00724,2023-07-13T18:19:01Z,13/07/2023 18:19,49
SES0008837,U00724,2023-09-02 11:29:01,2023-09-02T11:30:25Z,84
SES0008838,U00724,2023-10-06T06:14:15Z,2023-10-06T06:14:46Z,31
SES0008839,U00724,2023-08-19T07:16:07Z,2023-08-19T07:16:41Z,34
SES0008840,U00724,02/09/2023 20:03,2023-09-02T20:06:42Z,169
SES0008841,U00724,31/10/2023 20:56,2023-10-31 21:01:09,251
SES0008842,U00724,12/06/2023 04:30,2023-06-12 04:33:56,178
SES0008843,U00724,2023-05-23 11:02:07,2023-05-23T11:04:55Z,168
SES0008844,U00724,2023-05-19T02:54:22Z,2023-05-19 02:55:39,77
SES0008845,U00724,2023-10-24T19:03:50Z,2023-10-24T19:05:00Z,70
SES0008846,U00724,24/06/2023 04:56,2023-06-24 04:57:02,6
SES0008847,U00724,2023-07-24 04:19:11,24/07/2023 04:19,33
SES0008848,U00724,2023-07-19 11:58:53,19/07/2023 12:00,104
SES0008849,U00724,23/06/2023 07:17,2023-06-23T07:18:03Z,62
SES0008850,U00724,2023-10-20 04:23:16,2023-10-20 04:23:16,0
SES0008851,U00724,2023-10-05 17:10:27,2023-10-05 17:13:55,208
SES0008852,U00724,2023-07-07T11:35:19Z,07/07/2023 11:36,59
SES0008853,U00725,2023-07-10T12:17:37Z,2023-07-10 12:20:03,146
SES0008854,U00727,2023-09-09T03:06:47Z,2023-09-09 03:09:26,159
SES0008855,U00727,2023-09-10T01:10:07Z,10/09/2023 01:16,404
SES0008856,U00727,2023-09-11 04:59:06,2023-09-11T05:06:47Z,461
SES0008857,U00727,2023-09-13T23:03:08Z,2023-09-13T23:28:51Z,1543
SES0008858,U00727,09/09/2023 03:05,2023-09-09 03:06:38,66
SES0008859,U00727,13/09/2023 09:35,2023-09-13 09:35:14,4
SES0008860,U00727,2023-09-11T14:03:13Z,2023-09-11 14:05:07,114
SES0008861,U00727,2023-09-14T15:14:15Z,2023-09-14T15:15:02Z,47
SES0008862,U00727,2023-09-12T14:27:44Z,2023-09-12 14:28:46,62
SES0008863,U00727,11/09/2023 18:43,11/09/2023 18:47,205
SES0008864,U00728,2023-12-04 13:35:36,2023-12-04 13:36:57,81
SES0008865,U00728,08/12/2023 02:30,2023-12-08 03:01:17,1835
SES0008866,U00729,13/11/2023 15:45,2023-11-13T15:49:31Z,221
SES0008867,U00729,2023-11-15 03:07:04,2023-11-15 03:07:43,39
SES0008868,U00729,2024-01-26 04:16:42,2024-01-26T04:27:45Z,
SES0008869,U00729,2023-12-22 02:54:57,2023-12-22 02:57:06,129
SES0008870,U00729,2024-06-02T04:28:47Z,2024-06-02 04:31:50,183
SES0008871,U00729,2024-01-17 10:02:12,2024-01-17 10:06:51,279
SES0008872,U00729,2024-06-26 13:35:06,2024-06-26 13:37:07,121
SES0008873,U00729,2023-10-29T04:49:01Z,2023-10-29T04:54:15Z,314
SES0008874,U00729,2023-11-26T04:31:55Z,2023-11-26T04:36:28Z,273
SES0008875,U00729,25/10/2023 18:33,25/10/2023 18:34,
SES0008876,U00729,13/12/2023 08:55,2023-12-13 09:07:33,712
SES0008877,U00729,03/02/2024 08:33,2024-02-03T08:34:49Z,
SES0008878,U00729,2023-10-22T06:31:23Z,22/10/2023 06:32,45
SES0008879,U00729,2023-12-14T20:13:39Z,2023-12-14 20:19:04,325
SES0008880,U00729,2024-06-15 03:21:37,2024-06-15 03:22:10,33
SES0008881,U00729,2024-05-24 20:27:15,2024-05-24 20:39:01,706
SES0008882,U00729,2023-12-30T07:25:55Z,2023-12-30T07:31:40Z,345
SES0008883,U00729,2024-05-24 01:58:30,2024-05-24 01:59:29,59
SES0008884,U00729,07/12/2023 19:12,07/12/2023 19:14,107
SES0008885,U00729,2023-11-01T01:17:24Z,2023-11-01T01:21:25Z,241
SES0008886,U00730,2023-09-24T16:11:53Z,2023-09-24T16:12:13Z,20
SES0008887,U00730,2023-09-29 15:51:56,2023-09-29 15:53:46,110
SES0008888,U00730,22/09/2023 15:53,2023-09-22 15:54:29,80
SES0008889,U00730,03/10/2023 19:18,2023-10-03 19:18:47,25
SES0008890,U00730,20/09/2023 21:16,2023-09-20 21:16:37,0
SES0008891,U00730,2023-09-30T14:10:17Z,2023-09-30T14:17:55Z,458
SES0008892,U00730,2023-10-18 21:40:44,18/10/2023 21:45,290
SES0008893,U00730,2023-09-24T06:55:07Z,24/09/2023 06:56,81
SES0008894,U00730,30/09/2023 11:46,30/09/2023 12:04,1046
SES0008895,U00730,15/10/2023 03:41,15/10/2023 04:32,3047
SES0008896,U00730,2023-10-18T22:08:00Z,2023-10-18T22:08:35Z,35
SES0008897,U00730,22/09/2023 17:52,2023-09-22T17:52:40Z,36
SES0008898,U00730,2023-09-25T13:43:05Z,25/09/2023 13:43,10
SES0008899,U00730,2023-10-03 04:35:05,2023-10-03 04:37:08,123
SES0008900,U00730,2023-10-02T22:59:18Z,02/10/2023 23:00,82
SES0008901,U00730,2023-10-13T20:50:03Z,2023-10-13T20:50:32Z,29
SES0008902,U00730,2023-09-23 23:21:33,2023-09-23T23:25:00Z,207
SES0008903,U00730,2023-10-08T10:36:27Z,08/10/2023 10:36,0
SES0008904,U00730,21/09/2023 09:12,21/09/2023 09:16,203
SES0008905,U00730,2023-09-23T20:33:48Z,23/09/2023 21:44,4262
SES0008906,U00730,2023-10-18T02:30:01Z,2023-10-18T02:35:32Z,331
SES0008907,U00730,24/09/2023 03:08,2023-09-24T03:15:54Z,443
SES0008908,U00730,10/10/2023 06:27,2023-10-13T06:52:02Z,260686
SES0008909,U00730,2023-10-13 20:26:45,2023-10-13T20:27:41Z,56
SES0008910,U00730,2023-10-12 19:58:46,2023-10-12T20:02:29Z,223
SES0008911,U00730,11/10/2023 12:17,11/10/2023 12:22,284
SES0008912,U00730,2023-09-30T12:49:20Z,2023-09-30 12:52:02,162
SES0008913,U00730,30/09/2023 04:06,30/09/2023 04:07,87
SES0008914,U00730,2023-10-17 04:19:55,17/10/2023 04:20,43
SES0008915,U00730,2023-09-28T10:55:27Z,28/09/2023 10:56,
SES0008916,U00731,2023-12-16T03:05:51Z,2023-12-16 03:07:03,72
SES0008917,U00731,2024-01-07T18:40:14Z,2024-01-07T18:40:56Z,42
SES0008918,U00731,10/01/2024 03:18,2024-01-10 03:22:38,226
SES0008919,U00731,07/01/2024 10:35,07/01/2024 10:43,447
SES0008920,U00731,14/12/2023 17:44,2023-12-14T17:44:30Z,13
SES0008921,U00732,2023-05-16 21:05:53,16/05/2023 21:10,272
SES0008922,U00732,2023-05-21T07:57:33Z,21/05/2023 07:59,116
SES0008923,U00732,2023-05-16 00:49:05,2023-05-16 01:06:25,1040
SES0008924,U00733,2023-06-28T05:54:22Z,2023-06-28T05:56:01Z,99
SES0008925,U00733,2023-06-23 15:00:50,2023-06-23 15:05:55,305
SES0008926,U00733,2023-06-26 00:34:29,2023-06-26 00:46:14,705
SES0008927,U00733,27/06/2023 13:42,27/06/2023 13:43,91
SES0008928,U00733,2023-06-26 10:00:35,2023-06-26T10:01:25Z,50
SES0008929,U00734,2023-12-05 21:08:08,2023-12-05T21:22:39Z,871
SES0008930,U00734,2023-12-26 12:27:55,2023-12-26T12:30:03Z,128
SES0008931,U00734,2024-04-26 13:13:49,26/04/2024 13:13,0
SES0008932,U00734,2023-10-03T09:54:15Z,03/10/2023 10:04,624
SES0008933,U00734,19/12/2023 22:59,19/12/2023 23:04,254
SES0008934,U00734,2024-05-19T11:01:39Z,2024-05-19 11:03:52,133
SES0008935,U00734,11/04/2024 12:29,2024-04-11T12:29:16Z,0
SES0008936,U00734,2024-05-18T19:56:24Z,18/05/2024 19:57,50
SES0008937,U00734,2024-01-13T09:15:08Z,2024-01-13T09:17:08Z,120
SES0008938,U00734,2024-02-12 18:32:18,12/02/2024 18:33,100
SES0008939,U00735,2023-11-02T07:04:16Z,02/11/2023 07:11,418
SES0008940,U00735,06/11/2023 21:16,2023-11-06 21:27:20,629
SES0008941,U00735,02/11/2023 23:10,06/11/2023 09:33,296571
SES0008942,U00736,2024-04-06 02:35:03,2024-04-06 02:36:16,73
SES0008943,U00737,2024-05-18 22:23:37,2024-05-18T22:24:55Z,78
SES0008944,U00737,2024-04-15 23:04:20,2024-04-15T23:05:29Z,69
SES0008945,U00737,2024-06-12T06:46:51Z,2024-06-12 06:51:33,282
SES0008946,U00737,06/03/2024 20:09,2024-03-06 20:11:02,64
SES0008947,U00737,2024-04-09 14:41:48,2024-04-09T14:48:53Z,425
SES0008948,U00737,05/02/2024 09:49,2024-02-05T10:06:30Z,1014
SES0008949,U00737,2024-02-08 21:41:47,08/02/2024 21:42,72
SES0008950,U00737,07/02/2024 17:07,07/02/2024 17:08,68
SES0008951,U00737,2024-03-19 02:48:29,19/03/2024 02:50,126
SES0008952,U00737,2024-04-18 21:37:17,18/04/2024 21:37,34
SES0008953,U00737,2024-03-28 21:50:01,28/03/2024 21:53,218
SES0008954,U00737,2024-03-01T23:35:43Z,2024-03-01 23:36:36,53
SES0008955,U00737,2024-01-25 19:57:33,2024-01-25T20:02:29Z,296
SES0008956,U00737,2024-03-05T18:30:19Z,05/03/2024 18:37,416
SES0008957,U00737,16/04/2024 12:31,2024-04-16T12:35:53Z,265
SES0008958,U00737,2024-02-06 06:14:18,06/02/2024 06:15,N/A
SES0008959,U00737,2024-05-13T03:31:29Z,2024-05-13 03:31:57,28
SES0008960,U00737,2024-02-14 08:27:51,2024-02-14T08:30:22Z,151
SES0008961,U00737,24/05/2024 09:49,2024-05-24T10:19:57Z,1816
SES0008962,U00737,2024-02-11T03:15:09Z,2024-02-11 03:15:52,43
SES0008963,U00737,2024-03-11 14:37:49,2024-03-11 14:39:04,75
SES0008964,U00737,2024-02-04 03:45:14,2024-02-04 03:45:33,19
SES0008965,U00737,01/03/2024 21:57,01/03/2024 21:58,25
SES0008966,U00737,22/04/2024 10:18,2024-04-22T10:18:08Z,N/A
SES0008967,U00737,2024-03-22 15:47:08,22/03/2024 15:51,234
SES0008968,U00737,2024-06-18 06:08:58,2024-06-18T06:14:17Z,319
SES0008969,U00737,2024-02-15T01:26:41Z,15/02/2024 01:27,49
SES0008970,U00737,2024-05-13T07:57:57Z,2024-05-13T08:01:26Z,209
SES0008971,U00737,20/05/2024 10:13,2024-05-20T10:15:19Z,127
SES0008972,U00737,13/05/2024 15:31,2024-05-13T15:33:19Z,90
SES0008973,U00738,2023-09-11 23:42:22,2023-09-11T23:50:29Z,487
SES0008974,U00739,17/02/2024 01:34,17/02/2024 01:36,117
SES0008975,U00739,15/02/2024 16:25,2024-02-15T16:29:04Z,204
SES0008976,U00739,2024-02-28T13:30:12Z,2024-03-02T10:06:46Z,246994
SES0008977,U00739,20/01/2024 02:14,20/01/2024 02:33,1171
SES0008978,U00739,11/02/2024 12:44,11/02/2024 12:46,88
SES0008979,U00739,2024-02-06 17:56:27,2024-02-06 17:59:41,194
SES0008980,U00739,2024-02-29 06:34:53,2024-02-29 06:35:44,51
SES0008981,U00739,2024-03-12 14:10:27,12/03/2024 14:32,1344
SES0008982,U00739,2024-01-04 05:55:57,2024-01-04 06:02:54,417
SES0008983,U00739,2024-01-20T18:01:31Z,2024-01-20 18:03:47,136
SES0008984,U00739,2024-03-08 09:38:34,2024-03-08 09:45:44,430
SES0008985,U00739,05/03/2024 12:43,2024-03-05T12:44:10Z,36
SES0008986,U00739,20/12/2023 20:56,2023-12-20T20:59:12Z,147
SES0008987,U00739,20/01/2024 09:10,2024-01-20 09:12:24,134
SES0008988,U00739,2024-02-16 00:46:30,16/02/2024 00:47,89
SES0008989,U00739,2024-03-08T02:38:55Z,2024-03-08T02:40:55Z,120
SES0008990,U00739,03/03/2024 08:36,2024-03-03T08:40:04Z,201
SES0008991,U00739,27/02/2024 01:25,27/02/2024 01:26,71
SES0008992,U00739,2024-02-19 00:53:56,2024-02-19 01:03:16,560
SES0008993,U00739,30/01/2024 04:36,2024-01-30 04:41:18,259
SES0008994,U00739,2024-02-17 02:13:28,2024-02-17T02:13:53Z,25
SES0008995,U00739,01/03/2024 10:40,2024-03-01 10:41:59,N/A
SES0008996,U00739,29/01/2024 01:36,29/01/2024 01:38,128
SES0008997,U00739,2024-01-12T00:49:40Z,2024-01-12 00:52:17,157
SES0008998,U00739,2023-12-18T08:38:54Z,2023-12-18T08:47:41Z,527
SES0008999,U00739,26/01/2024 13:18,26/01/2024 13:23,296
SES0009000,U00739,2024-01-09T08:01:42Z,2024-01-09T08:02:18Z,36
SES0009001,U00739,01/01/2024 06:27,2024-01-01 06:27:38,24
SES0009002,U00739,2024-01-11 21:40:31,11/01/2024 21:43,195
SES0009003,U00739,2023-12-17T15:14:37Z,2023-12-17 15:14:37,0
SES0009004,U00740,2024-06-27T20:23:07Z,2024-06-27 20:23:49,42
SES0009005,U00740,2024-06-26 13:47:40,2024-06-26 13:47:40,0
SES0009006,U00740,2024-06-27 12:22:09,2024-06-27 12:31:17,548
SES0009007,U00740,2024-06-29T15:42:42Z,2024-06-29 15:43:00,18
SES0009008,U00740,2024-06-28 22:11:58,2024-06-28 22:13:35,97
SES0009009,U00740,2024-06-28T23:45:50Z,2024-06-29T00:08:12Z,N/A
SES0009010,U00740,24/06/2024 17:10,2024-06-24T17:11:28Z,58
SES0009011,U00740,2024-06-29 03:23:27,29/06/2024 03:25,110
SES0009012,U00740,2024-06-26 01:37:56,26/06/2024 01:40,126
SES0009013,U00740,2024-06-27 22:18:20,2024-06-27 22:20:17,117
SES0009014,U00741,2023-02-10T18:53:10Z,2023-02-10T19:07:25Z,855
SES0009015,U00741,2023-02-12T23:50:13Z,2023-02-12T23:55:03Z,290
SES0009016,U00741,2023-02-07 19:11:31,2023-02-07T19:14:21Z,170
SES0009017,U00741,2023-02-08T15:25:16Z,2023-02-08 15:26:33,77
SES0009018,U00741,2023-02-11 23:48:46,11/02/2023 23:52,200
SES0009019,U00741,12/02/2023 11:48,12/02/2023 11:48,0
SES0009020,U00741,09/02/2023 21:34,2023-02-09 21:34:34,16
SES0009021,U00741,13/02/2023 05:29,13/02/2023 05:29,0
SES0009022,U00741,2023-02-09 20:10:40,2023-02-09T20:14:15Z,215
SES0009023,U00741,2023-02-10T04:25:19Z,2023-02-10 04:28:06,167
SES0009024,U00742,2023-05-18 05:54:19,18/05/2023 06:00,397
SES0009025,U00742,2023-08-08 21:35:50,2023-08-08T21:44:06Z,496
SES0009026,U00742,2023-05-17 13:28:22,2023-05-17 13:29:33,71
SES0009027,U00742,2023-07-21 00:13:55,2023-07-21 00:15:40,105
SES0009028,U00742,2023-05-29T11:34:47Z,2023-05-29T11:35:06Z,19
SES0009029,U00742,06/08/2023 08:43,2023-08-06T08:44:23Z,67
SES0009030,U00742,2023-07-16 21:59:02,2023-07-16 21:59:14,12
SES0009031,U00742,17/07/2023 04:13,2023-07-17 04:15:37,155
SES0009032,U00742,16/07/2023 23:24,2023-07-16 23:30:02,339
SES0009033,U00742,2023-08-05T13:52:00Z,2023-08-05 14:47:01,3301
SES0009034,U00743,2024-02-08 03:26:54,2024-02-08 03:28:20,86
SES0009035,U00743,04/06/2023 06:42,2023-06-04 06:44:10,89
SES0009036,U00743,2023-09-07T12:28:49Z,2023-09-07T12:30:15Z,86
SES0009037,U00744,2023-04-13T21:10:29Z,2023-04-13 21:14:25,236
SES0009038,U00744,18/03/2023 03:33,2023-03-18T03:33:27Z,0
SES0009039,U00744,09/06/2023 10:46,09/06/2023 10:47,22
SES0009040,U00744,2023-05-07T09:02:21Z,07/05/2023 09:05,174
SES0009041,U00744,2023-06-09T21:15:29Z,2023-06-09 21:16:36,67
SES0009042,U00744,19/05/2023 07:44,2023-05-19 07:48:09,227
SES0009043,U00744,2023-02-05 18:53:40,05/02/2023 18:54,75
SES0009044,U00744,14/04/2023 01:41,2023-04-14 01:47:41,354
SES0009045,U00744,2023-01-26 08:07:10,2023-01-26T08:08:33Z,83
SES0009046,U00744,25/03/2023 22:00,25/03/2023 22:02,91
SES0009047,U00744,2023-02-02T19:17:46Z,2023-02-02 19:21:02,196
SES0009048,U00744,2023-04-20 02:10:18,2023-04-20T02:18:04Z,466
SES0009049,U00744,2023-07-23 23:44:58,2023-07-23T23:48:29Z,211
SES0009050,U00744,27/04/2023 20:33,2023-04-27T20:33:43Z,29
SES0009051,U00744,2023-05-16 11:01:50,16/05/2023 11:04,140
SES0009052,U00744,2023-05-21T11:57:16Z,21/05/2023 12:01,253
SES0009053,U00744,2023-07-15T13:48:52Z,2023-07-15 13:49:02,10
SES0009054,U00744,2023-02-05 00:55:37,2023-02-05 00:58:06,149
SES0009055,U00744,2023-06-19T19:09:19Z,2023-06-19T19:09:57Z,38
SES0009056,U00744,2023-04-29T17:01:05Z,2023-04-29T17:02:41Z,96
SES0009057,U00744,2023-03-31 00:45:45,31/03/2023 00:46,55
SES0009058,U00744,28/06/2023 01:07,28/06/2023 01:13,326
SES0009059,U00744,2023-01-27T07:24:33Z,2023-01-27 07:27:01,148
SES0009060,U00744,2023-03-21 20:23:24,2023-03-21 20:23:42,18
SES0009061,U00744,2023-03-25T00:11:15Z,2023-03-25 00:11:50,35
SES0009062,U00744,2023-02-27T04:31:20Z,27/02/2023 04:35,256
SES0009063,U00744,25/05/2023 10:57,2023-05-25 11:20:42,1363
SES0009064,U00744,15/06/2023 23:25,15/06/2023 23:29,N/A
SES0009065,U00744,25/06/2023 18:57,2023-06-25 19:31:26,2024
SES0009066,U00744,2023-03-12 14:11:05,2023-03-15 17:00:51,269386
SES0009067,U00744,2023-02-20 04:50:42,20/02/2023 04:51,47
SES0009068,U00744,2023-02-01 01:36:59,2023-02-01T01:37:30Z,31
SES0009069,U00744,2023-03-03T21:31:47Z,2023-03-03 21:32:59,72
SES0009070,U00744,2023-04-03T20:43:48Z,03/04/2023 20:44,50
SES0009071,U00744,2023-02-20 18:51:22,2023-02-22 01:21:07,109785
SES0009072,U00744,2023-03-28T12:36:29Z,28/03/2023 12:37,50
SES0009073,U00744,2023-02-20 13:06:21,2023-02-20T13:08:29Z,
SES0009074,U00744,2023-04-29T06:33:04Z,2023-04-29T06:35:51Z,167
SES0009075,U00744,2023-04-07T08:28:28Z,07/04/2023 08:33,330
SES0009076,U00744,2023-02-04T09:02:34Z,2023-02-04 09:02:48,14
SES0009077,U00744,2023-04-18T14:02:36Z,2023-04-18 14:03:06,30
SES0009078,U00744,2023-07-17T10:39:33Z,2023-07-17 10:40:39,66
SES0009079,U00744,2023-02-01 20:35:19,01/02/2023 20:39,241
SES0009080,U00744,2023-05-12 14:54:51,12/05/2023 14:59,270
SES0009081,U00744,2023-03-16 00:48:49,2023-03-16 00:56:50,481
SES0009082,U00744,20/07/2023 15:26,2023-07-22 22:24:46,197907
SES0009083,U00744,2023-06-25 10:50:57,25/06/2023 10:54,222
SES0009084,U00744,2023-06-16 11:52:37,16/06/2023 11:54,94
SES0009085,U00744,2023-04-29T04:47:58Z,29/04/2023 04:49,74
SES0009086,U00744,2023-04-01 10:43:01,2023-04-01T10:43:44Z,43
SES0009087,U00744,10/05/2023 17:39,2023-05-10T17:41:29Z,95
SES0009088,U00744,2023-06-10T20:24:46Z,2023-06-10 20:25:37,51
SES0009089,U00744,2023-07-20T23:32:19Z,2023-07-20 23:45:23,784
SES0009090,U00744,12/06/2023 06:01,12/06/2023 06:18,1018
SES0009091,U00744,2023-06-07T08:34:26Z,07/06/2023 08:43,N/A
SES0009092,U00744,2023-04-05 03:01:02,05/04/2023 03:04,234
SES0009093,U00744,2023-03-28T01:37:39Z,28/03/2023 01:41,225
SES0009094,U00744,2023-05-13T17:34:24Z,13/05/2023 17:35,62
SES0009095,U00744,2023-05-18 05:54:15,2023-05-18T05:57:08Z,173
SES0009096,U00744,14/02/2023 18:11,14/02/2023 18:22,625
SES0009097,U00744,2023-07-16T21:31:15Z,16/07/2023 21:33,117
SES0009098,U00744,2023-06-20T15:24:53Z,20/06/2023 15:31,425
SES0009099,U00744,2023-04-16 22:04:48,16/04/2023 22:04,0
SES0009100,U00744,2023-04-23T20:49:23Z,2023-04-23T20:49:56Z,33
SES0009101,U00744,03/05/2023 04:33,03/05/2023 04:34,26
SES0009102,U00744,2023-01-29T11:48:32Z,2023-01-29 11:51:31,179
SES0009103,U00744,2023-07-19T20:26:00Z,2023-07-19 20:26:49,49
SES0009104,U00744,2023-07-16 22:16:51,2023-07-16 22:18:11,80
SES0009105,U00744,2023-05-13T18:49:26Z,2023-05-13T18:50:14Z,48
SES0009106,U00744,2023-03-24 12:31:42,24/03/2023 12:34,154
SES0009107,U00744,2023-05-01 22:38:13,01/05/2023 22:48,628
SES0009108,U00744,2023-05-05T01:31:14Z,05/05/2023 01:37,362
SES0009109,U00744,2023-02-01 19:21:10,2023-02-01 19:25:16,246
SES0009110,U00744,2023-06-24T18:12:35Z,2023-06-24T18:19:30Z,415
SES0009111,U00744,14/03/2023 03:19,2023-03-14 03:20:46,91
SES0009112,U00744,2023-04-20 18:21:59,2023-04-20T18:22:13Z,14
SES0009113,U00744,2023-07-23T21:16:08Z,2023-07-23T21:20:07Z,239
SES0009114,U00744,2023-05-11 17:44:17,2023-05-11 17:45:23,66
SES0009115,U00744,2023-05-26T10:29:29Z,26/05/2023 10:31,98
SES0009116,U00744,2023-04-09T01:42:46Z,09/04/2023 01:46,209
SES0009117,U00746,26/07/2023 05:18,26/07/2023 05:19,27
SES0009118,U00746,2023-07-01T03:55:26Z,01/07/2023 03:55,0
SES0009119,U00746,2023-07-30T20:32:20Z,01/08/2023 18:55,166982
SES0009120,U00746,2023-07-12T12:58:57Z,12/07/2023 12:59,56
SES0009121,U00746,2023-05-16T06:42:57Z,16/05/2023 06:44,N/A
SES0009122,U00746,2023-06-17T11:41:23Z,2023-06-17T11:42:41Z,78
SES0009123,U00746,2023-07-27 19:39:44,2023-07-27T19:41:40Z,116
SES0009124,U00746,2023-06-29 10:18:48,2023-06-29T10:28:19Z,571
SES0009125,U00746,2023-05-22 05:16:40,2023-05-22T05:19:50Z,190
SES0009126,U00746,02/06/2023 16:39,2023-06-02 16:40:18,19
SES0009127,U00747,2023-11-16T23:44:15Z,16/11/2023 23:45,47
SES0009128,U00747,29/11/2023 10:46,2023-11-29 10:47:29,71
SES0009129,U00747,2023-11-22 02:55:36,22/11/2023 03:06,625
SES0009130,U00747,2023-11-10T22:23:55Z,2023-11-10 22:28:40,285
SES0009131,U00747,2023-11-12 07:53:12,2023-11-12 07:56:34,202
SES0009132,U00748,10/05/2023 02:45,2023-05-10T02:54:33Z,542
SES0009133,U00748,2023-05-15T11:18:50Z,15/05/2023 11:19,49
SES0009134,U00748,2023-05-11 12:43:34,2023-05-11 12:46:56,202
SES0009135,U00748,2023-05-15T14:24:06Z,2023-05-15 14:24:22,16
SES0009136,U00748,2023-05-16T15:42:56Z,2023-05-16T15:43:06Z,10
SES0009137,U00748,2023-05-10T19:24:23Z,2023-05-10 19:25:43,80
SES0009138,U00748,14/05/2023 05:26,2023-05-14 05:26:08,0
SES0009139,U00748,2023-05-14T13:04:48Z,2023-05-14 13:15:26,638
SES0009140,U00748,2023-05-14 22:53:55,2023-05-14T22:56:25Z,150
SES0009141,U00748,15/05/2023 06:06,15/05/2023 06:06,0
SES0009142,U00748,2023-05-13 21:34:41,2023-05-13 22:52:35,4674
SES0009143,U00748,12/05/2023 19:46,2023-05-12 19:48:13,90
SES0009144,U00748,2023-05-15 01:15:25,15/05/2023 01:16,58
SES0009145,U00748,2023-05-10 21:31:04,10/05/2023 21:36,305
SES0009146,U00748,2023-05-15 02:45:59,2023-05-15T02:48:10Z,
SES0009147,U00750,2024-06-26 21:33:03,2024-06-26 21:34:57,114
SES0009148,U00750,29/06/2024 05:56,29/06/2024 06:02,380
SES0009149,U00750,29/06/2024 05:42,2024-06-29 05:45:20,
SES0009150,U00750,2024-06-29 14:57:21,29/06/2024 14:57,27
SES0009151,U00750,2024-06-29T21:25:55Z,29/06/2024 21:32,N/A
SES0009152,U00750,29/06/2024 03:20,2024-06-29T03:26:27Z,359
SES0009153,U00750,2024-06-26T13:14:55Z,2024-06-26 14:11:16,
SES0009154,U00750,2024-06-29T10:18:38Z,29/06/2024 10:21,149
SES0009155,U00750,2024-06-26 22:15:48,2024-06-26T22:18:13Z,145
SES0009156,U00750,29/06/2024 07:12,2024-06-29T07:14:06Z,87
SES0009157,U00750,26/06/2024 01:34,2024-06-26T02:01:56Z,1670
SES0009158,U00750,2024-06-26T03:39:25Z,2024-06-29 10:02:36,282191
SES0009159,U00750,2024-06-25T06:14:33Z,25/06/2024 06:24,580
SES0009160,U00750,2024-06-25T12:21:11Z,2024-06-25 12:24:52,221
SES0009161,U00750,2024-06-25T06:36:09Z,25/06/2024 06:37,56
SES0009162,U00750,2024-06-27T12:53:38Z,2024-06-27 12:55:03,85
SES0009163,U00750,25/06/2024 23:51,2024-06-25T23:59:52Z,487
SES0009164,U00750,28/06/2024 00:59,2024-06-28 01:13:12,818
SES0009165,U00750,29/06/2024 05:43,2024-06-29T05:49:24Z,360
SES0009166,U00750,2024-06-26 01:28:04,26/06/2024 01:37,593
SES0009167,U00750,2024-06-26 18:44:26,2024-06-26 19:01:58,1052
SES0009168,U00750,26/06/2024 06:17,26/06/2024 07:12,3280
SES0009169,U00750,2024-06-25 23:30:45,25/06/2024 23:32,99
SES0009170,U00750,26/06/2024 16:49,2024-06-26T16:53:40Z,227
SES0009171,U00750,2024-06-28 01:25:54,28/06/2024 01:28,173
SES0009172,U00750,25/06/2024 17:37,2024-06-25 17:40:59,203
SES0009173,U00750,2024-06-29 13:43:37,29/06/2024 13:45,95
SES0009174,U00750,2024-06-28 08:45:09,28/06/2024 08:45,4
SES0009175,U00750,2024-06-26T10:37:51Z,2024-06-26T10:39:39Z,
SES0009176,U00750,2024-06-26 03:35:02,26/06/2024 03:36,N/A
SES0009177,U00751,2024-05-31T20:42:54Z,2024-05-31T20:47:14Z,260
SES0009178,U00751,2024-05-30T21:12:54Z,30/05/2024 21:13,62
SES0009179,U00751,2024-05-31 07:53:11,2024-05-31 07:57:34,263
SES0009180,U00751,03/06/2024 10:27,2024-06-03 10:31:26,254
SES0009181,U00751,2024-06-04 08:07:17,2024-06-04T08:08:10Z,53
SES0009182,U00751,2024-06-01T15:39:01Z,2024-06-01 15:41:59,178
SES0009183,U00751,2024-06-04 11:09:44,2024-06-04T11:18:54Z,550
SES0009184,U00751,01/06/2024 11:47,01/06/2024 11:51,223
SES0009185,U00751,2024-06-03T06:28:08Z,2024-06-03 06:28:15,7
SES0009186,U00751,2024-06-01T11:07:26Z,2024-06-01T11:08:28Z,62
SES0009187,U00751,2024-05-29T16:11:38Z,2024-05-29 16:12:00,22
SES0009188,U00751,2024-05-30 00:44:54,2024-05-30T00:48:41Z,227
SES0009189,U00751,30/05/2024 16:18,2024-06-01T16:50:54Z,174719
SES0009190,U00751,04/06/2024 19:38,2024-06-04T19:43:17Z,
SES0009191,U00751,2024-06-02T17:39:48Z,02/06/2024 17:40,59
SES0009192,U00751,2024-05-31T21:14:41Z,31/05/2024 21:15,27
SES0009193,U00751,2024-05-30T11:51:24Z,2024-05-30 11:52:27,63
SES0009194,U00751,2024-06-04T23:33:23Z,04/06/2024 23:39,380
SES0009195,U00751,2024-06-01 15:42:11,2024-06-01T15:45:32Z,201
SES0009196,U00751,2024-05-29T01:31:35Z,2024-05-31T12:31:27Z,212392
SES0009197,U00751,2024-06-04T19:19:20Z,2024-06-04T19:21:18Z,118
SES0009198,U00751,2024-06-03T07:49:28Z,2024-06-03T07:52:09Z,161
SES0009199,U00751,2024-06-02 06:39:51,2024-06-02 06:45:23,332
SES0009200,U00751,2024-06-02T16:00:54Z,02/06/2024 16:22,N/A
SES0009201,U00751,30/05/2024 23:18,2024-05-30 23:18:59,49
SES0009202,U00751,2024-06-01 17:02:57,2024-06-01 17:09:56,419
SES0009203,U00751,2024-05-29 13:48:58,2024-05-29T13:52:31Z,213
SES0009204,U00751,2024-06-02 07:21:02,02/06/2024 07:25,263
SES0009205,U00751,2024-06-04T00:34:52Z,2024-06-04 00:36:07,75
SES0009206,U00751,02/06/2024 23:42,02/06/2024 23:44,
SES0009207,U00752,16/02/2023 20:10,2023-02-16T20:12:11Z,109
SES0009208,U00752,2023-03-04 01:06:14,04/03/2023 01:11,341
SES0009209,U00752,2023-02-13 09:15:36,2023-02-13T09:16:16Z,40
SES0009210,U00752,23/02/2023 14:16,2023-02-23 14:20:17,220
SES0009211,U00752,15/02/2023 17:17,2023-02-15T17:18:08Z,27
SES0009212,U00752,2023-02-21 11:04:22,21/02/2023 11:08,270
SES0009213,U00752,04/03/2023 05:16,2023-03-04T05:21:43Z,317
SES0009214,U00752,27/02/2023 19:59,2023-02-27T20:04:51Z,298
SES0009215,U00752,23/02/2023 12:03,23/02/2023 12:05,138
SES0009216,U00752,2023-02-23T01:50:04Z,23/02/2023 01:56,403
SES0009217,U00753,2023-05-09T18:12:11Z,11/05/2023 13:37,156305
SES0009218,U00753,10/05/2023 18:39,2023-05-10 18:57:04,1044
SES0009219,U00755,24/03/2023 01:28,2023-03-24T01:34:00Z,344
SES0009220,U00755,2023-04-06 03:18:28,2023-04-06T03:19:50Z,82
SES0009221,U00755,2023-03-26 16:22:08,2023-03-26 16:29:18,430
SES0009222,U00755,03/04/2023 13:04,2023-04-03T13:05:08Z,68
SES0009223,U00755,2023-04-05T18:18:36Z,2023-04-05T18:23:32Z,296
SES0009224,U00756,23/06/2023 19:57,23/06/2023 20:00,130
SES0009225,U00756,10/09/2023 23:14,2023-09-10 23:15:35,39
SES0009226,U00756,2023-09-04 06:27:33,04/09/2023 06:29,138
SES0009227,U00756,2023-04-22 11:29:41,2023-04-22T11:31:31Z,110
SES0009228,U00756,2023-09-16T11:12:38Z,2023-09-16T11:14:25Z,107
SES0009229,U00756,2023-09-25T11:34:33Z,2023-09-25T11:36:13Z,100
SES0009230,U00756,2023-04-17T10:06:55Z,2023-04-17 10:10:26,211
SES0009231,U00756,12/07/2023 20:19,2023-07-12 20:23:04,235
SES0009232,U00756,2023-08-22 01:11:27,2023-08-22 01:13:05,98
SES0009233,U00756,03/04/2023 04:42,2023-04-03T04:51:53Z,556
SES0009234,U00756,13/06/2023 03:47,13/06/2023 03:49,119
SES0009235,U00756,2023-04-09T01:37:04Z,09/04/2023 01:38,84
SES0009236,U00756,03/07/2023 20:21,03/07/2023 20:22,87
SES0009237,U00756,2023-04-17 15:44:25,2023-04-17T15:54:02Z,577
SES0009238,U00756,2023-09-25T03:15:05Z,2023-09-25T03:43:56Z,1731
SES0009239,U00756,2023-06-01 06:05:12,01/06/2023 06:14,535
SES0009240,U00756,2023-06-30T07:56:34Z,2023-06-30 07:57:38,64
SES0009241,U00756,2023-05-18T05:15:09Z,2023-05-18 05:21:08,359
SES0009242,U00756,2023-05-15T03:33:54Z,2023-05-15T03:34:53Z,59
SES0009243,U00756,19/08/2023 14:07,2023-08-19T14:09:35Z,131
SES0009244,U00757,10/06/2024 12:45,2024-06-10 12:47:05,67
SES0009245,U00757,2024-06-09 08:11:59,2024-06-09 08:17:47,348
SES0009246,U00757,2024-06-10 16:36:07,10/06/2024 16:37,63
SES0009247,U00757,04/06/2024 02:16,2024-06-04T02:18:56Z,176
SES0009248,U00757,2024-05-29T10:16:39Z,29/05/2024 10:54,2286
SES0009249,U00758,31/07/2023 05:31,31/07/2023 05:33,113
SES0009250,U00758,11/07/2023 23:50,2023-07-11 23:56:56,386
SES0009251,U00758,2023-06-09 12:50:35,09/06/2023 12:51,30
SES0009252,U00758,2023-08-21T13:27:41Z,21/08/2023 13:29,116
SES0009253,U00758,20/06/2023 17:06,2023-06-20T17:12:45Z,392
SES0009254,U00758,2023-08-17T03:43:16Z,2023-08-17T03:47:22Z,246
SES0009255,U00758,2023-07-28 20:09:06,28/07/2023 20:12,218
SES0009256,U00758,21/08/2023 22:12,2023-08-21 22:13:53,N/A
SES0009257,U00758,2023-08-18 23:50:35,2023-08-18 23:53:14,159
SES0009258,U00758,2023-07-16T00:52:14Z,16/07/2023 00:52,21
SES0009259,U00759,2023-12-14 09:40:05,2023-12-14T09:40:44Z,39
SES0009260,U00761,2023-05-03 10:20:50,2023-05-03 10:24:09,199
SES0009261,U00762,2023-06-04 11:35:51,2023-06-04 11:36:39,48
SES0009262,U00762,16/03/2023 20:09,2023-03-16T20:14:32Z,
SES0009263,U00762,29/08/2023 10:03,29/08/2023 10:08,293
SES0009264,U00762,2023-07-20 05:45:45,20/07/2023 05:46,47
SES0009265,U00762,30/06/2023 02:16,2023-06-30 02:18:57,125
SES0009266,U00762,2023-08-30 11:25:37,30/08/2023 11:27,117
SES0009267,U00762,17/07/2023 11:08,2023-07-17 11:08:46,10
SES0009268,U00762,2023-07-29 13:50:47,2023-07-29 14:06:59,972
SES0009269,U00762,2023-04-15 18:37:12,2023-04-15T18:37:12Z,0
SES0009270,U00762,02/05/2023 08:36,2023-05-02T08:37:00Z,24
SES0009271,U00763,2024-04-06 12:01:39,06/04/2024 12:45,2660
SES0009272,U00763,10/04/2024 05:09,2024-04-10 05:10:53,59
SES0009273,U00764,2024-02-28T20:23:30Z,28/02/2024 20:24,44
SES0009274,U00764,2024-02-22 18:00:04,2024-02-22T18:02:53Z,169
SES0009275,U00764,2024-02-25 22:01:58,2024-02-25T22:04:57Z,179
SES0009276,U00764,2024-02-29T06:12:58Z,2024-02-29 06:13:31,33
SES0009277,U00764,2024-02-27 04:32:29,2024-02-27 04:36:02,213
SES0009278,U00764,26/02/2024 20:39,2024-02-26T20:40:55Z,106
SES0009279,U00764,2024-03-02T10:02:19Z,2024-03-02 10:04:37,138
SES0009280,U00764,2024-02-22 15:01:50,22/02/2024 15:03,83
SES0009281,U00764,2024-02-28 08:52:31,2024-02-28 08:59:23,412
SES0009282,U00764,2024-02-28T22:38:27Z,2024-02-28 22:42:14,227
SES0009283,U00764,23/02/2024 13:32,2024-02-23T13:32:54Z,39
SES0009284,U00764,2024-02-29 09:29:07,2024-02-29 09:30:12,65
SES0009285,U00764,2024-03-04T02:27:11Z,2024-03-04T02:31:00Z,N/A
SES0009286,U00764,25/02/2024 17:19,25/02/2024 17:21,117
SES0009287,U00764,2024-03-06T06:27:15Z,06/03/2024 06:27,13
SES0009288,U00764,2024-03-02 06:33:37,2024-03-02T06:36:09Z,152
SES0009289,U00764,2024-02-26 13:23:58,2024-02-26 13:24:57,59
SES0009290,U00764,2024-03-06T03:50:24Z,06/03/2024 03:55,283
SES0009291,U00764,05/03/2024 04:54,2024-03-05T05:25:28Z,1839
SES0009292,U00764,2024-02-23 12:38:32,23/02/2024 12:42,219
SES0009293,U00764,2024-02-29 10:57:31,2024-02-29 11:00:19,168
SES0009294,U00764,28/02/2024 13:59,28/02/2024 14:01,142
SES0009295,U00764,2024-02-26 10:37:35,26/02/2024 10:38,72
SES0009296,U00764,2024-03-05 09:14:17,2024-03-05T09:19:20Z,
SES0009297,U00764,2024-03-01T02:02:40Z,01/03/2024 02:03,73
SES0009298,U00764,01/03/2024 23:18,01/03/2024 23:19,68
SES0009299,U00764,2024-03-03 13:36:55,2024-03-03 13:38:32,97
SES0009300,U00764,2024-02-26 01:37:02,2024-02-26 01:38:54,112
SES0009301,U00764,2024-03-06T01:42:06Z,06/03/2024 01:49,461
SES0009302,U00764,03/03/2024 20:34,03/03/2024 20:39,329
SES0009303,U00764,29/02/2024 16:53,2024-02-29 16:58:06,281
SES0009304,U00764,2024-03-02T16:52:26Z,2024-03-02T16:53:13Z,47
SES0009305,U00764,24/02/2024 02:14,2024-02-24T02:17:47Z,169
SES0009306,U00764,2024-02-24 09:30:52,2024-02-24 09:36:45,353
SES0009307,U00764,03/03/2024 16:10,2024-03-03 16:20:11,586
SES0009308,U00764,2024-02-25T13:28:57Z,2024-02-25 13:34:33,336
SES0009309,U00764,2024-03-03T09:44:48Z,2024-03-03T09:50:35Z,
SES0009310,U00764,2024-02-29 23:42:19,2024-02-29 23:45:48,209
SES0009311,U00764,2024-02-29T15:15:42Z,2024-02-29 15:16:47,65
SES0009312,U00764,05/03/2024 14:12,05/03/2024 14:18,330
SES0009313,U00765,2024-01-10T11:41:28Z,10/01/2024 11:41,13
SES0009314,U00766,2024-04-28T08:51:47Z,2024-04-29T14:02:53Z,105066
SES0009315,U00766,2024-03-10 12:33:42,2024-03-10 12:34:22,
SES0009316,U00766,24/03/2024 10:36,2024-03-24T10:47:32Z,690
SES0009317,U00766,2024-02-10 22:57:41,2024-02-10 22:57:56,15
SES0009318,U00766,2024-02-19 04:37:25,2024-02-19 04:37:43,18
SES0009319,U00766,2024-06-09T23:54:55Z,09/06/2024 23:58,187
SES0009320,U00766,23/02/2024 11:32,2024-02-23T11:36:14Z,249
SES0009321,U00766,2024-05-18T19:06:12Z,2024-05-18T19:23:32Z,1040
SES0009322,U00766,11/04/2024 09:09,11/04/2024 09:09,25
SES0009323,U00766,19/06/2024 17:04,2024-06-19 17:06:03,88
SES0009324,U00766,2024-02-11 17:58:41,11/02/2024 18:01,143
SES0009325,U00766,2024-05-08T07:35:31Z,2024-05-08 07:38:10,159
SES0009326,U00766,2024-02-14 22:10:00,2024-02-14T22:12:29Z,149
SES0009327,U00766,2024-03-14 07:41:03,2024-03-14 07:45:28,265
SES0009328,U00766,09/06/2024 15:44,2024-06-09T15:48:15Z,226
SES0009329,U00766,29/05/2024 20:33,2024-05-29 20:34:12,29
SES0009330,U00766,28/01/2024 06:12,2024-01-28 06:23:29,644
SES0009331,U00766,14/02/2024 23:59,2024-02-15 00:01:18,85
SES0009332,U00766,2024-05-21T03:02:13Z,2024-05-21T03:03:13Z,60
SES0009333,U00766,2024-05-08T19:28:55Z,2024-05-08T19:30:05Z,70
SES0009334,U00766,13/03/2024 08:47,13/03/2024 08:47,7
SES0009335,U00766,2024-01-30 11:35:23,2024-01-30T11:40:12Z,289
SES0009336,U00766,2024-02-16 04:51:34,2024-02-16 04:52:57,83
SES0009337,U00766,17/02/2024 04:56,2024-02-17T05:02:45Z,383
SES0009338,U00766,2024-04-11T22:39:56Z,2024-04-11 22:41:24,88
SES0009339,U00766,2024-06-06T21:53:44Z,2024-06-06T21:55:37Z,113
SES0009340,U00766,2024-02-08T20:05:45Z,08/02/2024 20:07,91
SES0009341,U00766,2024-02-23T01:02:39Z,2024-02-23 01:02:39,0
SES0009342,U00766,2024-03-15 13:42:48,15/03/2024 13:43,67
SES0009343,U00766,2024-05-08T15:19:46Z,08/05/2024 15:23,219
SES0009344,U00766,2024-05-19 06:32:27,2024-05-19 06:34:21,114
SES0009345,U00766,24/04/2024 22:27,27/04/2024 21:34,256043
SES0009346,U00766,2024-05-25 01:07:17,2024-05-25T01:10:32Z,195
SES0009347,U00766,27/03/2024 19:10,2024-03-27T19:22:03Z,672
SES0009348,U00766,20/06/2024 10:04,2024-06-20 10:05:57,96
SES0009349,U00766,05/05/2024 17:50,2024-05-05 17:52:52,150
SES0009350,U00766,2024-02-23T20:34:23Z,2024-02-23 20:35:34,71
SES0009351,U00766,2024-04-02T04:02:39Z,2024-04-02 04:05:07,148
SES0009352,U00766,28/04/2024 05:13,2024-04-28T05:15:51Z,125
SES0009353,U00766,2024-02-22 06:34:00,2024-02-22T06:36:28Z,148
SES0009354,U00767,2023-05-26T02:51:21Z,2023-05-26 02:53:28,N/A
SES0009355,U00767,2023-05-20T14:43:09Z,23/05/2023 02:22,214742
SES0009356,U00767,2023-06-24T13:34:49Z,24/06/2023 13:35,51
SES0009357,U00767,01/07/2023 07:31,2023-07-01T07:32:26Z,84
SES0009358,U00767,2023-05-01 21:43:52,2023-05-01T21:48:32Z,280
SES0009359,U00767,08/06/2023 20:31,08/06/2023 20:40,513
SES0009360,U00767,2023-06-15T01:17:18Z,2023-06-15 01:37:02,
SES0009361,U00767,19/05/2023 23:22,2023-05-19 23:30:44,471
SES0009362,U00767,21/04/2023 22:17,21/04/2023 22:17,N/A
SES0009363,U00767,07/04/2023 06:17,2023-04-07 06:23:02,308
SES0009364,U00767,2023-05-20 19:52:09,2023-05-20 20:07:22,N/A
SES0009365,U00767,2023-06-15 09:30:31,15/06/2023 09:40,624
SES0009366,U00767,26/06/2023 00:24,2023-06-26T00:26:24Z,104
SES0009367,U00767,2023-06-29 20:54:53,2023-06-29 20:55:53,60
SES0009368,U00767,2023-05-05 14:29:58,05/05/2023 14:33,219
SES0009369,U00767,2023-06-16T15:57:19Z,2023-06-16T16:03:47Z,388
SES0009370,U00767,2023-06-29 12:19:01,29/06/2023 12:19,34
SES0009371,U00767,2023-06-25T04:34:15Z,25/06/2023 04:36,146
SES0009372,U00767,2023-05-22 17:35:21,22/05/2023 17:41,363
SES0009373,U00767,12/05/2023 16:50,2023-05-12T16:53:38Z,214
SES0009374,U00767,08/05/2023 23:59,2023-05-09T00:01:20Z,120
SES0009375,U00767,2023-06-06 22:15:03,06/06/2023 22:18,194
SES0009376,U00767,07/05/2023 07:08,2023-05-07 07:16:24,
SES0009377,U00767,14/05/2023 22:20,14/05/2023 22:34,839
SES0009378,U00767,16/06/2023 23:25,2023-06-16 23:29:28,246
SES0009379,U00767,09/04/2023 09:46,2023-04-09 09:47:02,48
SES0009380,U00767,16/06/2023 09:28,16/06/2023 09:36,511
SES0009381,U00767,2023-06-26 15:18:58,2023-06-26T15:22:57Z,239
SES0009382,U00767,06/04/2023 12:58,2023-04-06T13:55:24Z,3386
SES0009383,U00767,2023-04-27T07:32:28Z,27/04/2023 07:34,144
SES0009384,U00767,12/06/2023 10:51,12/06/2023 11:02,697
SES0009385,U00767,23/05/2023 14:38,2023-05-23 14:41:31,193
SES0009386,U00767,23/05/2023 11:03,2023-05-23T11:05:35Z,135
SES0009387,U00767,2023-05-26 18:49:50,2023-05-26T19:00:23Z,633
SES0009388,U00767,2023-07-02 18:44:45,2023-07-02 18:58:47,N/A
SES0009389,U00767,13/06/2023 17:29,13/06/2023 17:30,49
SES0009390,U00767,2023-04-19 09:35:59,19/04/2023 09:37,71
SES0009391,U00767,2023-05-07T17:57:11Z,07/05/2023 18:01,278
SES0009392,U00767,06/05/2023 06:57,2023-05-06 07:07:42,591
SES0009393,U00767,2023-06-16 03:02:58,2023-06-16T03:06:15Z,N/A
SES0009394,U00769,2023-12-29T15:19:11Z,2023-12-29 15:23:25,254
SES0009395,U00771,2024-03-06 23:23:52,2024-03-06T23:25:36Z,104
SES0009396,U00771,09/03/2024 02:58,09/03/2024 02:59,33
SES0009397,U00771,2024-03-06T10:16:48Z,2024-03-06T10:50:47Z,2039
SES0009398,U00771,07/03/2024 17:15,07/03/2024 17:26,677
SES0009399,U00771,2024-03-05T04:44:19Z,05/03/2024 05:07,1396
SES0009400,U00771,10/03/2024 13:26,2024-03-10 13:26:16,5
SES0009401,U00771,2024-03-08 06:14:05,2024-03-08T06:22:38Z,513
SES0009402,U00771,2024-03-08T22:12:58Z,08/03/2024 22:12,0
SES0009403,U00771,2024-03-08 03:51:33,08/03/2024 03:51,23
SES0009404,U00771,2024-03-05T16:46:48Z,05/03/2024 16:49,
SES0009405,U00772,14/01/2023 09:13,2023-01-14T09:13:39Z,15
SES0009406,U00772,13/01/2023 10:39,13/01/2023 10:42,236
SES0009407,U00772,2023-01-15T19:28:09Z,2023-01-15 19:40:24,735
SES0009408,U00772,2023-01-16 00:58:40,2023-01-16T01:02:07Z,207
SES0009409,U00772,2023-01-22T08:19:43Z,2023-01-23 17:58:05,121102
SES0009410,U00773,2023-09-18T11:29:06Z,2023-09-18 11:29:26,20
SES0009411,U00773,24/05/2023 01:15,24/05/2023 01:20,346
SES0009412,U00773,08/08/2023 10:37,2023-08-08T10:40:16Z,188
SES0009413,U00773,15/05/2023 00:24,15/05/2023 00:25,22
SES0009414,U00773,2023-07-15 21:46:59,15/07/2023 21:48,79
SES0009415,U00773,2023-06-16T00:05:46Z,2023-06-16 00:09:31,225
SES0009416,U00773,21/09/2023 04:02,2023-09-21T04:03:49Z,85
SES0009417,U00773,2023-08-28T08:50:47Z,2023-08-28T08:57:22Z,395
SES0009418,U00773,2023-06-07T08:36:38Z,07/06/2023 10:12,5776
SES0009419,U00773,2023-09-22 06:24:29,2023-09-22T06:24:55Z,26
SES0009420,U00773,2023-07-30T11:01:20Z,2023-07-30T11:02:14Z,54
SES0009421,U00773,2023-09-24T17:46:04Z,24/09/2023 17:54,522
SES0009422,U00773,12/08/2023 11:08,2023-08-12 11:18:28,607
SES0009423,U00773,2023-04-12T06:13:46Z,2023-04-12 06:19:52,366
SES0009424,U00773,24/06/2023 15:36,2023-06-24T15:56:01Z,1195
SES0009425,U00773,06/06/2023 01:04,06/06/2023 01:06,82
SES0009426,U00773,2023-08-03T11:35:19Z,03/08/2023 11:37,119
SES0009427,U00773,11/07/2023 16:24,2023-07-11 16:26:31,119
SES0009428,U00773,2023-03-30T12:48:05Z,2023-03-30T12:48:16Z,11
SES0009429,U00773,2023-06-26 05:07:04,2023-06-26 05:11:37,273
SES0009430,U00773,16/09/2023 17:15,2023-09-16T17:19:30Z,215
SES0009431,U00773,2023-07-16T12:12:17Z,16/07/2023 12:19,421
SES0009432,U00773,31/05/2023 22:11,2023-05-31 22:12:56,96
SES0009433,U00773,30/07/2023 19:00,2023-07-30 19:01:27,56
SES0009434,U00773,02/08/2023 20:35,2023-08-02T20:39:12Z,214
SES0009435,U00773,2023-06-07T01:48:45Z,07/06/2023 01:49,53
SES0009436,U00773,2023-09-15 01:16:30,15/09/2023 01:21,291
SES0009437,U00773,2023-09-18T06:30:42Z,2023-09-18 06:32:44,122
SES0009438,U00773,2023-04-15T12:01:37Z,2023-04-15T12:04:08Z,151
SES0009439,U00773,09/04/2023 18:30,09/04/2023 18:30,52
SES0009440,U00773,24/07/2023 07:02,2023-07-24 07:02:40,31
SES0009441,U00773,23/04/2023 11:07,23/04/2023 11:07,29
SES0009442,U00773,2023-07-20 13:08:41,2023-07-20 13:11:28,167
SES0009443,U00773,2023-06-12T15:06:39Z,12/06/2023 15:16,584
SES0009444,U00773,2023-07-19 12:23:01,19/07/2023 12:27,244
SES0009445,U00773,2023-05-31 10:32:51,31/05/2023 10:34,79
SES0009446,U00773,2023-05-17T15:25:00Z,17/05/2023 15:25,43
SES0009447,U00773,11/09/2023 10:04,14/09/2023 20:56,298304
SES0009448,U00773,2023-04-21 07:18:10,21/04/2023 07:25,452
SES0009449,U00773,2023-05-12T02:20:04Z,2023-05-12T02:22:12Z,128
SES0009450,U00774,04/11/2023 08:32,2023-11-04T08:40:50Z,482
SES0009451,U00774,31/12/2023 17:39,31/12/2023 17:42,196
SES0009452,U00775,2024-02-24T15:09:26Z,24/02/2024 15:15,365
SES0009453,U00775,22/02/2024 18:20,2024-02-22 18:22:37,144
SES0009454,U00775,2024-02-22 19:58:40,2024-02-22 20:05:27,407
SES0009455,U00775,2024-02-21T03:54:04Z,2024-02-21T05:40:09Z,6365
SES0009456,U00775,2024-02-21 10:55:10,2024-02-21 10:55:24,14
SES0009457,U00776,19/11/2023 16:38,2023-11-19T16:39:17Z,60
SES0009458,U00776,2024-02-02T06:49:12Z,2024-02-02T06:56:48Z,456
SES0009459,U00776,2024-06-17 14:57:18,2024-06-17 14:59:21,
SES0009460,U00776,2024-06-26 06:20:45,2024-06-26 06:46:39,1554
SES0009461,U00776,27/05/2024 13:51,2024-05-27 13:51:50,38
SES0009462,U00776,13/06/2024 16:54,13/06/2024 17:09,901
SES0009463,U00776,2024-05-02T18:41:10Z,2024-05-02 18:42:26,76
SES0009464,U00776,2024-04-16T13:27:41Z,2024-04-16 13:29:55,134
SES0009465,U00776,2024-01-11T16:00:47Z,2024-01-11 16:07:23,396
SES0009466,U00776,2023-10-27T19:31:01Z,2023-10-27T19:34:56Z,235
SES0009467,U00776,2023-11-27T13:06:24Z,2023-11-27 13:13:38,434
SES0009468,U00776,18/11/2023 17:37,2023-11-18T17:47:11Z,574
SES0009469,U00776,21/01/2024 21:24,2024-01-21T22:02:03Z,2265
SES0009470,U00776,2024-03-08T01:19:35Z,2024-03-08T01:20:17Z,42
SES0009471,U00776,2024-06-27 14:29:01,2024-06-27 14:29:01,0
SES0009472,U00776,2024-04-14 03:36:51,14/04/2024 03:38,117
SES0009473,U00776,2024-02-21 19:36:46,2024-02-21T20:05:57Z,1751
SES0009474,U00776,2024-01-09T00:34:50Z,2024-01-09 00:36:18,88
SES0009475,U00776,2024-01-03 11:40:53,2024-01-03T11:53:36Z,763
SES0009476,U00776,03/11/2023 08:25,03/11/2023 08:26,N/A
SES0009477,U00777,2023-01-31 19:52:21,2023-01-31T19:54:07Z,106
SES0009478,U00777,2023-02-03T08:06:59Z,2023-02-03 08:17:03,604
SES0009479,U00777,2023-01-30 14:05:46,2023-01-30T14:08:34Z,168
SES0009480,U00778,20/06/2024 20:48,2024-06-20T21:06:07Z,1082
SES0009481,U00779,2023-04-13T04:24:52Z,13/04/2023 04:25,35
SES0009482,U00779,2023-03-02 14:04:59,2023-03-02 14:06:59,120
SES0009483,U00779,2023-02-26T16:24:07Z,26/02/2023 16:28,262
SES0009484,U00779,2023-03-28T09:43:23Z,28/03/2023 09:45,107
SES0009485,U00779,2023-02-14T02:17:28Z,14/02/2023 02:17,11
SES0009486,U00779,30/03/2023 04:43,30/03/2023 04:47,247
SES0009487,U00779,2023-03-31T17:18:51Z,31/03/2023 17:21,178
SES0009488,U00779,20/03/2023 22:54,2023-03-20T22:55:25Z,53
SES0009489,U00779,2023-04-11T00:07:05Z,11/04/2023 00:09,115
SES0009490,U00779,2023-04-14 21:14:30,2023-04-14 21:16:02,92
SES0009491,U00779,2023-03-01 07:32:05,2023-03-01 07:33:20,75
SES0009492,U00779,2023-04-18T21:11:18Z,2023-04-18 21:20:00,522
SES0009493,U00779,2023-02-14 09:58:38,2023-02-14T09:59:07Z,29
SES0009494,U00779,2023-03-19T10:45:29Z,2023-03-19 10:46:12,43
SES0009495,U00779,09/03/2023 20:30,2023-03-09T20:30:47Z,21
SES0009496,U00779,01/02/2023 21:39,2023-02-01 22:00:37,1258
SES0009497,U00779,2023-04-30T11:56:44Z,30/04/2023 11:57,54
SES0009498,U00779,2023-03-23 03:24:14,2023-03-23 03:37:46,812
SES0009499,U00779,2023-05-01 17:20:05,2023-05-01T17:21:31Z,86
SES0009500,U00779,2023-04-07T10:07:37Z,2023-04-07 10:17:39,602
SES0009501,U00779,02/02/2023 10:11,02/02/2023 10:12,17
SES0009502,U00779,2023-02-12T20:52:37Z,12/02/2023 21:09,1001
SES0009503,U00779,2023-03-25T18:29:59Z,2023-03-25 18:31:39,100
SES0009504,U00779,2023-03-14 06:55:39,14/03/2023 07:12,1038
SES0009505,U00779,04/04/2023 10:21,2023-04-04 10:22:31,52
SES0009506,U00779,2023-04-01 09:56:50,2023-04-01T10:06:08Z,558
SES0009507,U00779,2023-02-09T11:19:56Z,2023-02-09 11:23:41,225
SES0009508,U00779,2023-04-19 22:32:32,2023-04-19 22:34:37,125
SES0009509,U00779,2023-02-18T15:21:24Z,2023-02-18 15:23:42,138
SES0009510,U00779,2023-03-06 10:12:54,2023-03-06T10:17:26Z,272
SES0009511,U00779,2023-04-15T09:05:17Z,2023-04-15T09:06:27Z,70
SES0009512,U00779,2023-04-06 20:56:48,2023-04-06T20:56:52Z,4
SES0009513,U00779,23/03/2023 01:36,23/03/2023 01:37,75
SES0009514,U00779,13/03/2023 19:17,2023-03-13T19:19:13Z,128
SES0009515,U00779,18/03/2023 06:19,18/03/2023 06:21,95
SES0009516,U00779,2023-02-22 09:33:07,22/02/2023 09:38,294
SES0009517,U00779,25/02/2023 15:35,25/02/2023 15:37,N/A
SES0009518,U00779,14/04/2023 10:58,14/04/2023 11:08,605
SES0009519,U00779,2023-04-19 08:05:52,19/04/2023 08:10,289
SES0009520,U00779,11/03/2023 11:30,2023-03-11T11:32:06Z,96
SES0009521,U00779,25/02/2023 21:23,25/02/2023 21:38,922
SES0009522,U00779,2023-03-31 02:54:17,2023-03-31T02:54:37Z,20
SES0009523,U00779,2023-04-09 19:26:18,2023-04-09 19:28:37,139
SES0009524,U00779,2023-03-02T10:05:29Z,2023-03-02T10:06:10Z,41
SES0009525,U00779,2023-03-04 10:38:41,2023-03-04 10:39:38,57
SES0009526,U00779,2023-02-05 23:41:35,2023-02-05T23:45:00Z,205
SES0009527,U00779,2023-04-19 15:59:20,19/04/2023 16:12,819
SES0009528,U00779,2023-02-25T02:14:45Z,2023-02-25 02:22:08,443
SES0009529,U00779,2023-03-31T07:11:41Z,2023-03-31 07:13:35,114
SES0009530,U00779,2023-04-02 11:25:45,2023-04-02T11:28:10Z,145
SES0009531,U00779,2023-02-12 15:41:29,2023-02-12T15:41:56Z,27
SES0009532,U00779,2023-02-16 14:04:10,2023-02-16 14:10:52,402
SES0009533,U00779,05/02/2023 00:30,2023-02-05T00:32:29Z,121
SES0009534,U00779,2023-04-05T11:54:21Z,2023-04-05T12:02:27Z,486
SES0009535,U00779,2023-04-29 22:35:09,2023-04-29T22:39:18Z,249
SES0009536,U00779,2023-04-21T16:50:54Z,2023-04-21T16:53:23Z,149
SES0009537,U00779,2023-03-12T04:49:55Z,2023-03-12T04:52:52Z,177
SES0009538,U00779,2023-02-18T07:41:46Z,18/02/2023 07:44,163
SES0009539,U00779,2023-02-11T05:44:05Z,2023-02-11 05:45:06,61
SES0009540,U00779,2023-04-01 10:13:42,2023-04-03T15:55:55Z,193333
SES0009541,U00779,2023-04-07 10:17:22,07/04/2023 10:23,370
SES0009542,U00779,2023-02-18T12:46:05Z,18/02/2023 12:48,118
SES0009543,U00779,2023-02-07T19:38:22Z,07/02/2023 19:39,85
SES0009544,U00779,2023-03-19T14:18:15Z,2023-03-19 14:19:51,96
SES0009545,U00779,2023-02-15T04:43:42Z,2023-02-15T04:46:11Z,149
SES0009546,U00779,10/02/2023 20:31,2023-02-10T20:36:00Z,290
SES0009547,U00779,07/04/2023 10:27,07/04/2023 10:28,19
SES0009548,U00779,16/02/2023 09:13,2023-02-16 09:18:36,296
SES0009549,U00779,28/03/2023 03:40,2023-03-28T03:41:48Z,97
SES0009550,U00779,19/04/2023 01:40,2023-04-19 01:51:04,660
SES0009551,U00779,2023-03-06 03:50:57,2023-03-06T03:54:28Z,211
SES0009552,U00779,2023-03-21T22:18:47Z,21/03/2023 22:31,788
SES0009553,U00779,2023-03-07 12:13:46,07/03/2023 12:21,492
SES0009554,U00779,21/03/2023 02:58,21/03/2023 03:02,230
SES0009555,U00779,01/04/2023 13:32,01/04/2023 14:25,3221
SES0009556,U00779,27/02/2023 10:08,2023-02-27 10:10:21,92
SES0009557,U00779,2023-04-18T00:41:51Z,2023-04-18 00:48:00,369
SES0009558,U00779,19/04/2023 16:52,2023-04-19T16:53:38Z,78
SES0009559,U00779,2023-04-10 17:24:27,2023-04-10 17:29:35,308
SES0009560,U00779,16/02/2023 16:47,16/02/2023 16:48,30
SES0009561,U00780,2023-02-12T03:10:41Z,2023-02-12T03:17:25Z,404
SES0009562,U00780,2023-02-10T06:06:54Z,2023-02-10 06:12:13,319
SES0009562,U00780,2023-02-10T06:06:54Z,2023-02-10 06:12:13,319
SES0009563,U00781,2023-02-22 18:41:52,2023-02-22 18:42:34,42
SES0009564,U00781,16/02/2023 00:51,16/02/2023 00:56,310
SES0009565,U00783,2023-07-01T04:39:18Z,2023-07-01T04:40:46Z,88
SES0009566,U00784,2024-01-03T19:25:07Z,2024-01-03 19:26:01,54
SES0009567,U00784,2023-11-06T20:06:24Z,2023-11-06T20:09:03Z,159
SES0009568,U00784,08/11/2023 07:53,2023-11-08T08:11:28Z,1087
SES0009569,U00784,2023-10-12 18:04:40,12/10/2023 18:06,128
SES0009570,U00784,11/09/2023 23:00,11/09/2023 23:01,27
SES0009571,U00784,09/12/2023 03:55,09/12/2023 04:12,1012
SES0009572,U00784,29/02/2024 12:51,2024-02-29 12:53:16,98
SES0009573,U00784,07/10/2023 17:58,2023-10-07 18:13:27,886
SES0009574,U00784,2023-10-28T03:02:01Z,2023-10-28T03:03:12Z,71
SES0009575,U00784,31/10/2023 13:39,31/10/2023 13:40,84
SES0009576,U00785,02/06/2023 21:23,2023-06-02T21:29:48Z,354
SES0009577,U00785,2023-06-05 05:54:03,05/06/2023 05:58,252
SES0009578,U00785,2023-06-06T11:26:27Z,2023-06-06T11:31:17Z,290
SES0009579,U00786,2024-06-28 10:31:26,2024-06-28T10:32:17Z,51
SES0009580,U00786,2024-04-06T13:46:40Z,06/04/2024 13:49,145
SES0009581,U00786,11/02/2024 14:20,2024-02-11T14:23:57Z,218
SES0009582,U00786,2024-03-17T16:58:01Z,17/03/2024 17:14,987
SES0009583,U00786,2024-04-09T20:10:47Z,09/04/2024 20:17,382
SES0009584,U00788,2024-03-19 03:15:46,19/03/2024 03:30,900
SES0009585,U00788,2024-02-17 07:22:52,17/02/2024 07:32,555
SES0009586,U00788,09/03/2024 12:11,09/03/2024 12:12,57
SES0009587,U00788,2024-04-06 09:51:13,2024-04-06 09:51:43,
SES0009588,U00788,2024-04-14T07:49:50Z,2024-04-14 07:52:27,157
SES0009589,U00788,25/02/2024 10:05,2024-02-25 10:06:12,51
SES0009590,U00788,10/05/2024 21:43,2024-05-10 21:43:49,0
SES0009591,U00788,2024-04-20T02:13:44Z,2024-04-20 02:18:00,256
SES0009592,U00788,2024-04-05T10:02:20Z,2024-04-05 10:03:45,85
SES0009593,U00788,2024-04-27T08:20:32Z,27/04/2024 08:20,0
SES0009594,U00788,2024-03-04 22:31:59,2024-03-04 22:34:19,
SES0009595,U00788,17/04/2024 03:07,17/04/2024 03:10,187
SES0009596,U00788,24/03/2024 08:32,2024-03-24 08:33:50,88
SES0009597,U00788,26/03/2024 04:40,26/03/2024 04:41,111
SES0009598,U00788,2024-03-06 03:16:41,2024-03-06T03:19:17Z,156
SES0009599,U00788,2024-04-15T05:34:12Z,2024-04-15T05:34:25Z,N/A
SES0009600,U00788,2024-02-23 00:54:01,2024-02-23T00:58:50Z,289
SES0009601,U00788,2024-04-11 11:46:25,2024-04-11 11:52:45,380
SES0009602,U00788,20/03/2024 03:25,2024-03-20T03:26:15Z,64
SES0009603,U00788,27/04/2024 00:45,27/04/2024 00:47,94
SES0009604,U00789,2023-06-07 07:32:10,2023-06-07T07:39:30Z,440
SES0009605,U00790,2023-02-03 12:43:42,03/02/2023 12:47,228
SES0009606,U00791,2023-08-09T09:01:59Z,2023-08-09T09:04:15Z,136
SES0009607,U00791,2023-08-12 09:05:26,12/08/2023 09:06,78
SES0009608,U00793,2023-12-13 07:20:10,2023-12-13 07:26:33,383
SES0009609,U00793,2023-12-08T11:20:56Z,2023-12-08 11:32:39,703
SES0009610,U00793,2023-12-26 08:39:39,2023-12-26 08:40:21,42
SES0009611,U00793,2023-10-29 17:40:29,2023-10-29T17:44:14Z,225
SES0009612,U00793,08/12/2023 16:01,2023-12-08T16:07:28Z,357
SES0009613,U00793,2023-12-23 20:49:32,2023-12-23 21:42:20,3168
SES0009614,U00793,2023-12-20T16:40:41Z,2023-12-20T16:41:34Z,53
SES0009615,U00793,2023-11-10T18:33:10Z,2023-11-10T18:34:39Z,89
SES0009616,U00793,2023-10-21T05:17:10Z,21/10/2023 05:20,216
SES0009617,U00793,2023-12-13T05:52:21Z,2023-12-13T05:57:30Z,309
SES0009618,U00794,2024-02-21 12:25:34,21/02/2024 12:52,
SES0009619,U00794,2024-02-17 13:00:11,2024-02-17 13:02:26,135
SES0009620,U00794,2024-03-22T07:08:03Z,2024-03-22 07:10:44,161
SES0009621,U00794,2024-02-18T05:57:26Z,2024-02-18 06:00:28,182
SES0009622,U00794,29/03/2024 03:13,2024-03-29T03:15:16Z,80
SES0009623,U00795,13/05/2023 05:01,2023-05-13 05:30:18,1755
SES0009624,U00796,25/10/2023 02:45,2023-10-25T02:48:02Z,138
SES0009625,U00796,2023-10-31 04:54:16,2023-10-31 05:00:37,381
SES0009626,U00796,2023-10-20T23:48:17Z,20/10/2023 23:55,422
SES0009627,U00796,2023-09-16T22:56:59Z,16/09/2023 23:16,1157
SES0009628,U00796,2023-10-27T14:00:24Z,2023-10-27T14:01:41Z,77
SES0009629,U00796,2023-08-26T12:05:40Z,2023-08-29T07:40:09Z,243269
SES0009630,U00796,2023-10-08 17:26:42,2023-10-08T17:27:35Z,53
SES0009631,U00796,2023-09-04T14:10:38Z,04/09/2023 14:11,29
SES0009632,U00796,03/11/2023 02:18,2023-11-03 02:24:49,
SES0009633,U00796,2023-08-27T08:07:41Z,2023-08-27T08:12:15Z,274
SES0009634,U00797,2024-03-21 22:06:19,2024-03-21 22:09:00,161
SES0009635,U00797,2024-03-21T13:02:40Z,21/03/2024 13:03,60
SES0009636,U00797,21/03/2024 00:13,2024-03-21 00:14:26,42
SES0009637,U00797,21/03/2024 17:59,21/03/2024 18:00,67
SES0009638,U00797,21/03/2024 20:30,21/03/2024 20:33,154
SES0009639,U00797,21/03/2024 07:08,2024-03-21T07:11:25Z,160
SES0009640,U00797,21/03/2024 02:03,2024-03-21T02:06:30Z,194
SES0009641,U00797,2024-03-21T19:24:33Z,21/03/2024 19:28,240
SES0009642,U00797,2024-03-21T02:54:53Z,2024-03-21 02:56:04,71
SES0009643,U00797,21/03/2024 23:35,21/03/2024 23:44,587
SES0009644,U00797,2024-03-21T17:24:20Z,2024-03-21T17:25:14Z,54
SES0009645,U00797,2024-03-21 07:06:03,21/03/2024 07:10,
SES0009646,U00797,2024-03-21T12:14:04Z,21/03/2024 12:17,219
SES0009647,U00797,2024-03-21 10:47:51,2024-03-21T10:55:21Z,450
SES0009648,U00797,2024-03-21T08:06:47Z,21/03/2024 08:07,16
SES0009649,U00797,2024-03-21T23:37:53Z,2024-03-21 23:42:11,258
SES0009650,U00797,2024-03-21 02:15:32,2024-03-21 02:21:09,337
SES0009651,U00797,21/03/2024 05:26,2024-03-21T06:00:10Z,2047
SES0009652,U00797,2024-03-21 00:28:08,21/03/2024 00:33,338
SES0009653,U00797,2024-03-21T08:48:05Z,2024-03-21 08:54:20,375
SES0009654,U00799,2024-02-11 10:44:50,2024-02-11T10:46:25Z,95
SES0009655,U00799,28/04/2024 02:44,2024-04-28T02:48:34Z,224
SES0009656,U00799,2024-05-08 06:56:13,2024-05-08T06:56:55Z,42
SES0009657,U00799,2024-03-04T21:37:37Z,2024-03-04T21:38:54Z,77
SES0009658,U00799,2024-06-08 02:12:40,08/06/2024 02:18,368
SES0009659,U00799,2024-02-23 05:29:01,23/02/2024 05:29,57
SES0009660,U00799,2024-05-23 00:33:45,23/05/2024 00:34,30
SES0009661,U00799,2024-06-03 10:49:47,2024-06-03T10:52:37Z,170
SES0009662,U00799,16/02/2024 09:25,2024-02-16 09:26:44,79
SES0009663,U00799,2024-05-01 13:52:14,2024-05-01 13:54:19,125
SES0009664,U00800,09/01/2024 17:26,2024-01-09 17:28:43,151
SES0009665,U00800,2024-01-13T13:27:46Z,2024-01-13 13:34:19,393
SES0009666,U00800,15/01/2024 14:46,2024-01-15 14:50:09,194
SES0009667,U00800,2024-01-11T03:53:16Z,2024-01-11T04:07:33Z,N/A
SES0009668,U00800,12/01/2024 05:53,12/01/2024 05:54,56
SES0009669,U00800,2024-01-12 16:19:48,2024-01-12T16:22:25Z,157
SES0009670,U00800,2024-01-06T06:01:42Z,2024-01-06T06:04:48Z,186
SES0009671,U00800,2024-01-07T03:40:12Z,2024-01-07 03:43:23,191
SES0009672,U00800,2024-01-10 10:25:52,2024-01-10 10:29:17,205
SES0009673,U00800,2024-01-16T18:34:03Z,2024-01-16T18:39:54Z,351
SES0009674,U00800,07/01/2024 16:37,07/01/2024 16:45,481
SES0009675,U00800,2024-01-19 10:23:39,19/01/2024 10:25,93
SES0009676,U00800,2024-01-11 12:08:06,2024-01-11T12:18:22Z,616
SES0009677,U00800,14/01/2024 20:03,14/01/2024 20:28,N/A
SES0009678,U00800,2024-01-19T14:42:25Z,2024-01-19 14:43:24,59
SES0009679,U00800,2024-01-10T01:05:57Z,2024-01-10T01:15:13Z,556
SES0009680,U00800,2024-01-18T04:53:23Z,18/01/2024 05:28,2108
SES0009681,U00800,15/01/2024 05:50,15/01/2024 05:50,36
SES0009682,U00800,2024-01-19 02:01:45,2024-01-19 02:03:33,108
SES0009683,U00800,2024-01-08T00:22:36Z,2024-01-08 00:26:23,227
SES0009684,U00800,08/01/2024 10:01,2024-01-08T10:01:00Z,0
SES0009685,U00800,2024-01-13 00:34:13,2024-01-13T00:37:16Z,183
SES0009686,U00800,2024-01-15T15:28:20Z,15/01/2024 15:29,54
SES0009687,U00800,2024-01-08T07:06:56Z,2024-01-08 07:08:22,86
SES0009688,U00800,2024-01-09T21:42:03Z,09/01/2024 21:44,176
SES0009689,U00800,2024-01-15T07:05:13Z,15/01/2024 07:09,
SES0009690,U00800,2024-01-07T20:30:08Z,2024-01-07T20:31:36Z,88
SES0009691,U00800,2024-01-10T01:46:54Z,2024-01-10 01:48:33,99
SES0009692,U00800,06/01/2024 18:13,06/01/2024 18:18,274
SES0009693,U00800,2024-01-10T17:38:31Z,10/01/2024 17:42,232
SES0009694,U00801,08/05/2024 16:00,2024-05-08T16:00:35Z,8
SES0009695,U00801,2024-06-21 06:20:28,2024-06-21T06:31:52Z,684
SES0009696,U00801,2024-04-24T10:12:15Z,2024-04-24T10:13:28Z,73
SES0009697,U00801,2024-04-21 15:13:47,21/04/2024 15:15,99
SES0009698,U00801,10/05/2024 05:16,2024-05-10T05:18:09Z,129
SES0009699,U00801,2024-06-12 16:09:11,2024-06-12 16:11:15,124
SES0009700,U00801,13/05/2024 23:37,2024-05-13T23:40:30Z,152
SES0009701,U00801,09/06/2024 00:35,09/06/2024 00:36,93
SES0009702,U00801,01/06/2024 23:53,01/06/2024 23:55,115
SES0009703,U00801,2024-06-06 23:33:14,2024-06-06 23:33:27,13
SES0009704,U00803,2023-12-21 08:16:14,2023-12-21 08:17:14,
SES0009705,U00804,26/08/2023 10:14,26/08/2023 10:15,25
SES0009706,U00804,2023-09-01T09:08:52Z,2023-09-01 09:10:02,70
SES0009707,U00804,2023-09-04 13:34:11,2023-09-04 13:44:24,613
SES0009708,U00804,2023-08-28 02:24:27,2023-08-28 02:25:13,46
SES0009709,U00804,2023-08-30T09:42:33Z,2023-08-30 09:45:01,148
SES0009710,U00804,2023-08-29 13:10:39,2023-08-29 13:12:17,N/A
SES0009711,U00804,2023-08-26T18:54:55Z,2023-08-26 19:14:03,1148
SES0009712,U00804,26/08/2023 11:12,2023-08-26 11:15:34,208
SES0009713,U00804,05/09/2023 04:33,2023-09-05T04:34:47Z,89
SES0009714,U00804,2023-08-29T10:42:04Z,2023-08-29 10:43:40,96
SES0009715,U00804,2023-09-04 21:31:22,04/09/2023 21:32,
SES0009716,U00804,02/09/2023 14:44,2023-09-02 14:45:26,46
SES0009717,U00804,24/08/2023 09:02,2023-08-24 09:04:22,128
SES0009718,U00804,2023-08-28T19:26:20Z,2023-08-28 19:29:24,184
SES0009719,U00804,29/08/2023 08:01,2023-08-29T08:04:26Z,172
SES0009720,U00804,26/08/2023 01:30,2023-08-26 01:32:24,103
SES0009721,U00804,2023-09-04 08:58:42,2023-09-04 09:04:01,319
SES0009722,U00804,2023-08-25T21:07:13Z,2023-08-25T21:10:15Z,182
SES0009723,U00804,2023-08-26 14:58:38,26/08/2023 14:58,0
SES0009724,U00804,2023-08-26T05:35:37Z,26/08/2023 05:38,147
SES0009725,U00804,2023-09-01 03:46:49,01/09/2023 03:49,135
SES0009726,U00804,2023-09-01 18:10:27,2023-09-01T18:11:23Z,56
SES0009727,U00804,27/08/2023 22:18,2023-08-27 22:19:48,84
SES0009728,U00804,2023-08-24T01:33:14Z,2023-08-24T01:35:45Z,151
SES0009729,U00804,2023-09-01T12:08:14Z,2023-09-01T12:17:46Z,572
SES0009730,U00804,29/08/2023 16:36,2023-08-29 16:39:18,140
SES0009731,U00804,31/08/2023 12:02,2023-08-31 12:05:31,170
SES0009732,U00804,2023-08-26 18:38:56,26/08/2023 18:40,90
SES0009733,U00804,2023-08-27T15:30:53Z,2023-08-27T15:37:04Z,371
SES0009734,U00804,2023-09-04T06:07:52Z,2023-09-04 06:07:58,6
SES0009735,U00804,23/08/2023 23:53,2023-08-23T23:53:49Z,9
SES0009736,U00804,2023-08-25 19:24:15,2023-08-25T19:37:16Z,781
SES0009737,U00804,2023-09-01 17:37:40,2023-09-01T17:38:08Z,28
SES0009738,U00804,2023-08-28 14:22:54,2023-08-28 14:24:06,72
SES0009739,U00804,27/08/2023 01:54,27/08/2023 01:54,9
SES0009740,U00804,2023-09-01T16:21:15Z,2023-09-01 16:24:06,171
SES0009741,U00804,31/08/2023 20:53,2023-08-31T20:54:50Z,69
SES0009742,U00804,25/08/2023 17:34,2023-08-25 17:35:33,
SES0009743,U00804,2023-08-28T08:06:54Z,28/08/2023 08:08,88
SES0009744,U00804,2023-09-02T14:00:29Z,2023-09-02 14:02:23,114
SES0009745,U00805,20/04/2024 00:49,2024-04-20T00:52:37Z,178
SES0009746,U00806,2024-06-29T04:04:49Z,2024-06-29T04:05:08Z,
SES0009747,U00806,2024-06-19T06:45:48Z,19/06/2024 06:48,188
SES0009748,U00806,2024-05-06 23:18:27,06/05/2024 23:26,462
SES0009749,U00807,2024-04-24T08:03:56Z,24/04/2024 08:07,218
SES0009750,U00808,16/08/2023 02:38,16/08/2023 02:40,100
SES0009751,U00808,14/01/2024 17:32,2024-01-14T17:33:43Z,77
SES0009752,U00808,2023-12-28 16:09:49,28/12/2023 16:15,321
SES0009753,U00808,2023-09-16T19:55:19Z,2023-09-16T19:56:17Z,58
SES0009754,U00808,2023-11-15T22:12:47Z,2023-11-15 22:17:40,293
SES0009755,U00808,08/08/2023 17:41,2023-08-08 17:43:34,152
SES0009756,U00808,2024-01-13T03:20:03Z,2024-01-13 03:25:14,311
SES0009757,U00808,2023-12-29 12:23:55,2023-12-30 18:38:16,108861
SES0009758,U00808,2023-11-08 23:53:59,2023-11-08 23:54:18,19
SES0009759,U00808,2023-11-18T05:07:11Z,2023-11-18 05:10:01,170
SES0009760,U00808,2023-10-08 07:17:05,2023-10-08 07:17:35,30
SES0009761,U00808,16/01/2024 04:34,2024-01-16 04:37:37,192
SES0009762,U00808,2023-11-02T16:27:27Z,2023-11-02 16:29:34,127
SES0009763,U00808,09/09/2023 05:07,2023-09-09 05:09:21,
SES0009764,U00808,2023-09-16 05:23:25,16/09/2023 05:25,114
SES0009765,U00808,06/08/2023 22:39,06/08/2023 22:52,785
SES0009766,U00808,14/08/2023 16:23,14/08/2023 16:27,238
SES0009767,U00808,2023-12-31T17:22:25Z,2023-12-31T17:22:53Z,28
SES0009768,U00808,09/12/2023 22:01,09/12/2023 22:35,2060
SES0009769,U00808,2023-10-14T00:15:43Z,14/10/2023 00:18,161
SES0009770,U00809,2023-06-01T22:56:53Z,01/06/2023 22:58,
SES0009771,U00809,31/05/2023 16:40,2023-05-31 16:40:59,0
SES0009772,U00810,2024-06-03 14:12:51,2024-06-03 14:35:30,1359
SES0009773,U00810,2024-06-05T21:25:55Z,05/06/2024 21:26,52
SES0009774,U00810,2024-06-05T02:33:02Z,2024-06-05 02:36:47,225
SES0009775,U00810,2024-06-04 05:02:58,2024-06-04T05:14:07Z,669
SES0009776,U00810,02/06/2024 03:04,2024-06-02T03:09:30Z,
SES0009777,U00810,2024-06-03 00:21:31,2024-06-03T00:29:08Z,
SES0009778,U00810,2024-05-30 04:05:29,2024-05-30T04:06:41Z,72
SES0009779,U00810,2024-06-01 09:41:23,01/06/2024 09:44,195
SES0009780,U00810,2024-06-02 00:01:43,2024-06-02T00:18:50Z,1027
SES0009781,U00810,05/06/2024 03:37,2024-06-05 03:41:20,211
SES0009782,U00811,2024-06-01 17:39:47,01/06/2024 17:40,49
SES0009783,U00811,2024-06-14 07:20:19,2024-06-14T07:21:00Z,41
SES0009784,U00812,2024-04-27T16:01:07Z,2024-04-27T16:03:22Z,135
SES0009785,U00812,2024-04-20 02:17:14,2024-04-20 02:18:32,78
SES0009786,U00812,2024-04-25 13:36:54,25/04/2024 13:37,36
SES0009787,U00812,2024-04-26 01:05:56,2024-04-26 01:08:37,161
SES0009788,U00812,2024-04-18 17:38:11,2024-04-18T17:41:33Z,202
SES0009789,U00813,2024-06-26T11:05:58Z,2024-06-26T11:06:36Z,N/A
SES0009790,U00813,2024-06-25 04:53:45,2024-06-25T04:59:17Z,332
SES0009791,U00813,2024-06-24T11:33:04Z,24/06/2024 11:36,192
SES0009792,U00813,19/06/2024 03:46,2024-06-19 03:46:16,15
SES0009793,U00813,2024-06-19T19:44:32Z,2024-06-19 19:47:22,170
SES0009794,U00814,22/06/2024 12:52,22/06/2024 12:52,0
SES0009795,U00815,2023-10-21T18:20:57Z,2023-10-21T18:23:24Z,147
SES0009796,U00815,2023-09-23 12:51:39,2023-09-23T12:54:41Z,182
SES0009797,U00815,26/08/2023 20:35,2023-08-26T20:36:39Z,78
SES0009798,U00815,2023-08-29 14:18:02,29/08/2023 14:20,148
SES0009799,U00815,2024-01-15 11:03:41,15/01/2024 11:04,77
SES0009800,U00815,2023-10-08T16:59:10Z,2023-10-08T17:07:07Z,477
SES0009801,U00815,2023-11-30T15:35:49Z,2023-11-30T15:42:35Z,406
SES0009802,U00815,25/11/2023 21:11,2023-11-25T21:11:56Z,17
SES0009803,U00815,2023-08-20 00:36:45,2023-08-20T00:37:27Z,42
SES0009804,U00815,14/11/2023 13:33,2023-11-14T13:34:40Z,65
SES0009805,U00816,2023-07-26T02:28:29Z,2023-07-26 02:29:21,52
SES0009806,U00816,11/08/2023 15:07,2023-08-11T15:07:22Z,12
SES0009807,U00816,14/08/2023 00:05,2023-08-14T00:09:50Z,247
SES0009808,U00816,2023-05-31T14:25:03Z,2023-05-31T14:26:07Z,64
SES0009809,U00816,08/08/2023 19:27,2023-08-08 19:28:58,76
SES0009810,U00816,07/06/2023 08:39,2023-06-07T08:41:33Z,116
SES0009811,U00816,2023-05-27 11:50:54,2023-05-27 12:18:17,1643
SES0009812,U00816,2023-08-03 08:36:03,2023-08-03T08:39:57Z,234
SES0009813,U00816,2023-07-30 21:52:39,30/07/2023 21:53,28
SES0009814,U00816,2023-07-08T02:29:26Z,08/07/2023 02:29,24
SES0009815,U00817,05/10/2023 07:58,2023-10-05 08:02:00,195
SES0009816,U00817,2023-09-08T17:57:07Z,08/09/2023 17:57,26
SES0009817,U00817,2023-11-23T04:13:54Z,2023-11-23 04:21:11,437
SES0009818,U00818,2023-11-28 19:07:51,2023-11-28T19:44:29Z,2198
SES0009819,U00818,27/11/2023 11:04,2023-11-27 11:08:41,256
SES0009820,U00819,2024-05-11 16:38:48,11/05/2024 16:46,433
SES0009821,U00819,2024-05-10 06:27:05,2024-05-10T06:28:44Z,99
SES0009822,U00819,2024-05-12T06:04:21Z,2024-05-12 06:05:28,67
SES0009823,U00819,2024-05-12T09:08:22Z,12/05/2024 09:14,340
SES0009824,U00819,2024-05-08 22:14:53,2024-05-08 22:17:14,141
SES0009825,U00820,2024-02-14T10:39:02Z,2024-02-14 10:39:59,57
SES0009826,U00820,2024-06-04 21:07:10,2024-06-04T21:08:13Z,63
SES0009827,U00820,04/04/2024 03:37,2024-04-04 03:42:51,318
SES0009828,U00820,2024-01-21 12:49:13,2024-01-21T12:54:48Z,335
SES0009829,U00820,2024-01-28T12:34:43Z,2024-01-28T12:35:05Z,22
SES0009830,U00820,2024-03-24 14:49:32,24/03/2024 14:50,87
SES0009831,U00820,2024-06-02 18:17:20,02/06/2024 18:17,32
SES0009832,U00820,2024-04-02 15:46:08,02/04/2024 15:54,481
SES0009833,U00820,2024-05-20T07:46:33Z,20/05/2024 07:47,57
SES0009834,U00820,2024-01-20 04:32:15,2024-01-20 04:39:58,463
SES0009835,U00820,2024-02-15 09:56:19,2024-02-15 09:57:55,96
SES0009836,U00820,29/06/2024 13:30,2024-06-29T13:34:34Z,237
SES0009837,U00820,2024-02-22 03:03:09,2024-02-22T03:06:29Z,200
SES0009838,U00820,2024-03-17 04:19:24,17/03/2024 04:20,38
SES0009839,U00820,2024-01-27T14:00:55Z,27/01/2024 14:07,379
SES0009840,U00820,10/06/2024 10:20,2024-06-10T10:21:02Z,11
SES0009841,U00820,2024-01-28 17:37:04,28/01/2024 17:40,231
SES0009842,U00820,2024-05-16 10:25:41,16/05/2024 10:26,66
SES0009843,U00820,2024-05-14 05:43:19,2024-05-14T05:45:45Z,146
SES0009844,U00820,2024-03-27 02:49:06,2024-03-27 02:57:45,519
SES0009845,U00820,2024-02-12 16:16:32,2024-02-12 16:17:11,39
SES0009846,U00820,30/04/2024 02:42,2024-04-30T02:49:19Z,415
SES0009847,U00820,2024-05-15 13:08:20,2024-05-15T13:08:20Z,0
SES0009848,U00820,28/03/2024 22:28,2024-03-28T22:28:46Z,43
SES0009849,U00820,06/06/2024 07:28,2024-06-06T07:28:17Z,10
SES0009850,U00820,2024-03-12 05:11:46,2024-03-12T05:11:58Z,12
SES0009851,U00820,06/05/2024 15:48,2024-05-06T15:50:24Z,138
SES0009852,U00820,2024-02-13 06:15:08,2024-02-16T02:24:55Z,245387
SES0009853,U00820,2024-05-10 06:46:18,2024-05-10 06:47:02,44
SES0009854,U00820,05/04/2024 20:32,2024-04-05T20:47:24Z,910
SES0009855,U00821,2024-06-14 02:26:14,2024-06-14 02:26:22,8
SES0009856,U00821,2024-06-26T07:44:55Z,2024-06-28 05:30:06,164711
SES0009857,U00821,2024-06-23 19:31:31,2024-06-23 19:33:49,138
SES0009858,U00821,2024-06-24T22:42:55Z,2024-06-24 22:48:25,330
SES0009859,U00821,26/06/2024 05:11,26/06/2024 05:11,0
SES0009860,U00823,2024-03-29T22:00:54Z,2024-03-29T22:03:26Z,152
SES0009861,U00823,22/03/2024 16:03,22/03/2024 16:05,138
SES0009862,U00823,2024-03-21 22:55:44,2024-03-21 22:58:57,193
SES0009863,U00823,2024-04-02 07:27:15,02/04/2024 07:36,537
SES0009864,U00823,2024-03-28 06:52:34,2024-03-28T06:56:31Z,237
SES0009865,U00824,10/07/2023 15:31,2023-07-10 15:37:13,347
SES0009866,U00824,01/11/2023 21:56,2023-11-01T21:57:02Z,52
SES0009867,U00824,2023-09-27 19:20:57,2023-09-27 19:22:09,72
SES0009868,U00824,12/06/2023 11:36,2023-06-12T11:37:15Z,41
SES0009869,U00824,14/08/2023 00:25,2023-08-14T00:26:01Z,52
SES0009870,U00824,20/06/2023 01:25,20/06/2023 01:27,110
SES0009871,U00824,30/10/2023 13:18,2023-10-30T13:18:10Z,0
SES0009872,U00824,2023-08-01 06:37:15,01/08/2023 06:38,47
SES0009873,U00824,2023-08-02T08:34:13Z,02/08/2023 08:37,
SES0009874,U00824,2023-08-30 10:21:52,30/08/2023 10:22,N/A
SES0009875,U00824,14/06/2023 04:20,2023-06-14 04:22:30,115
SES0009876,U00824,26/08/2023 22:22,2023-08-26 22:26:59,N/A
SES0009877,U00824,2023-08-05T17:29:04Z,05/08/2023 17:32,234
SES0009878,U00824,2023-10-04 05:50:41,2023-10-04T05:51:06Z,25
SES0009879,U00824,12/11/2023 19:30,12/11/2023 19:31,13
SES0009880,U00824,2023-10-11 09:11:39,11/10/2023 09:14,143
SES0009881,U00824,11/06/2023 03:33,2023-06-11 03:35:19,118
SES0009882,U00824,2023-09-15T08:35:48Z,15/09/2023 08:36,70
SES0009883,U00824,14/07/2023 22:05,2023-07-14T22:06:39Z,72
SES0009884,U00824,2023-07-03T02:35:44Z,2023-07-03 02:36:11,27
SES0009885,U00826,2024-06-11T03:25:55Z,11/06/2024 03:25,0
SES0009886,U00826,04/04/2024 03:06,04/04/2024 03:06,35
SES0009887,U00826,2024-06-23T04:43:19Z,2024-06-23T04:56:52Z,813
SES0009888,U00828,19/11/2023 05:43,2023-11-22T16:23:55Z,297622
SES0009889,U00828,2023-11-14 22:32:22,2023-11-14T22:33:04Z,42
SES0009890,U00828,2023-11-16 23:44:40,16/11/2023 23:46,127
SES0009891,U00828,2023-11-23T08:43:02Z,2023-11-23T08:44:59Z,
SES0009892,U00828,13/11/2023 07:28,13/11/2023 07:42,815
SES0009893,U00828,23/11/2023 00:43,2023-11-23 00:45:40,116
SES0009894,U00828,16/11/2023 17:34,2023-11-16 17:39:08,284
SES0009895,U00828,2023-11-11 22:23:04,2023-11-11 22:25:36,152
SES0009896,U00828,2023-11-22 09:19:52,2023-11-22T09:20:24Z,32
SES0009897,U00828,2023-11-23T20:40:21Z,2023-11-23T20:41:19Z,58
SES0009898,U00828,21/11/2023 01:35,2023-11-21T01:37:03Z,113
SES0009899,U00828,11/11/2023 03:22,11/11/2023 03:23,73
SES0009900,U00828,2023-11-17T17:01:06Z,17/11/2023 17:01,46
SES0009901,U00828,2023-11-12 14:26:59,12/11/2023 14:39,776
SES0009902,U00828,2023-11-22 18:17:35,2023-11-22T18:18:31Z,56
SES0009903,U00828,2023-11-18 06:19:49,2023-11-18 06:28:41,532
SES0009904,U00828,24/11/2023 12:21,2023-11-24 12:23:32,100
SES0009905,U00828,2023-11-14T19:50:26Z,2023-11-14T19:55:40Z,314
SES0009906,U00828,2023-11-19 02:15:07,2023-11-19T02:17:57Z,170
SES0009907,U00828,19/11/2023 08:11,2023-11-19T08:21:44Z,609
SES0009908,U00828,24/11/2023 20:24,2023-11-24 20:38:23,819
SES0009909,U00828,2023-11-17 20:00:17,2023-11-17T20:01:01Z,44
SES0009910,U00828,2023-11-15 15:41:32,2023-11-15T15:43:34Z,122
SES0009911,U00828,18/11/2023 09:31,2023-11-18T09:39:06Z,457
SES0009912,U00828,2023-11-23T18:08:15Z,23/11/2023 18:09,70
SES0009913,U00828,2023-11-19 15:08:47,2023-11-19 15:25:23,996
SES0009914,U00828,2023-11-14T01:47:30Z,2023-11-14T01:58:16Z,646
SES0009915,U00828,2023-11-11T22:27:03Z,2023-11-11 22:29:40,157
SES0009916,U00828,2023-11-15 06:11:38,2023-11-15T06:19:35Z,477
SES0009917,U00828,13/11/2023 06:05,2023-11-13 06:26:34,1290
SES0009918,U00829,2023-02-09T15:11:54Z,2023-02-09T15:12:56Z,62
SES0009919,U00829,2023-02-09T16:25:08Z,2023-02-09 16:28:26,198
SES0009920,U00830,2023-03-01T16:39:13Z,2023-03-01T16:40:13Z,60
SES0009921,U00830,2023-03-24T02:27:33Z,2023-03-24 02:34:28,415
SES0009922,U00830,2023-02-22T22:21:32Z,2023-02-22T22:27:53Z,381
SES0009923,U00831,2024-05-15T15:53:05Z,15/05/2024 15:55,118
SES0009924,U00831,07/05/2024 13:46,2024-05-07 14:01:34,
SES0009925,U00831,2024-05-09T09:37:41Z,2024-05-09 09:40:34,173
SES0009926,U00831,2024-05-04 18:08:40,2024-05-04 18:08:54,14
SES0009927,U00831,2024-05-12 14:19:45,12/05/2024 14:27,456
SES0009928,U00832,2023-09-04 18:02:18,2023-09-04T18:39:13Z,2215
SES0009929,U00832,2023-09-18T20:04:13Z,18/09/2023 20:08,283
SES0009930,U00832,2023-09-24 07:40:03,2023-09-24T07:45:57Z,N/A
SES0009931,U00832,2023-09-12 13:53:10,2023-09-12 14:24:25,1875
SES0009932,U00832,2023-09-18 17:30:49,2023-09-18T17:31:07Z,18
SES0009933,U00832,2023-09-07T17:17:12Z,2023-09-07T17:19:18Z,126
SES0009934,U00832,05/09/2023 13:57,2023-09-05T13:58:13Z,N/A
SES0009935,U00832,06/09/2023 10:40,06/09/2023 10:42,100
SES0009936,U00832,2023-09-05 06:48:31,05/09/2023 06:49,69
SES0009937,U00832,2023-09-13 05:30:02,2023-09-13 05:35:43,341
SES0009938,U00833,15/05/2023 11:31,2023-05-15T11:31:58Z,34
SES0009939,U00833,06/06/2023 00:17,06/06/2023 00:20,184
SES0009940,U00833,2023-06-07T19:14:46Z,2023-06-07 19:18:48,242
SES0009941,U00833,2023-05-19T21:16:46Z,19/05/2023 21:16,0
SES0009942,U00833,01/06/2023 07:21,2023-06-01T07:30:05Z,503
SES0009943,U00833,23/05/2023 06:47,2023-05-23T06:47:37Z,0
SES0009944,U00833,25/05/2023 02:38,2023-05-25T02:38:11Z,8
SES0009945,U00833,2023-05-27T21:08:03Z,2023-05-27 21:18:21,618
SES0009946,U00833,2023-05-22T02:13:09Z,2023-05-22 02:16:42,213
SES0009947,U00833,03/06/2023 15:49,2023-06-03T15:51:47Z,115
SES0009948,U00834,2023-12-28 10:30:34,28/12/2023 10:34,228
SES0009949,U00834,2023-12-28T04:23:02Z,2023-12-28 04:33:49,647
SES0009950,U00834,2023-12-28T18:34:20Z,28/12/2023 20:53,8332
SES0009951,U00834,25/12/2023 23:11,2023-12-25T23:16:38Z,329
SES0009952,U00834,2023-12-25 19:28:10,25/12/2023 19:36,506
SES0009953,U00834,22/12/2023 05:26,2023-12-22T05:29:23Z,158
SES0009954,U00834,23/12/2023 17:34,23/12/2023 17:34,10
SES0009955,U00834,2023-12-22T08:13:53Z,22/12/2023 08:25,N/A
SES0009956,U00834,22/12/2023 01:06,2023-12-22 01:25:04,1089
SES0009957,U00834,2023-12-25T01:21:20Z,2023-12-25T01:28:58Z,458
SES0009958,U00834,2023-12-26 21:24:53,2023-12-26 21:26:20,87
SES0009959,U00834,2023-12-27 12:26:39,27/12/2023 12:32,344
SES0009960,U00834,2023-12-22 17:26:31,2023-12-22T17:29:11Z,160
SES0009961,U00834,2023-12-24 06:11:00,2023-12-24T06:18:07Z,427
SES0009962,U00834,2023-12-28T19:58:46Z,28/12/2023 19:58,N/A
SES0009963,U00834,26/12/2023 09:40,2023-12-26 09:44:18,226
SES0009964,U00834,2023-12-22T17:45:49Z,22/12/2023 17:48,155
SES0009965,U00834,2023-12-24T00:12:54Z,24/12/2023 00:17,247
SES0009966,U00834,2023-12-24 14:55:22,2023-12-24 15:31:46,2184
SES0009967,U00834,27/12/2023 04:03,2023-12-27T04:15:48Z,718
SES0009968,U00834,2023-12-25T17:08:50Z,2023-12-25 17:09:55,65
SES0009969,U00834,2023-12-26T21:55:19Z,26/12/2023 21:57,144
SES0009970,U00834,25/12/2023 23:49,25/12/2023 23:59,598
SES0009971,U00834,26/12/2023 19:07,2023-12-26 19:16:55,576
SES0009972,U00834,2023-12-26T16:12:08Z,26/12/2023 16:17,329
SES0009973,U00834,2023-12-24T10:23:37Z,24/12/2023 10:24,N/A
SES0009974,U00834,2023-12-27 08:18:24,27/12/2023 08:44,1581
SES0009975,U00834,2023-12-26T02:46:42Z,2023-12-26 02:49:02,140
SES0009976,U00834,2023-12-28 20:45:38,28/12/2023 20:54,523
SES0009977,U00834,2023-12-27 15:57:49,2023-12-27 15:58:22,N/A
SES0009978,U00834,2023-12-23 23:09:28,2023-12-23 23:10:03,35
SES0009979,U00834,23/12/2023 18:02,23/12/2023 18:02,23
SES0009980,U00834,23/12/2023 17:06,2023-12-23T17:09:57Z,N/A
SES0009981,U00834,2023-12-25T10:30:10Z,2023-12-25T10:32:29Z,139
SES0009982,U00834,24/12/2023 13:10,2023-12-24T13:10:43Z,29
SES0009983,U00834,2023-12-28 19:14:53,2023-12-28 19:20:30,337
SES0009984,U00834,2023-12-28T10:14:09Z,2023-12-28 10:18:07,238
SES0009985,U00834,2023-12-28 05:01:15,2023-12-28T05:01:32Z,
SES0009986,U00834,2023-12-28T22:30:50Z,28/12/2023 22:31,17
SES0009987,U00834,2023-12-27T03:03:25Z,2023-12-27 03:13:23,
SES0009988,U00835,2023-04-22T10:49:07Z,22/04/2023 10:55,368
SES0009989,U00835,2023-04-24 20:58:17,24/04/2023 21:02,268
SES0009990,U00835,2023-04-22T12:40:02Z,2023-04-22 12:41:48,106
SES0009991,U00835,2023-04-29T15:09:55Z,2023-05-02T20:01:39Z,276704
SES0009992,U00835,2023-04-27 22:03:27,2023-04-27 22:04:24,57
SES0009993,U00836,2024-02-18 18:18:54,2024-02-18 18:23:39,285
SES0009994,U00836,2023-12-23 06:43:31,2023-12-23T06:44:00Z,29
SES0009995,U00836,2024-02-05T21:37:08Z,05/02/2024 21:38,84
SES0009996,U00836,2024-02-23T20:32:46Z,2024-02-23 20:43:10,624
SES0009997,U00836,2023-09-08T00:21:41Z,2023-09-08T00:24:55Z,194
SES0009998,U00836,2024-01-14T16:31:39Z,2024-01-14T16:32:46Z,67
SES0009999,U00836,2023-10-14T13:44:30Z,2023-10-14 13:44:30,0
SES0010000,U00836,2023-10-17T01:27:21Z,2023-10-17 01:27:59,38
SES0010001,U00836,15/03/2024 03:03,2024-03-15T03:03:29Z,7
SES0010002,U00836,2023-11-19T02:09:49Z,19/11/2023 02:10,24
SES0010003,U00836,2023-09-08 02:07:17,2023-09-08 02:10:43,206
SES0010004,U00836,2024-04-08T16:20:20Z,2024-04-08T16:21:36Z,76
SES0010005,U00836,2024-02-11 23:30:36,2024-02-11T23:39:01Z,505
SES0010006,U00836,2024-04-19 20:24:14,2024-04-19T20:25:00Z,46
SES0010007,U00836,2023-12-02T03:59:49Z,02/12/2023 04:00,48
SES0010008,U00836,2023-09-28 02:20:43,2023-09-28T02:21:20Z,N/A
SES0010009,U00836,2023-11-28T00:39:13Z,2023-11-30T14:49:51Z,223838
SES0010010,U00836,2024-01-08T10:50:48Z,2024-01-08 10:51:48,60
SES0010011,U00836,2023-12-29 23:45:03,2023-12-29T23:46:03Z,60
SES0010012,U00836,01/04/2024 20:56,01/04/2024 20:57,55
SES0010013,U00836,27/02/2024 23:39,2024-02-27 23:40:15,40
SES0010014,U00836,2023-10-10 10:55:02,10/10/2023 10:58,
SES0010015,U00836,2024-02-19 03:26:27,2024-02-19T03:28:41Z,134
SES0010016,U00836,2023-09-24 15:42:49,2023-09-24T15:43:24Z,35
SES0010017,U00836,2023-12-06 23:05:03,2023-12-06T23:05:33Z,30
SES0010018,U00836,2023-06-09 12:52:35,2023-06-09 12:53:24,49
SES0010019,U00836,2023-06-02T00:14:20Z,2023-06-02T00:14:20Z,0
SES0010020,U00836,2024-02-05T21:41:31Z,2024-02-05T21:42:26Z,55
SES0010021,U00836,03/12/2023 13:49,2023-12-03 13:52:28,207
SES0010022,U00836,11/02/2024 14:12,11/02/2024 14:14,143
SES0010022,U00836,11/02/2024 14:12,11/02/2024 14:14,143
SES0010023,U00837,2023-04-17 03:26:31,17/04/2023 03:27,69
SES0010024,U00837,2023-04-15T07:16:37Z,15/04/2023 07:17,63
SES0010025,U00837,2023-04-16 01:07:36,2023-04-16 01:20:25,769
SES0010026,U00837,18/04/2023 03:55,2023-04-18 03:55:28,25
SES0010027,U00837,2023-04-15 11:32:10,2023-04-15 11:35:05,175
SES0010028,U00837,2023-04-19T16:56:27Z,19/04/2023 17:27,1872
SES0010029,U00837,2023-04-15 20:33:34,2023-04-15T20:36:05Z,151
SES0010030,U00837,2023-04-14 03:11:50,14/04/2023 03:12,67
SES0010031,U00837,2023-04-19 13:43:05,2023-04-19 13:43:09,4
SES0010032,U00837,2023-04-17T07:20:42Z,17/04/2023 07:21,23
SES0010033,U00837,13/04/2023 18:45,2023-04-13T18:45:58Z,0
SES0010034,U00837,2023-04-14T23:27:36Z,2023-04-14 23:35:11,455
SES0010035,U00837,2023-04-18T21:12:31Z,2023-04-18T21:13:49Z,78
SES0010036,U00837,18/04/2023 14:50,2023-04-18T14:50:56Z,46
SES0010037,U00837,18/04/2023 00:35,18/04/2023 00:37,112
SES0010038,U00837,2023-04-19 02:25:24,19/04/2023 02:27,138
SES0010039,U00837,2023-04-17T05:25:21Z,17/04/2023 05:29,229
SES0010040,U00837,2023-04-17 03:33:44,2023-04-17T03:34:03Z,19
SES0010041,U00837,2023-04-18 12:51:55,2023-04-18T13:14:25Z,1350
SES0010042,U00837,2023-04-18 19:39:42,2023-04-18T19:43:07Z,205
SES0010043,U00838,12/04/2023 21:27,2023-04-12 21:28:50,
SES0010044,U00839,2023-10-30T03:20:14Z,2023-10-30T03:23:25Z,191
SES0010045,U00839,2023-10-30T08:26:33Z,2023-10-30T08:29:00Z,147
SES0010046,U00839,26/10/2023 23:02,2023-10-26T23:05:02Z,149
SES0010047,U00840,2024-06-15T00:44:19Z,2024-06-15T00:45:02Z,43
SES0010048,U00840,2024-06-20 18:59:26,20/06/2024 19:10,654
SES0010049,U00840,2024-06-24T14:58:05Z,24/06/2024 14:58,42
SES0010050,U00840,01/06/2024 13:47,2024-06-01T13:47:04Z,3
SES0010051,U00840,19/06/2024 10:59,2024-06-19 11:05:27,348
SES0010052,U00840,2024-06-15 21:38:19,2024-06-15 21:38:19,0
SES0010053,U00840,2024-06-28 07:45:12,28/06/2024 07:45,32
SES0010054,U00840,2024-06-25T16:07:54Z,2024-06-25T16:17:27Z,573
SES0010055,U00840,2024-06-09T13:55:13Z,2024-06-09 13:55:56,43
SES0010056,U00840,2024-06-25T20:03:16Z,29/06/2024 03:54,287472
SES0010057,U00841,2024-06-24 04:47:13,2024-06-24T04:48:39Z,86
SES0010058,U00841,24/06/2024 08:35,2024-06-24 08:36:21,77
SES0010059,U00841,2024-06-26 21:02:05,26/06/2024 21:03,78
SES0010060,U00841,2024-06-29 11:41:17,2024-06-29T11:49:52Z,N/A
SES0010061,U00841,2024-06-25 20:39:08,2024-06-25 20:40:38,90
SES0010062,U00841,2024-06-26T00:52:53Z,2024-06-26 01:01:26,513
SES0010063,U00841,2024-06-29 23:10:43,29/06/2024 23:11,71
SES0010064,U00841,2024-06-21 04:29:36,2024-06-21T04:36:04Z,388
SES0010065,U00841,2024-06-29 00:19:06,29/06/2024 00:21,139
SES0010066,U00841,2024-06-23 00:23:32,2024-06-23T00:27:14Z,222
SES0010067,U00841,21/06/2024 03:32,21/06/2024 03:34,123
SES0010068,U00841,2024-06-29T09:42:37Z,2024-06-29T09:50:58Z,501
SES0010069,U00841,2024-06-25 22:35:56,25/06/2024 22:40,295
SES0010070,U00841,2024-06-21T00:58:16Z,2024-06-21T01:07:17Z,541
SES0010071,U00841,23/06/2024 15:59,23/06/2024 16:09,545
SES0010072,U00841,2024-06-26T14:42:53Z,2024-06-26T14:44:40Z,107
SES0010073,U00841,23/06/2024 03:09,2024-06-23T03:11:07Z,91
SES0010074,U00841,23/06/2024 11:29,2024-06-23 11:33:49,268
SES0010075,U00841,2024-06-25 07:31:17,2024-06-25 07:32:06,49
SES0010076,U00841,2024-06-27 12:14:18,2024-06-27T12:18:47Z,269
SES0010077,U00842,2023-07-31T00:54:15Z,31/07/2023 00:54,3
SES0010078,U00842,2023-04-27T18:39:01Z,2023-04-30 15:35:23,248182
SES0010079,U00843,19/06/2023 13:49,2023-06-22 18:58:44,277760
SES0010080,U00844,2023-08-23T14:07:53Z,23/08/2023 14:08,34
SES0010081,U00844,2023-08-26T21:35:11Z,26/08/2023 21:35,29
SES0010082,U00844,2023-08-26T19:50:06Z,26/08/2023 19:56,390
SES0010083,U00844,2023-08-26T15:58:52Z,2023-08-26T15:59:46Z,54
SES0010084,U00844,26/08/2023 10:03,26/08/2023 10:07,256
SES0010085,U00844,2023-08-28T11:09:04Z,28/08/2023 11:12,202
SES0010086,U00844,2023-08-28T06:43:44Z,2023-08-28T06:44:02Z,18
SES0010087,U00844,2023-08-27 07:18:46,27/08/2023 07:20,109
SES0010088,U00844,2023-08-28T22:47:34Z,28/08/2023 22:49,139
SES0010089,U00844,24/08/2023 05:07,2023-08-24T05:20:55Z,803
SES0010090,U00846,2023-08-13 14:05:48,2023-08-13 14:07:01,73
SES0010091,U00847,2024-04-21 04:18:49,2024-04-21 04:18:49,0
SES0010092,U00847,27/04/2024 00:25,2024-04-27 00:26:34,44
SES0010093,U00847,2024-04-27 01:52:39,2024-04-27T01:57:04Z,265
SES0010094,U00847,2024-06-01T21:40:10Z,2024-06-01T21:42:06Z,116
SES0010095,U00847,2024-05-28T14:21:03Z,2024-05-28 14:22:31,88
SES0010096,U00847,30/05/2024 20:03,2024-05-30 20:07:26,241
SES0010097,U00847,2024-06-25 15:57:28,25/06/2024 15:58,91
SES0010098,U00847,04/05/2024 17:22,2024-05-04 17:29:25,421
SES0010099,U00847,16/05/2024 00:16,2024-05-16 00:16:47,12
SES0010100,U00847,15/05/2024 19:53,2024-05-15 19:56:08,184
SES0010101,U00847,2024-05-26 04:09:22,26/05/2024 04:21,719
SES0010102,U00847,2024-06-22T01:16:07Z,22/06/2024 01:16,30
SES0010103,U00847,29/04/2024 18:32,2024-04-29 18:35:32,202
SES0010104,U00847,12/06/2024 04:56,12/06/2024 04:57,87
SES0010105,U00847,2024-06-24 18:04:55,2024-06-24 18:07:53,178
SES0010106,U00847,2024-05-22T19:56:31Z,2024-05-22 19:59:04,153
SES0010107,U00847,2024-04-27 23:43:22,2024-04-27T23:45:16Z,114
SES0010108,U00847,2024-05-06T23:54:22Z,2024-05-06T23:54:39Z,17
SES0010109,U00847,2024-05-23 17:58:39,2024-05-23 18:00:02,83
SES0010110,U00847,2024-06-15T03:58:14Z,2024-06-15T04:05:58Z,464
SES0010111,U00847,2024-04-21 04:42:29,2024-04-21T04:47:54Z,325
SES0010112,U00847,02/06/2024 12:50,02/06/2024 12:52,165
SES0010113,U00847,2024-06-19 05:04:38,2024-06-19 05:10:56,378
SES0010114,U00847,24/06/2024 21:22,24/06/2024 21:25,148
SES0010115,U00847,2024-06-25T23:47:18Z,25/06/2024 23:47,41
SES0010116,U00847,2024-05-01 15:20:52,01/05/2024 15:23,172
SES0010117,U00847,2024-05-22T16:05:06Z,2024-05-22T16:07:57Z,171
SES0010118,U00847,24/04/2024 15:27,2024-04-24T15:27:51Z,36
SES0010119,U00847,2024-06-26 03:12:30,26/06/2024 03:15,159
SES0010120,U00847,2024-05-05 16:05:16,05/05/2024 16:05,26
SES0010121,U00847,05/06/2024 11:27,05/06/2024 11:38,676
SES0010122,U00847,2024-06-27 14:02:11,2024-06-27 14:03:40,89
SES0010123,U00847,2024-05-27 08:45:16,27/05/2024 08:46,53
SES0010124,U00847,2024-05-07 16:55:13,2024-05-07T17:39:51Z,N/A
SES0010125,U00847,2024-06-14T02:14:15Z,14/06/2024 02:14,0
SES0010126,U00847,2024-05-04T00:03:36Z,2024-05-04T00:13:48Z,612
SES0010127,U00847,12/06/2024 18:36,12/06/2024 18:37,84
SES0010128,U00847,2024-06-14T10:39:41Z,2024-06-14T10:43:04Z,203
SES0010129,U00847,2024-05-03T08:28:03Z,2024-05-03T08:29:24Z,81
SES0010130,U00847,2024-06-12T08:20:59Z,12/06/2024 08:26,342
SES0010131,U00848,2023-10-11 00:54:32,11/10/2023 00:54,0
SES0010132,U00848,21/02/2024 17:06,21/02/2024 17:07,113
SES0010133,U00848,2023-12-27 12:01:07,2023-12-27 12:02:17,70
SES0010134,U00848,2024-03-07T05:43:19Z,2024-03-07 06:08:31,1512
SES0010135,U00848,2024-01-01T06:06:59Z,2024-01-01 06:11:21,262
SES0010136,U00848,01/01/2024 18:46,2024-01-01T18:54:12Z,449
SES0010137,U00848,2023-10-22 23:57:55,23/10/2023 00:00,144
SES0010138,U00848,22/03/2024 16:24,2024-03-22 16:25:42,71
SES0010139,U00848,14/12/2023 19:54,14/12/2023 19:58,231
SES0010140,U00848,2024-03-05T16:03:50Z,2024-03-05 16:04:48,58
SES0010141,U00848,2024-03-01T20:05:16Z,01/03/2024 20:06,66
SES0010142,U00848,2024-02-17 04:39:53,2024-02-17 04:42:33,160
SES0010143,U00848,2024-03-04T04:15:17Z,2024-03-04T04:18:23Z,186
SES0010144,U00848,2023-11-28T04:56:26Z,2023-11-28T04:57:01Z,35
SES0010145,U00848,31/10/2023 06:10,2023-10-31 06:13:02,152
SES0010146,U00848,2024-01-01 09:43:41,2024-01-01T09:45:26Z,N/A
SES0010147,U00848,12/12/2023 13:57,12/12/2023 14:15,1103
SES0010148,U00848,2023-10-28 23:59:31,2023-10-29 00:02:13,162
SES0010149,U00848,2024-03-21T13:32:39Z,2024-03-21 13:33:40,61
SES0010150,U00848,29/01/2024 11:12,29/01/2024 11:24,736
SES0010151,U00848,2023-10-21T14:16:15Z,2023-10-21 14:26:08,593
SES0010152,U00848,19/10/2023 20:52,2023-10-19T20:55:55Z,193
SES0010153,U00848,2023-10-17 02:28:27,17/10/2023 02:44,946
SES0010154,U00848,2024-01-10 22:59:24,2024-01-10T23:00:33Z,69
SES0010155,U00848,2024-04-02 05:04:10,02/04/2024 05:05,76
SES0010156,U00848,31/01/2024 23:41,2024-02-01 00:45:26,3850
SES0010157,U00848,2023-10-22 15:17:30,22/10/2023 15:22,316
SES0010158,U00848,2023-12-10T08:11:16Z,2023-12-10 08:22:12,656
SES0010159,U00848,07/02/2024 02:00,07/02/2024 02:02,136
SES0010160,U00848,30/11/2023 19:40,2023-11-30 19:44:00,232
SES0010161,U00848,21/02/2024 11:24,2024-02-21T11:25:21Z,35
SES0010162,U00848,2023-12-10T23:00:56Z,2023-12-10 23:00:56,0
SES0010163,U00848,2023-10-16 07:32:18,2023-10-16T07:34:22Z,124
SES0010164,U00848,23/12/2023 23:31,2023-12-23 23:43:19,
SES0010165,U00848,16/10/2023 00:31,2023-10-16T00:32:04Z,20
SES0010166,U00848,2024-03-03T06:50:03Z,2024-03-03T07:18:42Z,1719
SES0010167,U00848,2023-10-14 01:51:25,14/10/2023 01:52,42
SES0010168,U00848,2024-01-09 01:38:37,09/01/2024 01:41,149
SES0010169,U00848,20/01/2024 05:03,20/01/2024 05:03,0
SES0010170,U00848,15/02/2024 21:02,15/02/2024 21:03,27
SES0010171,U00849,2023-02-03 01:08:04,2023-02-03T01:14:17Z,373
SES0010172,U00849,04/02/2023 22:48,2023-02-04T22:49:42Z,51
SES0010173,U00849,08/02/2023 02:30,08/02/2023 02:32,112
SES0010174,U00849,2023-02-03 17:13:01,2023-02-03T17:26:09Z,788
SES0010175,U00849,2023-02-07T18:59:52Z,07/02/2023 19:09,599
SES0010176,U00849,04/02/2023 17:10,2023-02-04 17:18:49,N/A
SES0010177,U00849,2023-02-08 20:48:10,2023-02-08T20:49:50Z,100
SES0010178,U00849,07/02/2023 11:22,2023-02-07T11:25:19Z,N/A
SES0010179,U00849,2023-02-07T10:17:32Z,07/02/2023 10:33,932
SES0010180,U00849,2023-02-02 01:07:35,2023-02-02 01:08:07,32
SES0010181,U00850,2024-01-31T01:05:42Z,2024-01-31 01:07:17,95
SES0010182,U00850,05/11/2023 03:04,2023-11-05T03:09:34Z,275
SES0010183,U00850,2023-10-05 20:04:11,05/10/2023 20:05,62
SES0010184,U00850,2023-10-18T16:18:46Z,2023-10-18T16:19:20Z,34
SES0010185,U00850,2024-04-03 07:54:45,03/04/2024 08:27,1940
SES0010186,U00850,2024-05-31 20:05:38,02/06/2024 15:05,154808
SES0010187,U00850,2023-09-22 07:56:27,2023-09-22 07:57:33,66
SES0010188,U00850,02/04/2024 20:14,02/04/2024 20:27,798
SES0010189,U00850,2023-12-06T10:42:30Z,06/12/2023 10:43,41
SES0010190,U00850,2024-05-29T01:42:28Z,2024-05-29T01:43:21Z,53
SES0010191,U00851,05/05/2023 19:26,05/05/2023 19:27,71
SES0010192,U00851,2023-04-25 22:47:32,2023-04-25 22:49:29,117
SES0010193,U00851,2023-12-23 12:07:50,2023-12-23 12:09:31,101
SES0010194,U00851,21/06/2023 01:57,2023-06-21T02:02:09Z,295
SES0010195,U00851,2024-03-01 13:53:11,2024-03-01 13:55:17,126
SES0010196,U00851,03/01/2024 12:09,2024-01-03T12:09:51Z,27
SES0010197,U00851,2023-08-07 03:19:34,2023-08-07 03:21:12,98
SES0010198,U00851,2023-10-19 12:43:30,2023-10-19T12:43:35Z,5
SES0010199,U00851,2023-08-23 05:35:36,2023-08-23T05:36:02Z,26
SES0010200,U00851,08/01/2024 20:10,2024-01-08T20:12:10Z,119
SES0010201,U00851,2024-03-15 10:21:17,2024-03-15T10:22:16Z,59
SES0010202,U00851,11/06/2023 02:40,2023-06-11 02:48:43,468
SES0010203,U00851,31/03/2023 07:57,2023-03-31T07:57:24Z,0
SES0010204,U00851,2023-04-16T05:47:19Z,2023-04-16T05:54:45Z,446
SES0010205,U00851,2024-03-04 09:46:41,2024-03-04T09:46:57Z,16
SES0010206,U00851,2023-04-14T18:46:35Z,14/04/2023 18:47,74
SES0010207,U00851,2023-07-01T17:23:05Z,2023-07-01 17:30:08,423
SES0010208,U00851,2024-02-11T15:32:09Z,11/02/2024 15:40,490
SES0010209,U00851,01/04/2023 01:39,2023-04-01T01:44:07Z,272
SES0010210,U00851,12/01/2024 11:08,2024-01-12 11:08:34,0
SES0010211,U00853,22/03/2023 03:02,22/03/2023 03:03,18
SES0010212,U00853,2023-03-26 00:43:50,2023-03-26T00:46:32Z,162
SES0010213,U00853,2023-03-27T13:30:00Z,2023-03-27T13:33:59Z,239
SES0010214,U00853,2023-03-24 21:17:33,24/03/2023 21:19,119
SES0010215,U00853,2023-03-27 00:10:45,2023-03-27T00:12:59Z,134
SES0010216,U00853,2023-03-22 03:47:43,2023-03-22 03:52:57,314
SES0010217,U00853,2023-03-27T20:18:06Z,2023-03-27 20:19:01,55
SES0010218,U00853,22/03/2023 09:13,22/03/2023 09:19,390
SES0010219,U00853,2023-03-25T22:30:04Z,2023-03-25 22:33:52,228
SES0010220,U00853,2023-03-23 18:19:25,23/03/2023 18:22,185
SES0010221,U00854,2024-04-16 11:23:33,16/04/2024 11:25,145
SES0010222,U00854,27/01/2024 02:14,27/01/2024 02:16,168
SES0010223,U00854,16/04/2024 16:38,2024-04-16T16:39:17Z,50
SES0010224,U00854,2024-05-28T18:58:08Z,2024-05-28 19:00:14,126
SES0010225,U00854,2024-01-29 09:32:08,29/01/2024 09:35,217
SES0010226,U00854,2024-03-08 13:36:46,2024-03-08 13:44:07,441
SES0010227,U00854,18/04/2024 15:11,18/04/2024 15:23,
SES0010228,U00854,2024-04-01T19:32:47Z,01/04/2024 19:37,301
SES0010229,U00854,2024-05-07T20:43:25Z,2024-05-07 20:50:24,419
SES0010230,U00854,2024-06-15 19:14:14,2024-06-15 19:16:52,158
SES0010231,U00854,2024-03-18 20:12:17,18/03/2024 20:21,581
SES0010232,U00854,2024-02-26 23:23:50,2024-02-26 23:26:01,131
SES0010233,U00854,06/03/2024 08:50,2024-03-06T09:09:55Z,1164
SES0010234,U00854,29/05/2024 13:33,2024-05-29 13:35:46,145
SES0010235,U00854,2024-01-29T16:44:57Z,2024-01-29T16:47:05Z,128
SES0010236,U00854,2024-06-19T06:18:37Z,19/06/2024 06:18,13
SES0010237,U00854,2024-03-03 02:57:17,2024-03-03 03:19:21,1324
SES0010238,U00854,2024-05-20T23:05:38Z,2024-05-20T23:06:43Z,65
SES0010239,U00854,2024-04-28T03:36:44Z,28/04/2024 03:37,36
SES0010240,U00854,2024-03-02 03:30:15,2024-03-02T03:49:21Z,1146
SES0010241,U00854,2023-12-30T11:15:57Z,2023-12-30T11:18:51Z,174
SES0010242,U00854,2024-02-13T15:45:05Z,13/02/2024 15:55,617
SES0010243,U00854,2024-01-14 09:20:30,2024-01-14T09:21:04Z,34
SES0010244,U00854,2024-02-24T00:08:43Z,24/02/2024 00:08,0
SES0010245,U00854,14/05/2024 07:17,14/05/2024 07:20,130
SES0010246,U00854,2024-05-03T13:37:36Z,2024-05-03 13:48:15,639
SES0010247,U00854,2024-05-11 12:38:39,11/05/2024 12:39,69
SES0010248,U00854,2024-06-17T06:10:06Z,2024-06-17 06:12:46,160
SES0010249,U00854,2024-02-01T14:48:05Z,01/02/2024 14:49,64
SES0010250,U00854,04/06/2024 14:41,2024-06-04T14:41:28Z,0
SES0010251,U00854,2024-06-17 18:22:12,2024-06-17 18:27:00,288
SES0010252,U00854,2024-02-12T01:54:32Z,12/02/2024 01:56,113
SES0010253,U00854,28/02/2024 15:17,2024-02-28T15:18:23Z,80
SES0010254,U00854,2024-01-25T01:08:02Z,2024-01-25T01:08:28Z,26
SES0010255,U00854,04/04/2024 07:24,04/04/2024 07:25,91
SES0010256,U00854,2024-04-15T13:05:59Z,15/04/2024 13:08,170
SES0010257,U00854,2024-05-21T22:04:43Z,2024-05-21 22:08:04,201
SES0010258,U00854,13/02/2024 23:34,13/02/2024 23:36,85
SES0010259,U00854,12/05/2024 07:31,2024-05-15 06:13:18,254519
SES0010260,U00854,2024-03-05T03:43:22Z,05/03/2024 03:51,488
SES0010261,U00854,2024-06-10T23:40:57Z,10/06/2024 23:42,122
SES0010262,U00854,2024-01-17 01:29:51,2024-01-17T01:37:51Z,480
SES0010263,U00854,18/03/2024 13:59,2024-03-18T14:00:00Z,42
SES0010264,U00854,24/02/2024 11:13,24/02/2024 11:13,19
SES0010265,U00854,2024-04-22T03:37:21Z,2024-04-22 03:39:40,139
SES0010266,U00854,2024-01-26T07:26:10Z,2024-01-26T07:28:29Z,139
SES0010267,U00854,20/06/2024 10:18,2024-06-20T10:19:20Z,48
SES0010268,U00854,2024-06-20 05:55:42,20/06/2024 05:57,79
SES0010269,U00854,23/12/2023 13:28,23/12/2023 13:30,142
SES0010270,U00854,23/12/2023 16:45,23/12/2023 16:47,144
SES0010271,U00854,2024-06-06 11:32:47,2024-06-06 11:32:54,7
SES0010272,U00854,03/04/2024 14:47,2024-04-03 14:59:34,708
SES0010273,U00854,26/02/2024 23:51,27/02/2024 00:00,580
SES0010274,U00854,2024-05-25T15:27:58Z,25/05/2024 15:30,160
SES0010275,U00854,24/12/2023 01:35,2023-12-24T01:47:04Z,715
SES0010276,U00854,2024-01-23 14:07:15,2024-01-23T14:10:35Z,200
SES0010277,U00854,2023-12-23 16:48:26,2023-12-23 16:57:01,515
SES0010278,U00854,2024-06-01T12:42:08Z,2024-06-01 12:43:21,73
SES0010279,U00854,2023-12-30 11:47:35,2023-12-30 11:48:56,81
SES0010280,U00854,2024-01-31 01:07:47,31/01/2024 01:20,772
SES0010281,U00854,2024-02-15 04:11:40,2024-02-15T04:14:46Z,186
SES0010282,U00854,2024-01-16 04:58:22,2024-01-16 04:58:58,36
SES0010283,U00854,2024-04-25 03:29:58,25/04/2024 03:31,64
SES0010284,U00854,26/03/2024 19:22,2024-03-26T19:26:20Z,215
SES0010285,U00854,2024-03-01 20:01:26,01/03/2024 20:08,426
SES0010286,U00854,14/03/2024 19:10,2024-03-14T19:10:43Z,7
SES0010287,U00854,2024-01-30T18:51:10Z,2024-01-30 18:54:18,188
SES0010288,U00854,2024-04-11 18:25:37,2024-04-11T18:30:50Z,313
SES0010289,U00854,2024-06-06 00:17:36,2024-06-06 00:17:36,0
SES0010290,U00854,14/05/2024 05:20,2024-05-14T05:25:39Z,333
SES0010291,U00854,2024-03-21T13:35:09Z,21/03/2024 13:40,345
SES0010292,U00854,2024-06-28 18:58:21,28/06/2024 19:37,2364
SES0010293,U00854,05/05/2024 02:49,2024-05-05 02:50:36,55
SES0010294,U00854,08/04/2024 18:04,2024-04-08 18:05:38,57
SES0010295,U00854,09/03/2024 09:49,09/03/2024 09:50,42
SES0010296,U00854,2024-03-30 05:03:16,30/03/2024 05:06,183
SES0010297,U00854,01/03/2024 07:10,2024-03-01T07:16:27Z,329
SES0010298,U00854,2024-06-19 23:56:00,2024-06-19T23:58:41Z,N/A
SES0010299,U00854,2024-06-24 15:11:11,2024-06-24T15:13:51Z,160
SES0010300,U00854,2024-03-03 22:53:56,2024-03-06 15:57:00,234184
SES0010301,U00855,2023-01-31 23:26:03,31/01/2023 23:28,169
SES0010302,U00855,2023-01-31 19:13:53,2023-01-31T19:15:17Z,84
SES0010303,U00855,2023-01-31 17:52:13,2023-01-31T17:53:13Z,N/A
SES0010304,U00855,2023-02-06T20:29:49Z,2023-02-06T20:31:12Z,83
SES0010305,U00855,02/02/2023 09:56,2023-02-02 09:56:40,8
SES0010306,U00856,2024-02-18T19:42:34Z,2024-02-18T19:44:35Z,
SES0010307,U00856,2023-12-30T04:04:51Z,2023-12-30T04:05:42Z,51
SES0010308,U00856,27/12/2023 04:48,27/12/2023 04:49,43
SES0010309,U00856,2023-12-22T05:38:13Z,22/12/2023 05:39,87
SES0010310,U00856,14/12/2023 05:48,14/12/2023 05:49,55
SES0010311,U00856,2024-01-11 08:36:10,2024-01-11 08:39:20,190
SES0010312,U00856,26/12/2023 13:21,2023-12-26T13:21:24Z,0
SES0010313,U00856,15/02/2024 06:25,2024-02-15 06:28:17,153
SES0010314,U00856,2023-12-11T20:21:54Z,11/12/2023 20:21,0
SES0010315,U00856,2023-12-12T00:35:31Z,2023-12-12 00:35:55,24
SES0010316,U00856,2024-01-20T04:06:46Z,20/01/2024 04:12,348
SES0010317,U00856,24/12/2023 10:23,2023-12-24T10:26:39Z,196
SES0010318,U00856,17/02/2024 15:15,17/02/2024 15:23,522
SES0010319,U00856,01/01/2024 09:21,2024-01-01 09:22:47,70
SES0010320,U00856,2023-12-18T01:14:09Z,2023-12-18 01:20:07,358
SES0010321,U00856,14/12/2023 00:55,14/12/2023 00:56,54
SES0010322,U00856,15/12/2023 12:38,15/12/2023 12:43,297
SES0010323,U00856,12/02/2024 14:07,2024-02-12 14:13:01,322
SES0010324,U00856,2023-12-03T12:29:52Z,03/12/2023 12:31,72
SES0010325,U00856,30/12/2023 13:27,30/12/2023 13:31,228
SES0010326,U00856,2024-01-19 00:49:33,19/01/2024 00:49,13
SES0010327,U00856,2024-01-24T22:30:05Z,2024-01-24T22:30:46Z,41
SES0010328,U00856,2023-12-05T15:58:18Z,05/12/2023 16:00,150
SES0010329,U00856,27/12/2023 14:09,27/12/2023 14:11,100
SES0010330,U00856,2023-12-15 06:10:16,2023-12-15T06:13:06Z,170
SES0010331,U00856,2024-02-13T22:43:26Z,13/02/2024 23:35,3129
SES0010332,U00856,2023-12-14 21:51:23,2023-12-14T21:51:59Z,36
SES0010333,U00856,2024-02-20T07:08:54Z,2024-02-20 07:08:57,3
SES0010334,U00856,01/02/2024 10:00,2024-02-01 10:01:23,33
SES0010335,U00856,2023-12-16T02:40:42Z,16/12/2023 02:40,0
SES0010336,U00857,31/05/2024 09:26,2024-05-31T09:29:38Z,173
SES0010337,U00857,11/06/2024 23:56,2024-06-12T00:03:45Z,447
SES0010338,U00857,2024-06-27 19:31:54,27/06/2024 19:46,N/A
SES0010339,U00857,2024-06-25 17:47:32,2024-06-25 17:51:58,266
SES0010340,U00857,2024-06-04T14:51:35Z,2024-06-04 15:21:25,1790
SES0010341,U00858,2023-12-08T12:38:54Z,2023-12-08T12:44:10Z,316
SES0010342,U00859,2023-10-22T06:35:57Z,22/10/2023 06:37,63
SES0010343,U00859,2023-10-20 11:00:56,2023-10-20T11:07:10Z,374
SES0010344,U00859,2023-10-19T06:44:29Z,19/10/2023 06:47,205
SES0010345,U00860,2023-12-24 11:15:33,2023-12-24T11:15:53Z,20
SES0010346,U00860,2023-12-13 17:23:25,13/12/2023 17:28,311
SES0010347,U00860,2024-01-20 10:11:15,20/01/2024 10:12,98
SES0010348,U00860,2023-12-22T21:06:38Z,22/12/2023 21:07,39
SES0010349,U00860,06/01/2024 22:08,2024-01-06T22:10:29Z,
SES0010350,U00860,2023-12-27T20:57:22Z,27/12/2023 21:05,472
SES0010351,U00860,2023-11-15T09:51:41Z,2023-11-15 09:53:10,
SES0010352,U00860,31/01/2024 17:05,31/01/2024 17:06,76
SES0010353,U00860,02/02/2024 20:01,2024-02-02 20:07:40,343
SES0010354,U00860,2024-01-24 10:48:31,24/01/2024 10:59,676
SES0010355,U00863,2023-05-05 12:51:10,2023-05-05 12:53:47,157
SES0010356,U00863,08/05/2023 02:46,2023-05-08 02:47:35,64
SES0010357,U00864,02/12/2023 04:37,2023-12-02T04:38:03Z,59
SES0010358,U00864,2023-12-06 10:28:00,2023-12-06T10:58:08Z,1808
SES0010359,U00864,2023-11-09 04:20:42,2023-11-09 04:22:36,114
SES0010360,U00865,2024-01-15 22:38:48,15/01/2024 22:39,25
SES0010361,U00866,25/02/2023 00:40,2023-02-25T00:41:36Z,76
SES0010362,U00868,2023-07-15 16:12:32,2023-07-15 16:14:10,98
SES0010363,U00868,19/07/2023 06:13,2023-07-19 06:16:47,200
SES0010364,U00868,18/07/2023 16:10,18/07/2023 16:11,21
SES0010365,U00868,2023-07-16T12:44:15Z,2023-07-16 12:45:43,88
SES0010366,U00868,19/07/2023 16:43,2023-07-19 16:46:42,163
SES0010367,U00869,2023-05-31T09:31:07Z,2023-05-31T09:32:46Z,99
SES0010368,U00869,07/06/2023 21:50,2023-06-07 21:51:41,53
SES0010369,U00869,2023-07-20 04:25:54,2023-07-20T04:27:16Z,N/A
SES0010370,U00869,2023-06-30T13:11:04Z,2023-06-30T13:28:28Z,1044
SES0010371,U00869,2023-05-11 15:12:31,11/05/2023 15:34,1310
SES0010372,U00869,2023-07-25T09:48:39Z,2023-07-25 09:49:29,50
SES0010373,U00869,2023-05-20T09:16:05Z,2023-05-20 09:19:23,198
SES0010374,U00869,11/07/2023 02:59,11/07/2023 03:02,166
SES0010375,U00869,18/06/2023 09:10,18/06/2023 09:17,
SES0010376,U00869,2023-07-23T09:06:10Z,23/07/2023 09:07,83
SES0010377,U00869,25/06/2023 14:14,2023-06-25 14:31:34,1044
SES0010378,U00869,09/07/2023 04:49,2023-07-09T04:50:10Z,26
SES0010379,U00869,16/07/2023 03:57,16/07/2023 03:59,144
SES0010380,U00869,2023-05-07 10:30:09,2023-05-07 10:31:49,100
SES0010381,U00869,2023-05-13 15:46:27,2023-05-13 15:46:55,28
SES0010382,U00869,2023-06-12 12:54:56,2023-06-12 13:01:43,407
SES0010383,U00869,2023-04-30 13:15:30,30/04/2023 13:16,65
SES0010384,U00869,2023-05-28 20:31:36,28/05/2023 20:43,739
SES0010385,U00869,06/05/2023 02:38,2023-05-06T02:42:26Z,237
SES0010386,U00869,03/07/2023 15:51,2023-07-03T16:46:51Z,3292
SES0010387,U00869,2023-05-16T23:57:15Z,2023-05-16T23:58:26Z,71
SES0010388,U00869,12/06/2023 16:09,2023-06-12 16:12:13,175
SES0010389,U00869,2023-07-05 07:26:21,2023-07-05 07:28:32,131
SES0010390,U00869,2023-05-21 04:07:21,2023-05-21 04:08:34,73
SES0010391,U00869,2023-05-30 18:34:17,2023-05-30 18:48:58,N/A
SES0010392,U00869,2023-06-24 15:21:05,2023-06-24T15:23:12Z,127
SES0010393,U00869,2023-06-02T16:50:37Z,2023-06-02T16:54:49Z,252
SES0010394,U00869,18/07/2023 08:09,18/07/2023 08:39,1834
SES0010395,U00869,2023-07-09T10:13:43Z,09/07/2023 10:14,17
SES0010396,U00869,01/05/2023 17:56,01/05/2023 18:04,448
SES0010397,U00869,2023-07-25T13:51:43Z,2023-07-25T13:52:27Z,44
SES0010398,U00869,2023-04-29T22:29:06Z,2023-04-29T22:29:17Z,11
SES0010399,U00869,14/07/2023 06:08,14/07/2023 06:09,20
SES0010400,U00869,29/04/2023 06:53,2023-04-29T06:55:57Z,149
SES0010401,U00869,2023-05-28T16:14:23Z,28/05/2023 16:20,386
SES0010402,U00869,15/07/2023 04:03,2023-07-15T04:04:01Z,54
SES0010403,U00869,2023-06-08 08:39:13,2023-06-08T08:40:31Z,78
SES0010404,U00869,2023-05-23T18:41:00Z,23/05/2023 18:43,156
SES0010405,U00869,2023-07-08 06:53:29,2023-07-08 07:06:24,775
SES0010406,U00869,13/07/2023 17:33,13/07/2023 17:36,166
SES0010407,U00870,2023-05-24 21:33:13,2023-05-24T21:43:20Z,607
SES0010408,U00870,2023-03-08 23:03:42,2023-03-08 23:05:48,126
SES0010409,U00870,2023-01-12T04:59:15Z,2023-01-12 05:00:42,87
SES0010410,U00870,23/01/2023 22:17,2023-01-23T22:22:13Z,267
SES0010411,U00870,14/01/2023 04:07,2023-01-14T04:11:17Z,212
SES0010412,U00870,2023-03-16T18:22:36Z,2023-03-16 18:39:39,1023
SES0010413,U00870,2023-06-11T20:33:06Z,2023-06-11 21:12:37,2371
SES0010414,U00870,06/05/2023 03:25,06/05/2023 03:33,457
SES0010415,U00870,20/02/2023 13:35,2023-02-20T13:51:38Z,975
SES0010416,U00870,15/01/2023 21:49,2023-01-15 21:51:26,112
SES0010417,U00870,2023-02-18T18:24:17Z,2023-02-18 18:37:43,806
SES0010418,U00870,2023-02-22 16:22:46,2023-02-22 16:31:24,518
SES0010419,U00870,2023-02-07 13:09:25,2023-02-07T13:11:56Z,151
SES0010420,U00870,06/02/2023 08:44,06/02/2023 09:02,1074
SES0010421,U00870,2023-02-28T18:01:10Z,2023-02-28 18:04:00,170
SES0010422,U00870,2023-05-01T06:29:57Z,01/05/2023 06:36,384
SES0010423,U00870,27/06/2023 22:38,27/06/2023 22:40,150
SES0010424,U00870,2023-02-12T23:42:58Z,2023-02-12 23:49:59,421
SES0010425,U00870,2023-04-23T10:37:22Z,2023-04-23 10:40:45,203
SES0010426,U00870,27/02/2023 23:57,2023-02-27T23:59:27Z,135
SES0010427,U00870,27/02/2023 12:28,27/02/2023 12:31,170
SES0010428,U00870,2023-02-26T06:49:42Z,2023-02-26 06:50:42,60
SES0010429,U00870,2023-06-07T20:15:46Z,2023-06-07T20:16:34Z,48
SES0010430,U00870,2023-06-08 20:33:56,2023-06-08T20:34:34Z,38
SES0010431,U00870,2023-05-29T13:51:00Z,2023-05-29T13:53:07Z,127
SES0010432,U00870,26/02/2023 06:05,2023-02-26 06:05:37,30
SES0010433,U00870,19/01/2023 21:48,2023-01-21 22:49:36,176474
SES0010434,U00870,2023-05-20 15:54:37,2023-05-20 16:06:28,711
SES0010435,U00870,10/01/2023 04:08,2023-01-10T04:13:19Z,277
SES0010436,U00870,28/04/2023 16:19,2023-04-28 16:21:28,93
SES0010437,U00870,2023-06-18 08:20:14,2023-06-18T08:22:17Z,123
SES0010438,U00870,12/04/2023 01:05,12/04/2023 01:10,274
SES0010439,U00870,2023-04-10T06:09:40Z,2023-04-10 06:10:58,78
SES0010440,U00870,2023-04-06 10:25:49,06/04/2023 10:26,37
SES0010441,U00870,2023-05-13T06:25:58Z,13/05/2023 06:34,529
SES0010442,U00870,2023-04-17T10:30:23Z,17/04/2023 10:31,47
SES0010443,U00870,01/06/2023 22:46,01/06/2023 22:52,408
SES0010444,U00870,2023-07-06 14:49:20,06/07/2023 14:51,111
SES0010445,U00870,2023-06-19 15:18:37,2023-06-19T15:30:14Z,697
SES0010446,U00870,2023-02-08 11:03:37,2023-02-08T11:04:30Z,53
SES0010447,U00871,11/04/2023 20:58,11/04/2023 20:59,52
SES0010448,U00871,2023-03-05 05:05:00,05/03/2023 05:09,288
SES0010449,U00871,2023-07-01 14:16:48,2023-07-01 14:17:52,64
SES0010450,U00871,2023-04-22 08:54:29,2023-04-22T08:57:07Z,158
SES0010451,U00871,2023-04-24 22:05:32,2023-04-24T22:13:08Z,456
SES0010452,U00872,2023-12-12 03:42:56,2023-12-12T03:43:58Z,62
SES0010453,U00874,2024-01-09T12:58:37Z,2024-01-09 13:02:48,251
SES0010454,U00874,28/12/2023 21:29,2023-12-28 21:32:23,185
SES0010455,U00874,2023-12-26T13:58:09Z,26/12/2023 14:03,309
SES0010456,U00874,2024-01-06 16:10:55,2024-01-06 16:22:09,674
SES0010457,U00874,22/12/2023 19:19,2023-12-22 19:21:27,128
SES0010458,U00874,2024-01-12T20:38:15Z,2024-01-12 20:45:26,431
SES0010459,U00874,20/12/2023 12:47,2023-12-21T17:11:34Z,102264
SES0010460,U00874,2023-12-19 09:05:49,2023-12-19T09:05:49Z,0
SES0010461,U00874,2023-12-18 20:55:20,18/12/2023 20:57,112
SES0010462,U00874,2023-12-25 15:28:08,2023-12-25T15:29:21Z,73
SES0010463,U00874,11/01/2024 09:11,11/01/2024 09:13,92
SES0010464,U00874,2023-12-14T08:51:02Z,14/12/2023 08:56,316
SES0010465,U00874,2023-12-25T03:11:16Z,2023-12-25T03:15:23Z,247
SES0010466,U00874,2023-12-18 01:36:31,2023-12-18T01:56:46Z,1215
SES0010467,U00874,05/01/2024 07:36,2024-01-05T07:41:36Z,283
SES0010468,U00874,2023-12-25T22:14:55Z,2023-12-25T22:15:59Z,64
SES0010469,U00874,2024-01-09T16:20:31Z,2024-01-09 16:22:45,134
SES0010470,U00874,2024-01-07T16:23:50Z,2024-01-07T16:24:47Z,57
SES0010471,U00874,18/12/2023 13:19,2023-12-18 13:23:29,N/A
SES0010472,U00874,2023-12-26 06:06:51,2023-12-26 06:07:09,18
SES0010473,U00875,04/02/2024 11:55,04/02/2024 12:01,394
SES0010474,U00876,28/05/2024 23:39,2024-06-01T10:34:26Z,298523
SES0010475,U00876,2024-05-31 23:20:53,2024-05-31T23:22:13Z,80
SES0010476,U00876,2024-06-12T00:07:27Z,12/06/2024 00:08,71
SES0010477,U00876,10/06/2024 21:21,2024-06-10T21:21:45Z,32
SES0010478,U00876,2024-06-08 01:57:23,08/06/2024 01:57,25
SES0010479,U00877,2024-06-25T02:40:24Z,25/06/2024 02:43,195
SES0010480,U00877,31/05/2024 00:45,2024-05-31 01:01:35,979
SES0010481,U00877,2024-06-07T15:29:55Z,07/06/2024 15:30,64
SES0010482,U00877,2024-06-27T00:24:30Z,27/06/2024 00:27,209
SES0010483,U00877,2024-06-17T21:58:39Z,2024-06-17 21:59:21,42
SES0010484,U00877,2024-06-24 05:40:33,24/06/2024 05:41,31
SES0010485,U00877,2024-05-14 20:38:40,2024-05-14 20:40:18,98
SES0010486,U00877,2024-06-08 21:36:44,08/06/2024 21:39,195
SES0010487,U00877,2024-05-14 00:05:49,14/05/2024 00:07,128
SES0010488,U00877,2024-05-31 12:31:56,2024-05-31T12:32:16Z,20
SES0010489,U00877,2024-05-20 01:33:01,20/05/2024 01:36,190
SES0010490,U00877,12/06/2024 03:19,12/06/2024 03:19,0
SES0010491,U00877,2024-05-14 09:59:36,14/05/2024 10:02,171
SES0010492,U00877,2024-05-14 11:29:59,2024-05-14 11:31:21,82
SES0010493,U00877,2024-06-03T20:04:23Z,03/06/2024 20:05,50
SES0010494,U00877,2024-05-30T13:15:59Z,2024-05-30T13:17:26Z,87
SES0010495,U00877,14/06/2024 08:02,2024-06-14 08:03:02,52
SES0010496,U00877,2024-05-24 20:42:56,24/05/2024 20:45,129
SES0010497,U00877,2024-06-03 10:49:16,2024-06-03 11:02:11,775
SES0010498,U00877,31/05/2024 10:19,2024-05-31T10:25:04Z,315
SES0010499,U00879,02/03/2024 08:43,2024-03-02 08:44:54,83
SES0010500,U00879,21/05/2024 13:05,2024-05-21T13:08:01Z,173
SES0010501,U00879,2024-06-07T11:12:06Z,2024-06-07 11:21:39,573
SES0010502,U00879,2024-01-22 12:25:49,2024-01-22 12:27:00,71
SES0010503,U00879,13/02/2024 11:17,13/02/2024 11:18,48
SES0010504,U00879,2024-03-11T10:38:37Z,2024-03-11T10:40:27Z,110
SES0010505,U00879,08/03/2024 21:12,08/03/2024 21:12,10
SES0010506,U00879,2024-03-22 06:37:28,2024-03-22T06:39:19Z,111
SES0010507,U00879,23/12/2023 11:39,2023-12-23T11:46:55Z,427
SES0010508,U00879,2024-02-22 07:55:40,2024-02-22 07:55:45,5
SES0010509,U00879,2024-02-12T02:39:33Z,2024-02-12T02:40:25Z,52
SES0010510,U00879,2024-05-25 19:17:08,2024-05-25T19:33:23Z,975
SES0010511,U00879,2024-01-15 05:44:28,2024-01-15 05:44:28,0
SES0010512,U00879,28/06/2024 02:20,28/06/2024 02:22,116
SES0010513,U00879,2024-06-01 12:21:35,2024-06-01 12:34:20,765
SES0010514,U00879,19/06/2024 08:33,2024-06-19T08:34:40Z,70
SES0010515,U00879,2024-01-05 13:40:11,2024-01-05 13:43:26,195
SES0010516,U00879,2024-01-21 05:44:45,2024-01-21 05:46:40,115
SES0010517,U00879,2024-03-05 07:21:31,2024-03-05 07:22:20,49
SES0010518,U00879,2024-03-22 02:07:58,2024-03-22T02:18:45Z,647
SES0010519,U00879,2024-02-24T02:23:44Z,2024-02-24 02:27:19,215
SES0010520,U00879,07/06/2024 02:10,2024-06-07 02:15:54,344
SES0010521,U00879,2024-02-07 13:35:53,2024-02-07 13:42:19,386
SES0010522,U00879,2024-03-31T02:11:34Z,2024-03-31T02:12:45Z,71
SES0010523,U00879,2024-04-21T11:47:59Z,2024-04-21T11:51:15Z,196
SES0010524,U00879,15/05/2024 01:58,2024-05-15 02:04:45,353
SES0010525,U00879,09/04/2024 23:50,2024-04-10 00:00:49,647
SES0010526,U00879,2024-05-08T09:22:37Z,2024-05-08 09:27:04,267
SES0010527,U00879,2024-06-24T03:37:30Z,2024-06-24 03:39:18,108
SES0010528,U00879,2024-06-24 19:41:54,2024-06-24T19:45:23Z,209
SES0010529,U00879,2024-01-10T22:11:00Z,10/01/2024 22:14,222
SES0010530,U00879,2024-03-04 21:04:07,04/03/2024 21:04,3
SES0010531,U00879,22/12/2023 19:24,22/12/2023 19:34,564
SES0010532,U00879,2024-04-13T18:04:30Z,2024-04-13T18:08:27Z,237
SES0010533,U00879,2024-03-26T01:53:19Z,2024-03-26 01:55:04,105
SES0010534,U00879,2024-05-06T02:43:29Z,2024-05-06T02:47:27Z,238
SES0010535,U00879,2024-05-11 19:47:06,2024-05-11T19:47:57Z,51
SES0010536,U00879,2024-01-22T17:38:50Z,2024-01-22T17:41:10Z,140
SES0010537,U00879,2023-12-20 02:25:59,20/12/2023 02:28,171
SES0010538,U00879,06/04/2024 17:17,2024-04-06 17:19:06,
SES0010539,U00879,2024-06-29 19:39:31,29/06/2024 19:41,115
SES0010540,U00879,2024-06-17 20:33:08,2024-06-19 23:06:53,182025
SES0010541,U00879,2024-01-05 18:36:12,05/01/2024 18:37,53
SES0010542,U00879,21/02/2024 01:13,21/02/2024 01:15,129
SES0010543,U00879,2024-06-10T07:02:13Z,10/06/2024 07:02,22
SES0010544,U00879,06/01/2024 23:13,06/01/2024 23:26,773
SES0010545,U00879,19/03/2024 03:38,19/03/2024 03:40,133
SES0010546,U00879,2024-02-23T09:00:14Z,2024-02-23T09:03:18Z,184
SES0010547,U00879,2023-12-27 12:02:28,2023-12-27T12:04:27Z,119
SES0010548,U00879,2024-04-30 22:49:41,30/04/2024 22:52,170
SES0010549,U00879,2024-05-29T23:40:32Z,2024-05-29 23:45:07,275
SES0010550,U00879,2024-03-10T05:51:35Z,2024-03-10T05:52:26Z,51
SES0010551,U00879,2024-02-22 14:47:26,22/02/2024 14:48,58
SES0010552,U00879,2024-03-30T08:07:04Z,30/03/2024 08:07,24
SES0010553,U00879,08/02/2024 10:21,08/02/2024 10:23,72
SES0010554,U00879,2023-12-27 18:28:54,2023-12-30 11:49:33,235239
SES0010555,U00879,2024-01-11T05:38:11Z,2024-01-11T05:45:49Z,458
SES0010556,U00879,2024-05-30T09:25:59Z,2024-05-30 10:03:52,2273
SES0010557,U00879,05/05/2024 20:38,2024-05-05T20:38:32Z,11
SES0010558,U00879,15/02/2024 04:31,15/02/2024 04:55,1463
SES0010559,U00879,18/05/2024 02:58,2024-05-18 02:59:04,20
SES0010560,U00879,2024-02-21T09:48:01Z,21/02/2024 09:50,167
SES0010561,U00879,2024-02-24 21:06:49,2024-02-24 21:18:11,
SES0010562,U00879,20/06/2024 09:49,2024-06-20 09:49:30,15
SES0010563,U00879,08/05/2024 22:05,2024-05-08 22:21:25,933
SES0010564,U00879,2024-05-04T14:19:03Z,2024-05-04 14:19:05,2
SES0010565,U00879,12/02/2024 09:23,2024-02-12 09:24:29,77
SES0010566,U00879,26/05/2024 07:36,2024-05-26T07:37:06Z,30
SES0010567,U00879,2024-05-19 22:21:53,2024-05-19 22:25:11,198
SES0010568,U00879,2024-05-30T09:12:03Z,2024-05-30T09:13:27Z,84
SES0010569,U00879,29/03/2024 19:33,29/03/2024 19:33,33
SES0010570,U00879,2024-04-12T20:57:21Z,12/04/2024 20:58,62
SES0010571,U00879,2024-04-21T18:27:40Z,2024-04-21 18:31:22,222
SES0010572,U00879,2024-05-06T20:04:49Z,2024-05-06 20:06:04,75
SES0010573,U00879,2024-05-23T13:05:16Z,23/05/2024 13:12,406
SES0010574,U00879,2023-12-24T19:15:59Z,2023-12-24 19:32:41,
SES0010575,U00879,2024-03-28T16:49:45Z,2024-03-28T17:02:14Z,749
SES0010576,U00879,11/01/2024 12:45,11/01/2024 12:46,53
SES0010577,U00879,2024-04-30 06:12:11,2024-04-30T06:13:38Z,87
SES0010578,U00879,05/06/2024 19:21,2024-06-05T19:22:31Z,38
SES0010579,U00880,2024-04-09 00:47:22,2024-04-09T00:47:45Z,23
SES0010580,U00880,2024-06-15T17:19:59Z,2024-06-15T17:38:16Z,1097
SES0010581,U00880,2024-06-04 11:46:58,2024-06-04T11:49:12Z,134
SES0010582,U00880,2024-01-21T10:39:27Z,21/01/2024 10:43,265
SES0010583,U00880,2024-01-28 22:24:31,28/01/2024 22:25,62
SES0010584,U00881,2023-01-15T20:53:49Z,2023-01-15T20:56:23Z,154
SES0010585,U00881,14/01/2023 04:49,2023-01-14 05:01:11,722
SES0010586,U00881,2023-01-04T19:25:05Z,2023-01-04T19:36:05Z,660
SES0010587,U00881,08/01/2023 09:48,2023-01-08 09:51:17,186
SES0010588,U00881,09/01/2023 19:28,09/01/2023 19:30,93
SES0010589,U00881,2023-01-17 16:49:48,17/01/2023 16:51,86
SES0010590,U00881,2023-01-10 08:53:23,10/01/2023 09:06,798
SES0010591,U00881,2023-01-13 17:20:14,13/01/2023 17:25,334
SES0010592,U00881,2023-01-15 00:21:47,2023-01-15T00:23:31Z,104
SES0010593,U00881,09/01/2023 11:48,09/01/2023 11:50,87
SES0010594,U00881,2023-01-16 15:35:23,2023-01-16T16:04:58Z,1775
SES0010595,U00881,2023-01-08 10:33:01,2023-01-08T10:36:07Z,186
SES0010596,U00881,2023-01-12T22:09:36Z,2023-01-12T22:12:03Z,
SES0010597,U00881,14/01/2023 09:06,2023-01-16 13:44:35,189484
SES0010598,U00881,17/01/2023 15:31,2023-01-17 15:34:47,182
SES0010599,U00881,2023-01-09T22:53:07Z,2023-01-09 23:14:00,1253
SES0010600,U00881,14/01/2023 07:11,2023-01-14 07:11:33,14
SES0010601,U00881,2023-01-07 23:52:53,2023-01-08 00:39:37,2804
SES0010602,U00881,2023-01-11T21:41:31Z,11/01/2023 21:43,128
SES0010603,U00881,2023-01-07 05:26:40,2023-01-07 05:28:03,
SES0010604,U00881,06/01/2023 05:07,2023-01-06T05:08:39Z,75
SES0010605,U00881,2023-01-09T21:31:15Z,2023-01-09 21:48:50,1055
SES0010606,U00881,09/01/2023 16:37,09/01/2023 16:37,9
SES0010607,U00881,2023-01-15T17:12:28Z,2023-01-15 17:32:33,1205
SES0010608,U00881,17/01/2023 03:52,17/01/2023 03:55,171
SES0010609,U00881,2023-01-08 07:00:00,2023-01-08 07:00:44,44
SES0010610,U00881,14/01/2023 10:27,14/01/2023 10:30,183
SES0010611,U00881,2023-01-06T03:36:54Z,2023-01-06T03:37:33Z,39
SES0010612,U00881,2023-01-15 06:38:30,16/01/2023 15:38,118781
SES0010613,U00881,2023-01-07 06:18:25,2023-01-07T06:25:55Z,450
SES0010614,U00882,29/03/2024 17:27,29/03/2024 17:28,45
SES0010615,U00883,2024-03-03 21:21:47,03/03/2024 21:22,69
SES0010616,U00883,27/03/2024 03:48,27/03/2024 03:56,521
SES0010617,U00883,2024-02-20 21:32:21,20/02/2024 21:36,226
SES0010618,U00883,21/06/2024 03:25,2024-06-21 03:26:23,61
SES0010619,U00883,07/02/2024 13:18,2024-02-07 13:28:50,592
SES0010620,U00883,2024-06-19T11:03:55Z,19/06/2024 11:03,0
SES0010621,U00883,2024-04-18T18:04:03Z,2024-04-18 18:49:00,2697
SES0010622,U00883,2024-04-16T18:40:20Z,2024-04-16 18:45:05,285
SES0010623,U00883,20/03/2024 01:13,2024-03-20 01:14:38,69
SES0010624,U00883,02/03/2024 05:00,02/03/2024 07:59,10748
SES0010625,U00883,18/03/2024 10:30,2024-03-18T10:30:10Z,9
SES0010626,U00883,16/06/2024 13:22,2024-06-16 13:32:30,627
SES0010627,U00883,2024-02-06 17:06:05,2024-02-06 17:08:20,135
SES0010628,U00883,2024-03-22 14:01:05,2024-03-22 14:12:47,702
SES0010629,U00883,2024-04-09 13:38:04,2024-04-09 13:40:02,118
SES0010630,U00883,2024-05-20 19:43:11,2024-05-20 20:06:56,1425
SES0010631,U00883,2024-03-07 22:58:52,07/03/2024 23:08,555
SES0010632,U00883,2024-05-12 00:26:09,2024-05-12T00:27:14Z,65
SES0010633,U00883,2024-06-21T19:22:44Z,2024-06-21 19:24:21,97
SES0010634,U00883,2024-01-23 01:51:47,23/01/2024 01:58,418
SES0010635,U00883,2024-03-29 07:16:05,29/03/2024 07:16,19
SES0010636,U00883,2024-02-11 00:52:36,2024-02-11 01:01:13,517
SES0010637,U00883,2024-06-07 07:38:13,2024-06-07 07:38:39,26
SES0010638,U00883,19/04/2024 07:13,2024-04-19 07:14:03,45
SES0010639,U00883,05/04/2024 01:59,2024-04-05T01:59:18Z,0
SES0010640,U00883,2024-04-21 11:19:50,2024-04-21 11:21:03,73
SES0010641,U00883,29/04/2024 04:52,29/04/2024 04:52,0
SES0010642,U00883,2024-02-06 07:04:06,2024-02-06T07:05:37Z,N/A
SES0010643,U00883,2024-05-17T07:50:08Z,2024-05-17 07:50:08,0
SES0010644,U00883,16/06/2024 03:42,2024-06-16 03:43:04,59
SES0010645,U00883,31/05/2024 04:44,2024-05-31T04:44:29Z,0
SES0010646,U00883,18/03/2024 16:48,2024-03-18 16:50:29,140
SES0010647,U00883,13/04/2024 06:18,13/04/2024 06:28,627
SES0010648,U00883,2024-04-17 06:21:40,2024-04-17 06:25:19,219
SES0010649,U00883,2024-05-15T18:40:00Z,15/05/2024 19:04,1441
SES0010650,U00883,2024-04-20 10:38:40,2024-04-20 10:42:37,237
SES0010651,U00883,2024-06-01 23:26:25,01/06/2024 23:36,588
SES0010652,U00883,2024-05-04 06:46:23,2024-05-04 06:47:29,66
SES0010653,U00883,2024-04-26 05:24:01,2024-04-26 05:24:11,10
SES0010654,U00883,2024-03-30T12:47:11Z,30/03/2024 12:49,152
SES0010655,U00884,2023-06-25T21:17:59Z,2023-06-25 21:26:39,520
SES0010656,U00886,12/02/2023 08:42,2023-02-12T08:47:03Z,N/A
SES0010657,U00886,2023-02-12T11:05:54Z,12/02/2023 11:06,58
SES0010658,U00886,2023-02-09 14:38:11,2023-02-09 14:40:17,126
SES0010659,U00886,2023-02-12 17:43:19,12/02/2023 17:43,40
SES0010660,U00886,2023-02-13 02:24:34,2023-02-13 02:26:00,86
SES0010661,U00888,10/06/2024 00:48,2024-06-10T00:48:21Z,17
SES0010662,U00888,2024-05-06 17:27:56,06/05/2024 17:39,672
SES0010663,U00889,2024-02-16 12:27:52,2024-02-16T12:39:54Z,722
SES0010664,U00889,2024-02-20T03:31:11Z,2024-02-20 03:32:56,105
SES0010665,U00890,20/04/2023 11:28,2023-04-20 11:33:48,N/A
SES0010666,U00890,2023-04-21 14:51:22,2023-04-21T14:53:11Z,N/A
SES0010667,U00890,11/04/2023 02:43,11/04/2023 02:44,61
SES0010668,U00890,22/04/2023 01:38,22/04/2023 01:41,207
SES0010669,U00890,16/04/2023 21:40,2023-04-16 21:46:12,327
SES0010669,U00890,16/04/2023 21:40,2023-04-16 21:46:12,327
SES0010670,U00891,01/12/2023 20:17,2023-12-01 20:19:42,142
SES0010671,U00891,17/02/2024 07:34,2024-02-17T07:34:56Z,N/A
SES0010672,U00891,2024-02-05 12:38:32,05/02/2024 12:40,110
SES0010673,U00891,2024-01-28T05:23:30Z,28/01/2024 05:24,45
SES0010674,U00891,2023-12-15 07:06:41,2023-12-15 07:13:20,399
SES0010675,U00891,2023-12-21T15:39:14Z,2023-12-25 00:13:52,290078
SES0010676,U00891,13/01/2024 02:31,2024-01-14T02:45:15Z,87251
SES0010677,U00891,2024-02-08 22:21:18,08/02/2024 22:23,113
SES0010678,U00891,2024-02-13 02:42:29,2024-02-13 02:49:23,414
SES0010679,U00891,10/01/2024 01:09,2024-01-10T01:11:49Z,140
SES0010680,U00892,2023-08-24 01:38:09,2023-08-24 01:38:48,39
SES0010681,U00892,19/08/2023 21:11,19/08/2023 21:13,124
SES0010682,U00892,2023-08-06T18:44:11Z,2023-08-06 18:46:53,162
SES0010683,U00892,2023-08-12 14:52:09,12/08/2023 14:53,63
SES0010684,U00892,2023-08-18T19:17:01Z,18/08/2023 19:19,176
SES0010685,U00892,2023-08-05T16:06:48Z,2023-08-05 16:08:17,89
SES0010686,U00892,11/08/2023 13:49,13/08/2023 17:31,186123
SES0010687,U00892,2023-08-22 16:49:04,2023-08-22T16:49:04Z,0
SES0010688,U00892,28/08/2023 13:01,2023-08-28T13:03:36Z,106
SES0010689,U00892,2023-09-01 05:13:57,2023-09-01 05:40:33,1596
SES0010690,U00892,2023-08-21T17:07:18Z,21/08/2023 17:09,103
SES0010691,U00892,2023-08-22T21:05:43Z,2023-08-22 21:09:30,227
SES0010692,U00892,2023-08-11T05:00:42Z,2023-08-11 05:12:05,683
SES0010693,U00892,11/08/2023 09:20,2023-08-11 09:22:22,131
SES0010694,U00892,2023-08-13 20:52:06,2023-08-13T21:01:02Z,536
SES0010695,U00892,2023-08-28 21:27:21,2023-08-28 21:27:56,35
SES0010696,U00892,2023-08-09 19:15:00,2023-08-09T19:32:56Z,1076
SES0010697,U00892,16/08/2023 12:23,2023-08-16T12:23:53Z,14
SES0010698,U00892,2023-08-30 09:08:03,30/08/2023 09:11,209
SES0010699,U00892,14/08/2023 00:29,2023-08-14 00:29:36,23
SES0010700,U00892,2023-08-04T19:55:11Z,04/08/2023 19:58,208
SES0010701,U00892,2023-08-06T22:23:22Z,06/08/2023 22:43,1188
SES0010702,U00892,2023-08-30 14:37:53,2023-08-30T14:47:18Z,565
SES0010703,U00892,2023-08-29T09:15:55Z,2023-08-29 09:19:17,202
SES0010704,U00892,2023-08-04 22:39:30,2023-08-04T22:45:09Z,339
SES0010705,U00892,29/08/2023 12:12,29/08/2023 12:14,128
SES0010706,U00892,30/08/2023 03:48,2023-08-30T03:49:19Z,49
SES0010707,U00892,2023-08-28 07:23:11,28/08/2023 07:25,118
SES0010708,U00892,16/08/2023 01:12,2023-08-16T01:13:30Z,N/A
SES0010709,U00892,2023-08-15T06:15:15Z,2023-08-15 06:16:50,95
SES0010710,U00892,2023-08-31 15:31:12,31/08/2023 15:33,141
SES0010711,U00892,14/08/2023 23:18,14/08/2023 23:21,161
SES0010712,U00892,2023-08-29T18:55:44Z,2023-08-29T18:57:28Z,104
SES0010713,U00892,22/08/2023 19:58,22/08/2023 19:58,0
SES0010714,U00892,2023-08-29 11:26:35,2023-08-29 11:27:44,69
SES0010715,U00892,25/08/2023 22:37,2023-08-25 22:39:09,118
SES0010716,U00892,09/08/2023 18:06,2023-08-09T18:07:16Z,45
SES0010717,U00892,14/08/2023 21:48,14/08/2023 21:50,155
SES0010718,U00892,2023-08-14 14:51:29,2023-08-14 14:51:36,7
SES0010719,U00892,30/08/2023 06:01,30/08/2023 06:03,73
SES0010720,U00892,2023-08-23 02:28:39,23/08/2023 02:44,952
SES0010721,U00892,2023-08-29 01:12:55,29/08/2023 01:29,979
SES0010722,U00892,2023-08-29T19:46:49Z,29/08/2023 19:47,42
SES0010723,U00892,2023-08-16T01:10:48Z,2023-08-16T01:12:11Z,83
SES0010724,U00892,2023-08-21 18:52:49,2023-08-21T18:56:47Z,238
SES0010725,U00892,09/08/2023 06:23,09/08/2023 06:32,551
SES0010726,U00892,2023-08-15 15:43:23,2023-08-15T16:40:30Z,3427
SES0010727,U00892,11/08/2023 22:39,2023-08-11T22:41:26Z,99
SES0010728,U00892,2023-08-31 07:32:18,2023-08-31 07:32:40,22
SES0010729,U00892,2023-08-28 16:56:47,28/08/2023 17:01,295
SES0010730,U00892,04/08/2023 23:48,04/08/2023 23:49,61
SES0010731,U00892,08/08/2023 21:45,2023-08-08 21:48:21,180
SES0010732,U00892,27/08/2023 11:39,2023-08-27 11:43:33,246
SES0010733,U00892,11/08/2023 04:20,11/08/2023 04:20,41
SES0010734,U00892,03/08/2023 15:07,03/08/2023 15:10,202
SES0010735,U00892,2023-08-28 09:30:40,2023-08-28 09:34:29,229
SES0010736,U00892,2023-08-27 11:22:04,2023-08-27T11:23:14Z,70
SES0010737,U00892,25/08/2023 20:12,2023-08-25T20:12:31Z,0
SES0010738,U00892,2023-08-08T11:43:03Z,08/08/2023 11:48,304
SES0010739,U00892,2023-08-15 16:08:27,15/08/2023 16:09,88
SES0010740,U00892,2023-08-16 08:09:39,2023-08-16T08:16:08Z,389
SES0010741,U00892,2023-08-23 13:31:13,2023-08-23 13:32:38,85
SES0010742,U00892,24/08/2023 05:23,2023-08-24 05:25:47,N/A
SES0010743,U00892,2023-08-14T12:21:47Z,2023-08-14T12:22:59Z,72
SES0010744,U00892,2023-08-27 17:50:58,2023-08-27 17:53:02,124
SES0010745,U00892,2023-08-07T09:55:50Z,2023-08-07T10:01:07Z,317
SES0010746,U00892,06/08/2023 15:51,2023-08-06 15:52:17,74
SES0010747,U00892,2023-08-23 02:54:24,2023-08-23 03:02:30,486
SES0010748,U00892,2023-08-10T10:53:36Z,2023-08-10T11:08:22Z,886
SES0010749,U00892,2023-08-14 15:51:54,14/08/2023 16:00,516
SES0010750,U00892,2023-08-15 05:21:22,2023-08-15T06:13:45Z,3143
SES0010751,U00892,2023-08-28 16:48:33,2023-08-28 16:51:00,147
SES0010752,U00892,2023-08-07 14:03:45,07/08/2023 14:04,35
SES0010753,U00892,08/08/2023 02:48,08/08/2023 03:00,718
SES0010754,U00892,2023-08-10T07:13:14Z,2023-08-10T07:19:41Z,387
SES0010755,U00892,24/08/2023 19:37,2023-08-24T19:42:20Z,261
SES0010756,U00892,2023-08-08 05:44:45,2023-08-08T05:47:05Z,140
SES0010757,U00892,2023-08-03 02:27:17,03/08/2023 02:28,54
SES0010758,U00892,01/09/2023 18:15,2023-09-01T18:15:49Z,0
SES0010759,U00892,27/08/2023 20:52,2023-08-27T20:59:14Z,N/A
SES0010760,U00893,2023-04-25T18:23:15Z,2023-04-25 18:28:53,338
SES0010761,U00893,15/04/2023 09:33,2023-04-15 09:38:46,296
SES0010762,U00894,2024-06-29T10:20:15Z,2024-06-29T10:40:37Z,1222
SES0010763,U00894,2024-06-29T19:49:47Z,2024-06-29 19:50:48,61
SES0010764,U00895,08/06/2023 10:14,08/06/2023 10:20,392
SES0010765,U00897,2024-05-14T04:46:20Z,2024-05-14T04:51:14Z,294
SES0010766,U00898,2024-06-15T01:54:20Z,15/06/2024 01:55,41
SES0010767,U00898,15/06/2024 16:09,2024-06-15T16:12:49Z,195
SES0010768,U00898,2024-06-28 00:23:14,2024-06-28T00:28:28Z,314
SES0010769,U00898,20/03/2024 11:09,2024-03-20T11:10:03Z,12
SES0010770,U00898,2024-05-22T07:44:10Z,22/05/2024 08:01,1048
SES0010771,U00899,2024-06-09T18:13:38Z,2024-06-09T18:14:47Z,69
SES0010772,U00899,09/06/2024 20:58,09/06/2024 21:04,355
SES0010773,U00899,10/06/2024 06:19,2024-06-10T06:22:00Z,129
SES0010774,U00900,2023-01-20 03:30:22,2023-01-20 03:30:49,27
SES0010775,U00900,15/01/2023 04:55,2023-01-15T04:55:31Z,17
SES0010776,U00900,2023-01-13T11:42:46Z,2023-01-13 11:44:37,111
SES0010777,U00900,2023-01-13 11:11:47,2023-01-13T11:49:31Z,2264
SES0010778,U00900,2023-01-18T20:26:44Z,18/01/2023 20:29,137
SES0010779,U00900,2023-01-24T07:20:03Z,2023-01-24 08:34:22,4459
SES0010780,U00900,2023-01-18 23:27:51,2023-01-18 23:35:51,480
SES0010781,U00900,2023-01-12 05:31:25,2023-01-12T05:34:26Z,181
SES0010782,U00900,2023-01-23 01:30:28,2023-01-23 01:30:47,N/A
SES0010783,U00900,17/01/2023 21:02,2023-01-17T21:04:40Z,154
SES0010784,U00900,21/01/2023 16:10,2023-01-21 16:10:56,40
SES0010785,U00900,2023-01-15T19:50:53Z,2023-01-15T19:54:00Z,187
SES0010786,U00900,2023-01-22 15:20:51,2023-01-22 15:23:10,139
SES0010787,U00900,18/01/2023 14:50,2023-01-18T15:04:08Z,818
SES0010788,U00900,21/01/2023 07:20,21/01/2023 07:28,456
SES0010789,U00900,14/01/2023 16:14,2023-01-14T16:17:04Z,154
SES0010790,U00900,2023-01-21 03:24:19,2023-01-21 03:38:39,860
SES0010791,U00900,2023-01-18T14:52:05Z,18/01/2023 14:54,145
SES0010792,U00900,2023-01-11T08:12:43Z,2023-01-11T08:16:40Z,237
SES0010793,U00900,19/01/2023 11:13,19/01/2023 11:14,33
SES0010794,U00900,2023-01-18T17:46:18Z,2023-01-18T17:46:41Z,23
SES0010795,U00900,2023-01-14 05:44:54,2023-01-14T05:48:37Z,223
SES0010796,U00900,2023-01-12T02:41:19Z,2023-01-12 02:45:15,236
SES0010797,U00900,2023-01-24 08:20:38,2023-01-24T08:22:48Z,130
SES0010798,U00900,2023-01-16 02:34:43,2023-01-16 02:38:09,206
SES0010799,U00900,23/01/2023 00:15,23/01/2023 00:19,206
SES0010800,U00900,2023-01-24 08:32:22,2023-01-24 08:32:50,28
SES0010801,U00900,2023-01-19T22:47:53Z,2023-01-19T22:56:46Z,533
SES0010802,U00900,2023-01-11 16:10:26,11/01/2023 16:30,1224
SES0010803,U00900,23/01/2023 01:05,23/01/2023 01:07,87
SES0010804,U00900,2023-01-17T12:36:45Z,2023-01-17T12:38:59Z,134
SES0010805,U00900,2023-01-19 05:50:43,19/01/2023 05:54,240
SES0010806,U00900,2023-01-15T23:29:12Z,2023-01-15 23:33:58,286
SES0010807,U00900,12/01/2023 15:37,2023-01-12T15:45:08Z,452
SES0010808,U00900,15/01/2023 04:43,2023-01-15T04:45:28Z,138
SES0010809,U00900,2023-01-19 02:42:27,2023-01-19T02:43:22Z,55
SES0010810,U00900,20/01/2023 18:02,2023-01-20T18:05:27Z,183
SES0010811,U00900,2023-01-23T21:48:38Z,2023-01-23 21:50:23,105
SES0010812,U00900,2023-01-19 08:34:15,2023-01-19T08:35:03Z,48
SES0010813,U00900,2023-01-15T12:48:25Z,2023-01-15T12:54:11Z,346
SES0010814,U00901,2023-04-25T11:26:03Z,25/04/2023 11:26,42
SES0010815,U00901,2023-04-26T12:52:51Z,26/04/2023 12:54,118
SES0010816,U00901,2023-04-25 13:24:52,2023-04-25T13:25:54Z,62
SES0010817,U00901,2023-04-28T23:24:52Z,2023-04-28 23:26:29,97
SES0010818,U00901,2023-04-29T06:46:33Z,29/04/2023 06:47,39
SES0010819,U00901,2023-04-24 18:56:53,24/04/2023 19:02,357
SES0010820,U00901,2023-04-25 10:40:47,25/04/2023 10:43,137
SES0010821,U00901,24/04/2023 15:03,2023-04-24 15:04:28,59
SES0010822,U00901,2023-04-26 21:56:58,2023-04-26 22:06:05,547
SES0010823,U00901,2023-04-28 22:25:16,28/04/2023 22:25,0
SES0010824,U00901,2023-04-25 17:49:53,2023-04-25 17:50:36,43
SES0010825,U00901,2023-04-24 13:35:16,2023-04-24T13:36:16Z,60
SES0010826,U00901,2023-04-23T13:43:59Z,2023-04-23T13:44:34Z,35
SES0010827,U00901,2023-04-28 16:43:10,28/04/2023 16:47,253
SES0010828,U00901,2023-04-26T18:46:14Z,2023-04-26T19:12:53Z,1599
SES0010829,U00901,24/04/2023 19:47,2023-04-24T19:54:37Z,451
SES0010830,U00901,2023-04-28 01:21:49,28/04/2023 01:53,1899
SES0010831,U00901,2023-04-25 06:10:59,2023-04-25 06:11:59,60
SES0010832,U00901,2023-04-28T13:10:31Z,2023-04-28 13:10:31,0
SES0010833,U00901,2023-04-25 05:27:12,25/04/2023 05:30,203
SES0010834,U00901,2023-04-26T00:00:01Z,2023-04-26 00:22:52,1371
SES0010835,U00901,26/04/2023 17:41,2023-04-26T17:43:14Z,77
SES0010836,U00901,2023-04-25T02:04:33Z,2023-04-25T02:08:14Z,221
SES0010837,U00901,2023-04-27 22:20:03,2023-04-27 22:22:38,155
SES0010838,U00901,27/04/2023 05:31,2023-04-27 05:40:00,
SES0010839,U00901,2023-04-24 16:46:49,2023-04-24 16:48:28,99
SES0010840,U00901,2023-04-26 10:58:53,2023-04-26 10:59:40,47
SES0010841,U00901,2023-04-26T02:54:27Z,2023-04-26 02:55:16,49
SES0010842,U00901,2023-04-23 07:15:02,2023-04-23T07:24:48Z,586
SES0010843,U00901,2023-04-25 06:52:03,2023-04-25T07:08:36Z,993
SES0010844,U00901,2023-04-28T18:01:51Z,2023-04-28T18:01:58Z,7
SES0010845,U00901,23/04/2023 03:35,23/04/2023 03:45,596
SES0010846,U00901,2023-04-24T13:26:45Z,2023-04-24 13:33:57,432
SES0010847,U00901,2023-04-23T11:39:16Z,23/04/2023 11:40,57
SES0010848,U00901,2023-04-24T08:01:56Z,2023-04-24T08:02:34Z,38
SES0010849,U00901,2023-04-26T17:56:02Z,26/04/2023 17:57,63
SES0010850,U00901,2023-04-26 10:21:45,26/04/2023 10:58,2206
SES0010851,U00901,2023-04-29 15:15:04,29/04/2023 15:18,185
SES0010852,U00901,26/04/2023 02:59,26/04/2023 02:59,17
SES0010853,U00901,26/04/2023 08:20,26/04/2023 08:25,322
SES0010853,U00901,26/04/2023 08:20,26/04/2023 08:25,322
SES0010854,U00902,2023-08-14T20:45:57Z,2023-08-14 20:46:57,60
SES0010855,U00902,20/08/2023 17:08,2023-08-20T17:09:33Z,38
SES0010856,U00903,2024-06-28 07:32:33,2024-06-28T07:45:38Z,785
SES0010857,U00903,2024-06-24T17:38:17Z,24/06/2024 17:39,N/A
SES0010858,U00904,2023-12-28 02:09:43,2023-12-28T02:36:49Z,1626
SES0010859,U00904,2023-10-14T20:25:55Z,2023-10-14 20:27:39,104
SES0010860,U00904,2023-10-17 20:40:01,2023-10-17 20:44:44,283
SES0010861,U00904,2023-12-24 06:01:16,2023-12-24 06:05:01,225
SES0010862,U00904,2023-11-26T23:59:16Z,2023-11-27 00:06:38,442
SES0010863,U00904,2023-11-16 18:44:31,16/11/2023 18:45,44
SES0010864,U00904,05/12/2023 02:55,05/12/2023 03:15,1142
SES0010865,U00904,13/12/2023 00:45,2023-12-13T00:46:37Z,57
SES0010866,U00904,2023-10-17 09:53:15,17/10/2023 09:58,318
SES0010867,U00904,2023-10-28T20:03:34Z,2023-10-28T20:08:50Z,316
SES0010868,U00905,2024-05-22T10:11:49Z,22/05/2024 10:11,0
SES0010869,U00906,2023-10-24T19:26:47Z,2023-10-24T19:28:58Z,131
SES0010870,U00906,2023-10-24T20:07:02Z,2023-10-24T20:08:11Z,69
SES0010871,U00906,2023-10-24T02:08:29Z,24/10/2023 02:08,22
SES0010872,U00906,2023-10-24 16:08:17,2023-10-24T16:08:17Z,0
SES0010873,U00906,2023-10-24T19:09:27Z,2023-10-24 19:14:42,315
SES0010874,U00907,21/03/2024 20:35,21/03/2024 20:40,317
SES0010875,U00907,02/04/2024 03:56,2024-04-03T16:14:31Z,130652
SES0010876,U00907,2024-03-31T13:32:56Z,2024-03-31 13:33:15,19
SES0010877,U00907,2024-03-07T22:13:47Z,2024-03-07T22:33:33Z,1186
SES0010878,U00907,2024-03-06T23:37:30Z,06/03/2024 23:37,20
SES0010879,U00907,10/03/2024 07:19,2024-03-10 07:22:25,179
SES0010880,U00907,2024-03-20 19:32:46,2024-03-20 19:34:00,74
SES0010881,U00907,2024-03-19T09:32:03Z,2024-03-19 09:34:32,149
SES0010882,U00907,01/04/2024 17:14,01/04/2024 17:31,
SES0010883,U00907,06/03/2024 16:46,06/03/2024 16:48,112
SES0010884,U00908,08/06/2023 03:35,08/06/2023 03:39,215
SES0010885,U00909,2024-05-19 17:30:08,2024-05-19T17:32:23Z,135
SES0010886,U00909,31/05/2024 16:57,2024-05-31 16:59:24,130
SES0010887,U00909,2024-05-14 13:08:32,14/05/2024 13:58,2999
SES0010888,U00909,2024-05-23T06:44:15Z,2024-05-23T06:55:21Z,666
SES0010889,U00909,2024-05-11 17:03:54,2024-05-11T17:08:38Z,284
SES0010890,U00909,2024-05-09 10:32:18,2024-05-09T10:47:36Z,918
SES0010891,U00909,2024-05-19 20:16:10,19/05/2024 20:18,163
SES0010892,U00909,2024-05-23 20:51:11,2024-05-23T20:51:30Z,19
SES0010893,U00909,03/06/2024 11:31,03/06/2024 11:44,749
SES0010894,U00909,2024-05-17 05:33:29,2024-05-17T05:37:33Z,244
SES0010895,U00909,2024-06-06 15:52:35,2024-06-06T15:53:54Z,79
SES0010896,U00909,15/05/2024 20:10,2024-05-15T20:13:02Z,131
SES0010897,U00909,2024-06-03T18:47:36Z,06/06/2024 04:16,206942
SES0010898,U00909,26/05/2024 22:43,2024-05-26T22:45:50Z,141
SES0010899,U00909,2024-05-17 07:03:37,17/05/2024 07:04,36
SES0010900,U00909,2024-06-07T03:17:41Z,2024-06-07T03:19:41Z,120
SES0010901,U00909,28/05/2024 06:41,2024-05-28T06:41:47Z,35
SES0010902,U00909,02/06/2024 19:50,02/06/2024 19:52,96
SES0010903,U00909,2024-05-13T15:24:18Z,13/05/2024 15:28,254
SES0010904,U00909,2024-05-15T15:05:36Z,2024-05-15 15:14:11,515
SES0010905,U00909,2024-05-20 14:39:04,20/05/2024 14:42,181
SES0010906,U00909,2024-05-26 02:14:51,2024-05-26T02:19:20Z,269
SES0010907,U00909,2024-05-12 15:28:14,2024-05-12T15:39:25Z,671
SES0010908,U00909,2024-05-19T05:16:42Z,2024-05-19T05:18:23Z,101
SES0010909,U00909,24/05/2024 02:23,2024-05-24T02:25:18Z,83
SES0010910,U00909,13/05/2024 07:27,13/05/2024 07:27,42
SES0010911,U00909,2024-05-25 02:50:11,2024-05-25T02:52:06Z,115
SES0010912,U00909,19/05/2024 18:46,19/05/2024 18:46,0
SES0010913,U00909,12/05/2024 19:47,2024-05-12T19:47:55Z,41
SES0010914,U00909,2024-06-06T15:25:12Z,2024-06-06T15:28:52Z,220
SES0010915,U00909,2024-05-11 16:43:25,2024-05-11 16:51:12,
SES0010916,U00909,2024-06-06 09:18:02,2024-06-06 09:21:39,217
SES0010917,U00909,2024-05-12T03:41:50Z,12/05/2024 03:43,N/A
SES0010918,U00909,2024-06-07 09:21:03,07/06/2024 09:24,192
SES0010919,U00909,2024-05-13 02:03:42,2024-05-13T02:05:06Z,84
SES0010920,U00909,2024-05-31T05:00:27Z,2024-05-31 05:00:27,0
SES0010921,U00909,2024-06-02 22:24:18,02/06/2024 23:18,3239
SES0010922,U00909,2024-05-29 22:24:32,2024-05-29 22:25:53,81
SES0010923,U00909,15/05/2024 19:03,2024-05-15 19:04:25,31
SES0010924,U00909,2024-05-28 18:00:55,2024-05-28T18:01:46Z,51
SES0010925,U00909,2024-05-11T04:47:47Z,11/05/2024 05:26,2293
SES0010926,U00909,2024-05-25 08:30:52,25/05/2024 08:34,205
SES0010927,U00909,11/05/2024 16:30,2024-05-11 16:30:08,0
SES0010928,U00909,30/05/2024 14:39,2024-05-30 14:50:43,661
SES0010929,U00909,2024-05-23 14:03:15,2024-05-23T14:04:13Z,58
SES0010930,U00909,2024-05-21T14:59:03Z,21/05/2024 14:59,53
SES0010931,U00909,2024-05-20T04:00:36Z,20/05/2024 04:04,256
SES0010932,U00909,2024-05-18 08:46:18,18/05/2024 08:49,179
SES0010933,U00909,31/05/2024 22:58,2024-05-31 23:00:11,121
SES0010934,U00909,2024-05-30T04:35:45Z,2024-05-30T04:37:44Z,119
SES0010935,U00909,2024-05-12T05:07:17Z,12/05/2024 05:07,31
SES0010936,U00909,2024-05-16T10:24:26Z,2024-05-16 10:25:38,72
SES0010937,U00909,2024-06-07 17:54:28,2024-06-07T18:59:44Z,3916
SES0010938,U00909,2024-05-09 14:20:04,2024-05-09 14:22:27,143
SES0010939,U00909,2024-05-16T12:34:13Z,2024-05-16T12:41:07Z,414
SES0010940,U00909,2024-05-14T07:37:00Z,2024-05-14T07:38:11Z,71
SES0010941,U00909,2024-05-21T17:39:26Z,21/05/2024 17:59,1220
SES0010942,U00909,2024-05-31T10:36:02Z,2024-05-31T10:36:28Z,26
SES0010943,U00909,2024-05-10T15:50:17Z,2024-05-10 15:51:57,100
SES0010944,U00909,10/05/2024 02:29,10/05/2024 02:30,13
SES0010945,U00909,31/05/2024 13:09,2024-05-31 13:10:15,
SES0010946,U00909,2024-05-29T06:01:10Z,2024-05-29 06:09:44,514
SES0010947,U00909,2024-05-17 11:43:35,17/05/2024 11:44,37
SES0010948,U00909,09/05/2024 03:36,2024-05-09 03:36:51,43
SES0010949,U00909,2024-05-11T15:32:20Z,2024-05-11T15:36:00Z,220
SES0010950,U00909,2024-05-10T20:48:39Z,2024-05-10 20:49:04,25
SES0010951,U00909,2024-05-24T18:23:27Z,2024-05-24T18:24:25Z,58
SES0010952,U00909,16/05/2024 14:51,16/05/2024 14:53,141
SES0010953,U00909,2024-05-20T19:10:19Z,20/05/2024 19:11,74
SES0010954,U00909,2024-06-02 21:21:01,2024-06-02T21:23:54Z,173
SES0010955,U00909,2024-05-18 00:55:25,2024-05-18 01:01:28,363
SES0010956,U00909,2024-05-24 11:44:29,24/05/2024 11:45,78
SES0010957,U00909,15/05/2024 23:41,15/05/2024 23:43,N/A
SES0010958,U00909,2024-05-10T07:05:33Z,2024-05-10 07:07:14,101
SES0010959,U00909,2024-05-20 05:16:27,2024-05-20 05:17:39,
SES0010960,U00909,2024-05-18 21:19:48,18/05/2024 21:38,1129
SES0010961,U00909,2024-05-26 02:52:06,2024-05-26 02:55:53,227
SES0010962,U00909,2024-05-20 17:10:42,2024-05-24T02:05:38Z,291296
SES0010963,U00909,2024-05-20T09:31:05Z,20/05/2024 09:46,954
SES0010964,U00909,2024-05-24 13:10:45,24/05/2024 13:24,807
SES0010965,U00910,2024-04-09T02:32:26Z,2024-04-09 02:37:18,292
SES0010966,U00910,06/04/2024 02:08,06/04/2024 02:16,470
SES0010967,U00910,2024-04-07 08:53:05,2024-04-07 08:57:47,282
SES0010968,U00910,04/04/2024 06:22,04/04/2024 06:30,449
SES0010969,U00910,05/04/2024 12:35,2024-04-05 12:39:34,225
SES0010970,U00910,2024-04-10T10:27:06Z,10/04/2024 10:28,87
SES0010971,U00910,2024-04-06 12:31:45,06/04/2024 12:32,N/A
SES0010972,U00910,2024-04-04 15:41:26,04/04/2024 15:46,284
SES0010973,U00910,08/04/2024 23:52,2024-04-08 23:52:53,31
SES0010974,U00910,2024-04-08 07:16:59,08/04/2024 07:18,80
SES0010975,U00911,2023-06-27 02:54:01,2023-06-27 02:57:37,216
SES0010976,U00912,2023-06-24 08:21:23,2023-06-24 08:23:19,116
SES0010977,U00912,2023-06-26T23:08:12Z,2023-06-26T23:10:40Z,148
SES0010978,U00912,14/08/2023 14:54,2023-08-14T14:54:49Z,43
SES0010979,U00912,07/07/2023 13:10,2023-07-07T13:24:13Z,833
SES0010980,U00912,2023-07-11 21:05:26,2023-07-11T21:06:58Z,92
SES0010981,U00912,2023-08-05T00:26:42Z,2023-08-05T00:32:32Z,350
SES0010982,U00912,20/07/2023 14:29,20/07/2023 14:31,165
SES0010983,U00912,2023-05-28T09:28:06Z,2023-05-28T09:29:31Z,85
SES0010984,U00912,2023-06-13T02:08:32Z,13/06/2023 02:10,134
SES0010985,U00912,2023-06-03 19:29:27,2023-06-03T19:43:41Z,854
SES0010986,U00912,20/07/2023 04:00,2023-07-20 04:01:42,45
SES0010987,U00912,2023-07-13T19:45:25Z,2023-07-13T19:46:29Z,64
SES0010988,U00912,23/07/2023 23:15,2023-07-23T23:18:41Z,201
SES0010989,U00912,2023-08-06T08:08:31Z,2023-08-06T08:08:38Z,
SES0010990,U00912,21/06/2023 09:38,21/06/2023 09:39,100
SES0010991,U00912,08/07/2023 13:42,08/07/2023 13:45,168
SES0010992,U00912,2023-06-21T11:19:46Z,21/06/2023 11:23,199
SES0010993,U00912,2023-07-29 13:46:22,29/07/2023 13:46,30
SES0010994,U00912,22/07/2023 15:10,2023-07-22 15:17:39,451
SES0010995,U00912,23/07/2023 14:22,23/07/2023 14:23,68
SES0010996,U00913,18/11/2023 22:04,2023-11-18 22:04:16,12
SES0010997,U00913,22/10/2023 21:27,2023-10-22 21:29:41,108
SES0010998,U00913,2023-11-10 07:51:24,2023-11-10 07:55:26,
SES0010999,U00913,2023-10-30T23:27:58Z,2023-10-30 23:33:46,348
SES0011000,U00913,2023-10-20 14:26:18,20/10/2023 14:27,82
SES0011001,U00913,2023-11-06 01:31:42,06/11/2023 01:48,1017
SES0011002,U00913,15/11/2023 02:31,2023-11-15T02:32:56Z,115
SES0011003,U00913,2023-11-08T10:45:51Z,08/11/2023 10:47,71
SES0011004,U00913,2023-11-13T06:02:08Z,13/11/2023 07:08,3995
SES0011005,U00913,08/11/2023 13:33,2023-11-08 13:33:49,15
SES0011006,U00914,2023-04-12T06:43:40Z,2023-04-12T06:44:30Z,50
SES0011007,U00914,2023-04-12T18:02:54Z,2023-04-12 18:10:42,468
SES0011008,U00914,2023-04-12T19:02:30Z,12/04/2023 19:06,262
SES0011009,U00914,2023-04-12 10:21:12,2023-04-12 10:22:44,92
SES0011010,U00914,12/04/2023 21:18,2023-04-12T21:24:28Z,N/A
SES0011011,U00914,2023-04-12T17:33:14Z,2023-04-12T17:34:45Z,91
SES0011012,U00914,2023-04-12 02:53:56,12/04/2023 02:55,72
SES0011013,U00914,12/04/2023 15:38,2023-04-12T15:40:22Z,86
SES0011014,U00914,2023-04-12 08:54:59,2023-04-12 08:59:38,279
SES0011015,U00914,2023-04-12 14:09:01,2023-04-12T14:11:30Z,149
SES0011016,U00915,06/02/2024 12:23,2024-02-06 12:23:54,44
SES0011017,U00915,2024-06-11T02:55:16Z,2024-06-11T02:55:57Z,41
SES0011018,U00915,27/10/2023 17:20,2023-10-27 17:21:22,69
SES0011019,U00915,2023-11-08T20:55:06Z,08/11/2023 21:08,794
SES0011020,U00915,2024-03-19 03:59:02,19/03/2024 04:00,108
SES0011021,U00915,2023-10-05 17:16:34,05/10/2023 17:20,250
SES0011022,U00915,07/02/2024 04:08,2024-02-10 05:59:01,265808
SES0011023,U00915,2024-03-30T10:40:44Z,2024-03-30T10:41:11Z,27
SES0011024,U00915,23/10/2023 14:20,23/10/2023 14:22,107
SES0011025,U00915,20/10/2023 03:38,2023-10-20T03:38:19Z,0
SES0011026,U00915,2024-02-22T02:21:21Z,2024-02-22T02:24:36Z,195
SES0011027,U00915,2023-11-10 09:05:08,2023-11-10 09:06:05,57
SES0011028,U00915,2024-01-08 07:53:25,2024-01-08T08:17:24Z,1439
SES0011029,U00915,2023-12-13 05:06:32,13/12/2023 05:11,284
SES0011030,U00915,22/09/2023 16:41,2023-09-22 16:53:45,757
SES0011031,U00915,2023-11-18T11:13:32Z,18/11/2023 11:14,
SES0011032,U00915,2023-12-23T01:00:57Z,23/12/2023 01:02,104
SES0011033,U00915,14/11/2023 05:29,2023-11-14 05:57:53,N/A
SES0011034,U00915,2024-04-18T04:01:39Z,2024-04-18 04:10:58,559
SES0011035,U00915,2024-06-23 10:55:32,23/06/2024 10:57,108
SES0011036,U00915,2024-05-23T06:32:57Z,23/05/2024 06:36,231
SES0011037,U00915,2024-02-24 08:33:34,24/02/2024 08:34,68
SES0011038,U00915,2024-05-13T20:11:14Z,2024-05-13T20:12:13Z,59
SES0011039,U00915,2023-10-19 17:18:46,19/10/2023 17:21,176
SES0011040,U00915,2023-09-20T17:07:35Z,20/09/2023 17:11,257
SES0011041,U00915,2023-09-18T08:47:54Z,18/09/2023 08:58,651
SES0011042,U00915,2024-04-21T18:53:12Z,2024-04-21 18:55:40,148
SES0011043,U00915,2024-01-31 06:14:36,31/01/2024 06:20,324
SES0011044,U00915,30/09/2023 01:42,30/09/2023 01:49,414
SES0011045,U00915,2024-03-22 17:05:24,2024-03-22 17:10:07,283
SES0011046,U00916,19/04/2024 11:50,2024-04-19T11:50:39Z,39
SES0011047,U00916,08/04/2024 08:45,2024-04-08T08:52:36Z,427
SES0011048,U00917,02/04/2024 13:17,02/04/2024 13:33,958
SES0011049,U00917,2024-02-03T04:24:22Z,03/02/2024 04:27,N/A
SES0011050,U00917,2024-04-11 21:43:12,2024-04-11 21:45:42,150
SES0011051,U00917,2024-02-22T03:35:32Z,2024-02-22 03:42:41,429
SES0011052,U00917,2024-03-06 02:03:05,06/03/2024 02:05,145
SES0011053,U00917,2024-02-17 12:20:23,2024-02-17T12:24:24Z,241
SES0011054,U00917,2024-03-26T15:03:33Z,2024-03-26 15:08:07,274
SES0011055,U00917,31/01/2024 13:22,2024-01-31T13:27:19Z,307
SES0011056,U00917,2024-02-15 04:41:37,2024-02-15 04:44:51,194
SES0011057,U00917,2024-02-01 09:24:35,01/02/2024 09:26,107
SES0011058,U00917,2024-04-01T17:28:01Z,2024-04-01T17:33:19Z,318
SES0011059,U00917,03/03/2024 08:41,03/03/2024 08:47,371
SES0011060,U00917,02/02/2024 16:08,02/02/2024 16:12,237
SES0011061,U00917,2024-04-11 13:58:39,2024-04-11 13:58:39,0
SES0011062,U00917,2024-04-07T03:00:09Z,2024-04-07T03:04:55Z,286
SES0011063,U00917,2024-02-26 18:38:41,26/02/2024 18:43,288
SES0011064,U00917,2024-04-12 10:06:31,12/04/2024 10:11,300
SES0011065,U00917,2024-02-09T14:46:57Z,2024-02-09 14:47:38,41
SES0011066,U00917,2024-03-09T08:32:29Z,2024-03-09T08:33:00Z,31
SES0011067,U00917,2024-01-28T15:19:34Z,2024-01-28T15:21:25Z,111
SES0011068,U00917,2024-04-13T21:55:04Z,2024-04-13 21:57:15,131
SES0011069,U00917,2024-02-28T00:57:55Z,2024-02-28 00:58:24,29
SES0011070,U00917,2024-04-05 13:52:44,2024-04-05T14:01:41Z,537
SES0011071,U00917,19/03/2024 21:12,19/03/2024 21:15,198
SES0011072,U00917,2024-04-10 11:04:36,2024-04-10T11:16:55Z,N/A
SES0011073,U00917,27/01/2024 07:50,27/01/2024 07:51,58
SES0011074,U00917,2024-03-29T16:57:38Z,2024-03-29 17:03:32,354
SES0011075,U00917,2024-04-13 19:30:38,2024-04-13 19:37:13,395
SES0011076,U00917,2024-01-27 08:54:15,27/01/2024 08:54,21
SES0011077,U00917,16/04/2024 16:13,2024-04-16T16:26:36Z,779
SES0011078,U00917,2024-01-25T14:04:20Z,25/01/2024 14:05,48
SES0011079,U00917,2024-01-19 22:14:02,19/01/2024 22:16,135
SES0011080,U00917,2024-03-01 01:17:50,2024-03-01T01:19:10Z,80
SES0011081,U00917,31/03/2024 16:29,31/03/2024 16:58,1711
SES0011082,U00917,14/04/2024 06:48,14/04/2024 06:48,N/A
SES0011083,U00917,2024-02-03T00:00:52Z,2024-02-03T00:06:49Z,357
SES0011084,U00917,2024-01-21T10:58:51Z,2024-01-21 11:03:42,291
SES0011085,U00917,05/03/2024 22:29,2024-03-05T22:30:40Z,94
SES0011086,U00917,2024-04-07 23:15:00,07/04/2024 23:18,239
SES0011087,U00917,12/02/2024 03:09,12/02/2024 03:15,338
SES0011087,U00917,12/02/2024 03:09,12/02/2024 03:15,338
SES0011088,U00918,2023-10-04 19:20:45,2023-10-04 19:23:10,145
SES0011089,U00918,17/09/2023 14:16,2023-09-17 14:17:44,87
SES0011090,U00918,2023-10-08T04:31:23Z,2023-10-08 04:32:31,68
SES0011091,U00918,2023-11-29 03:59:11,2023-11-29 03:59:47,36
SES0011092,U00918,2023-11-18T19:41:30Z,2023-11-18T19:43:39Z,129
SES0011093,U00918,2023-09-29 14:20:36,2023-09-29T14:35:18Z,882
SES0011094,U00918,23/11/2023 17:42,2023-11-23 17:48:13,323
SES0011095,U00918,2023-10-16T16:17:51Z,2023-10-16T16:19:04Z,73
SES0011096,U00918,2023-09-07 02:44:37,2023-09-07T02:45:41Z,64
SES0011097,U00918,2023-10-20 14:49:30,2023-10-20T14:57:11Z,461
SES0011098,U00918,24/09/2023 22:57,2023-09-24T22:58:48Z,84
SES0011099,U00918,2023-09-26 06:02:43,2023-09-26 06:09:28,405
SES0011100,U00918,2023-11-17T08:46:22Z,17/11/2023 08:47,97
SES0011101,U00918,2023-10-18 06:31:28,2023-10-18 06:33:31,123
SES0011102,U00918,2023-09-25 08:27:19,25/09/2023 08:27,28
SES0011103,U00918,2023-10-18 00:42:38,2023-10-18 00:48:11,333
SES0011104,U00918,2023-10-12T00:56:25Z,2023-10-12 01:02:50,385
SES0011105,U00918,2023-09-13 10:45:49,2023-09-13T10:46:52Z,63
SES0011106,U00918,2023-09-27 22:57:26,2023-09-27T23:02:15Z,289
SES0011107,U00918,2023-10-04 04:23:37,04/10/2023 04:25,113
SES0011108,U00918,2023-10-04 01:07:19,04/10/2023 01:07,21
SES0011109,U00918,2023-09-29 19:56:39,29/09/2023 20:02,N/A
SES0011110,U00918,23/11/2023 22:08,2023-11-23 22:10:29,133
SES0011111,U00918,27/11/2023 02:13,2023-11-27T02:41:24Z,1648
SES0011112,U00918,2023-10-25 17:14:08,25/10/2023 17:26,750
SES0011113,U00918,2023-10-06T21:30:04Z,06/10/2023 21:43,815
SES0011114,U00918,2023-11-14 01:52:52,2023-11-14T01:54:10Z,78
SES0011115,U00918,22/11/2023 23:05,2023-11-22T23:05:41Z,41
SES0011116,U00918,2023-11-21T05:29:16Z,2023-11-21 05:47:48,1112
SES0011117,U00918,04/10/2023 10:00,2023-10-04 10:08:35,458
SES0011118,U00918,2023-09-18 17:06:06,18/09/2023 17:10,234
SES0011119,U00918,2023-09-20T00:43:22Z,2023-09-20T00:45:23Z,121
SES0011120,U00918,2023-10-08 22:47:25,2023-10-08 23:04:16,1011
SES0011121,U00918,2023-09-21T15:54:24Z,2023-09-21 15:58:32,248
SES0011122,U00918,14/09/2023 17:05,2023-09-14T17:08:52Z,184
SES0011123,U00918,2023-10-20T00:53:53Z,2023-10-20T00:54:49Z,56
SES0011124,U00918,27/10/2023 20:40,27/10/2023 20:41,32
SES0011125,U00918,2023-09-16T14:58:27Z,2023-09-16 15:08:56,
SES0011126,U00918,29/09/2023 04:36,2023-09-29 04:39:05,170
SES0011127,U00918,2023-11-14 06:51:55,14/11/2023 06:52,10
SES0011128,U00918,18/11/2023 07:48,18/11/2023 07:50,144
SES0011129,U00918,2023-09-10T15:42:33Z,2023-09-10T15:46:23Z,230
SES0011130,U00918,2023-10-05T14:47:04Z,2023-10-05 14:52:26,322
SES0011131,U00918,2023-09-13 14:27:28,13/09/2023 14:30,
SES0011132,U00918,26/11/2023 18:22,26/11/2023 18:24,67
SES0011133,U00918,2023-09-26T08:00:05Z,2023-09-26T08:04:58Z,293
SES0011134,U00918,2023-11-26T06:22:20Z,2023-11-26T06:49:34Z,1634
SES0011135,U00918,29/11/2023 02:09,2023-11-29 02:10:47,50
SES0011136,U00918,06/11/2023 03:20,2023-11-06T03:21:02Z,57
SES0011137,U00918,08/11/2023 14:39,2023-11-08 14:39:55,41
SES0011138,U00918,2023-10-27 03:07:00,2023-10-27T03:08:39Z,99
SES0011139,U00918,13/09/2023 20:33,13/09/2023 20:33,5
SES0011140,U00918,2023-10-30T17:05:56Z,30/10/2023 17:08,159
SES0011141,U00918,2023-09-22 07:05:38,2023-09-22 07:12:02,384
SES0011142,U00918,2023-11-27 06:45:18,27/11/2023 06:59,871
SES0011143,U00918,2023-10-05 19:47:54,2023-10-05 19:48:51,57
SES0011144,U00918,2023-11-26T06:27:25Z,2023-11-26 06:32:04,279
SES0011145,U00918,2023-10-02 04:44:40,2023-10-02T04:47:16Z,156
SES0011146,U00918,2023-11-25 18:27:28,2023-11-25 18:31:57,269
SES0011147,U00918,03/11/2023 09:51,2023-11-03T09:58:06Z,375
SES0011148,U00918,2023-11-01T16:50:59Z,2023-11-01T16:56:23Z,324
SES0011149,U00918,2023-10-16T17:29:00Z,2023-10-16 17:30:29,89
SES0011150,U00918,2023-09-17T00:22:53Z,2023-09-17 00:23:37,
SES0011151,U00918,17/11/2023 23:56,17/11/2023 23:57,74
SES0011152,U00918,06/11/2023 06:27,2023-11-06T06:28:48Z,101
SES0011153,U00918,2023-09-13T04:43:00Z,2023-09-13T04:45:26Z,146
SES0011154,U00918,29/11/2023 23:17,2023-11-29 23:28:41,670
SES0011155,U00918,2023-10-02T19:15:27Z,2023-10-02 19:29:30,843
SES0011156,U00918,2023-11-14 15:16:58,2023-11-14 15:17:17,19
SES0011157,U00918,15/09/2023 00:53,15/09/2023 00:55,161
SES0011158,U00918,18/09/2023 12:32,2023-09-18 13:00:16,1685
SES0011159,U00918,2023-10-06 10:55:28,06/10/2023 10:56,61
SES0011160,U00918,04/11/2023 16:36,2023-11-04 16:37:34,91
SES0011161,U00918,2023-10-26 02:12:52,2023-10-26 02:13:26,34
SES0011162,U00918,2023-09-28 01:14:56,28/09/2023 01:15,N/A
SES0011163,U00918,2023-11-20 09:01:03,20/11/2023 09:02,96
SES0011164,U00918,2023-09-21 01:12:13,2023-09-21T01:38:17Z,1564
SES0011165,U00918,06/11/2023 19:51,06/11/2023 19:53,78
SES0011166,U00918,12/10/2023 15:20,2023-10-12T15:26:15Z,342
SES0011167,U00918,2023-11-16 16:11:53,2023-11-16T16:13:02Z,69
SES0011168,U00919,15/02/2024 12:25,2024-02-15 12:26:44,95
SES0011169,U00919,2024-02-19 22:47:26,19/02/2024 22:58,656
SES0011170,U00919,2024-02-15 12:52:44,2024-02-15T12:52:44Z,0
SES0011171,U00919,2024-02-27 16:18:54,2024-02-27 16:20:41,107
SES0011172,U00919,2024-02-24 00:44:56,2024-02-24T00:45:08Z,12
SES0011173,U00920,23/02/2024 10:13,2024-02-23 10:22:21,534
SES0011174,U00920,13/03/2024 21:03,2024-03-13T21:05:55Z,122
SES0011175,U00920,16/10/2023 01:04,2023-10-16T01:10:58Z,361
SES0011176,U00920,2023-12-19T18:26:56Z,2023-12-19T18:27:42Z,46
SES0011177,U00920,2023-12-30T15:19:11Z,30/12/2023 15:23,236
SES0011178,U00920,2023-11-13T11:14:20Z,2023-11-13 11:22:32,492
SES0011179,U00920,2024-03-28 19:42:51,28/03/2024 19:49,426
SES0011180,U00920,2023-11-14 13:42:17,2023-11-14T13:43:41Z,84
SES0011181,U00920,2024-02-09 23:34:11,2024-02-09 23:38:19,248
SES0011182,U00920,18/10/2023 14:57,2023-10-18T14:59:02Z,77
SES0011183,U00920,28/02/2024 13:00,28/02/2024 13:03,187
SES0011184,U00920,2023-12-21 03:45:09,21/12/2023 04:07,1345
SES0011185,U00920,14/01/2024 10:05,2024-01-14 10:09:26,263
SES0011186,U00920,2023-10-02T00:04:50Z,2023-10-02 00:05:05,15
SES0011187,U00920,2024-02-25T01:02:52Z,2024-02-25T01:03:39Z,47
SES0011188,U00920,11/02/2024 19:26,11/02/2024 19:26,0
SES0011189,U00920,29/01/2024 02:38,2024-01-31T03:56:18Z,
SES0011190,U00920,2024-02-26T02:40:04Z,2024-02-26 02:41:06,N/A
SES0011191,U00920,2023-12-20T16:46:17Z,2023-12-20T16:51:06Z,289
SES0011192,U00920,2024-03-22 01:18:36,2024-03-22T01:25:00Z,384
SES0011193,U00920,21/11/2023 20:06,2023-11-21T20:07:16Z,31
SES0011194,U00920,25/03/2024 03:02,2024-03-25 03:03:22,46
SES0011195,U00920,2023-10-21 01:53:01,2023-10-21 01:55:41,160
SES0011196,U00920,24/03/2024 20:53,2024-03-24T20:56:47Z,218
SES0011197,U00920,2023-11-16 13:21:01,2023-11-16 13:26:39,N/A
SES0011198,U00920,2023-10-23 08:00:04,2023-10-23T08:10:50Z,646
SES0011199,U00920,30/01/2024 06:18,2024-01-30T06:21:43Z,185
SES0011200,U00920,2023-11-09 11:13:09,2023-11-09 11:26:35,806
SES0011201,U00920,2023-12-11 10:03:06,2023-12-11T10:04:41Z,95
SES0011202,U00920,2024-01-07 23:22:03,2024-01-07 23:43:20,1277
SES0011203,U00920,2024-02-22T12:04:51Z,22/02/2024 12:05,47
SES0011204,U00920,07/12/2023 22:39,2023-12-07T22:41:04Z,86
SES0011205,U00920,2024-01-05T04:10:55Z,2024-01-05 04:13:18,143
SES0011206,U00920,2024-02-11 15:34:07,11/02/2024 15:48,884
SES0011207,U00920,2023-11-28T21:54:10Z,2023-11-28 21:54:53,43
SES0011208,U00920,2023-12-28 05:06:23,28/12/2023 05:07,38
SES0011209,U00920,21/12/2023 04:12,21/12/2023 04:13,26
SES0011210,U00920,2023-11-03T08:57:53Z,03/11/2023 09:01,216
SES0011211,U00920,2024-01-16T22:56:56Z,2024-01-16T23:00:59Z,243
SES0011212,U00920,2024-01-11T17:45:25Z,2024-01-11 17:46:14,49
SES0011213,U00920,28/11/2023 11:32,28/11/2023 11:38,385
SES0011214,U00920,02/12/2023 04:32,02/12/2023 04:32,24
SES0011215,U00920,28/01/2024 05:15,28/01/2024 05:16,92
SES0011216,U00920,2024-02-29T00:40:03Z,2024-02-29 00:41:40,97
SES0011217,U00920,19/02/2024 05:03,19/02/2024 05:04,20
SES0011218,U00920,2024-02-25T15:02:57Z,2024-02-25T15:08:31Z,334
SES0011219,U00920,2023-10-15 05:30:38,2023-10-15 05:33:54,196
SES0011220,U00920,2023-12-24T05:02:14Z,2023-12-24T05:03:01Z,47
SES0011221,U00920,22/02/2024 20:42,2024-02-22T20:46:22Z,225
SES0011222,U00920,2023-12-16 19:08:22,2023-12-16T19:11:40Z,198
SES0011223,U00920,2023-12-05 01:46:07,2023-12-05T01:50:05Z,238
SES0011224,U00920,19/02/2024 07:36,19/02/2024 07:41,277
SES0011225,U00920,2024-03-01 00:13:18,2024-03-01 00:36:17,1379
SES0011226,U00920,2023-12-05 10:49:35,05/12/2023 10:50,70
SES0011227,U00920,16/11/2023 09:23,2023-11-16T09:25:26Z,101
SES0011228,U00920,26/03/2024 22:23,26/03/2024 22:30,453
SES0011229,U00920,2024-03-04T12:57:29Z,04/03/2024 13:11,857
SES0011230,U00920,2023-11-22T01:27:31Z,22/11/2023 01:32,291
SES0011231,U00920,19/01/2024 01:40,2024-01-19T01:42:42Z,150
SES0011232,U00920,2024-01-15 07:55:08,2024-01-15 07:56:02,54
SES0011233,U00920,2023-11-27T02:50:18Z,27/11/2023 02:50,28
SES0011234,U00920,2023-11-05 05:01:45,2023-11-05 05:04:05,140
SES0011235,U00920,26/03/2024 01:19,2024-03-26T01:20:04Z,25
SES0011236,U00920,2024-03-10 11:39:52,2024-03-10T11:41:19Z,87
SES0011237,U00920,13/11/2023 18:11,2023-11-13 18:18:37,
SES0011238,U00920,2023-10-10 08:53:59,10/10/2023 08:55,77
SES0011239,U00920,2023-10-18 15:04:55,18/10/2023 15:10,308
SES0011240,U00920,2024-02-18T05:46:20Z,2024-02-18T05:49:47Z,
SES0011241,U00920,2024-03-10T10:24:50Z,2024-03-10 10:41:40,1010
SES0011242,U00920,2024-02-20 21:03:58,2024-02-20T21:04:16Z,18
SES0011243,U00920,18/12/2023 00:28,2023-12-18 00:29:07,26
SES0011244,U00920,2023-10-20T20:17:25Z,20/10/2023 20:22,310
SES0011245,U00920,25/10/2023 19:44,2023-10-25 19:47:44,175
SES0011246,U00920,2024-01-31 22:01:10,2024-01-31T22:02:16Z,66
SES0011247,U00920,2024-01-12 04:27:01,2024-01-12 04:27:22,21
SES0011248,U00920,2024-02-12T11:01:50Z,2024-02-12T11:15:18Z,808
SES0011249,U00920,2024-01-31 10:04:48,2024-01-31T10:08:57Z,249
SES0011250,U00920,2024-03-22 12:49:59,2024-03-22T12:50:34Z,35
SES0011251,U00920,2023-11-03T17:54:28Z,2023-11-03 17:55:34,66
SES0011252,U00920,2023-10-03 01:39:33,2023-10-03T01:41:22Z,109
SES0011253,U00921,29/09/2023 07:59,2023-09-29 08:01:29,142
SES0011254,U00921,26/03/2024 07:29,2024-03-26T07:34:14Z,272
SES0011255,U00921,2023-12-24 03:35:42,2023-12-24T03:37:24Z,102
SES0011256,U00921,2024-05-10T18:53:31Z,2024-05-10T18:59:53Z,382
SES0011257,U00921,2023-12-20 16:26:19,2023-12-20T16:27:32Z,73
SES0011258,U00921,2024-04-19T00:38:40Z,19/04/2024 00:38,13
SES0011259,U00921,22/05/2024 16:57,22/05/2024 16:59,109
SES0011260,U00921,2023-10-11T20:55:52Z,2023-10-11 21:03:04,432
SES0011261,U00921,2024-05-31T01:24:32Z,31/05/2024 02:10,2786
SES0011262,U00921,2024-06-22T00:12:53Z,23/06/2024 03:25,97955
SES0011263,U00922,2024-04-04T09:04:44Z,04/04/2024 09:04,8
SES0011264,U00922,23/03/2024 01:13,23/03/2024 01:15,105
SES0011265,U00922,2024-03-13 15:13:05,13/03/2024 15:14,101
SES0011266,U00922,11/05/2024 03:15,11/05/2024 03:23,501
SES0011267,U00922,01/05/2024 18:03,01/05/2024 18:03,27
SES0011268,U00922,31/03/2024 03:33,2024-03-31T03:40:01Z,362
SES0011269,U00922,16/05/2024 01:59,16/05/2024 02:03,299
SES0011270,U00922,2024-04-21 10:03:47,2024-04-21T10:05:19Z,N/A
SES0011271,U00922,2024-05-27T13:38:58Z,2024-05-27T13:42:36Z,218
SES0011272,U00922,2024-05-25 20:22:42,25/05/2024 20:27,283
SES0011273,U00923,25/01/2024 11:19,2024-01-25 11:30:25,645
SES0011273,U00923,25/01/2024 11:19,2024-01-25 11:30:25,645
SES0011274,U00925,2024-06-21T08:24:26Z,2024-06-21T08:27:13Z,167
SES0011275,U00925,2024-06-27 11:11:55,27/06/2024 11:17,361
SES0011276,U00925,2024-06-25T07:51:00Z,2024-06-25T07:51:27Z,27
SES0011277,U00925,2024-06-14T16:09:16Z,14/06/2024 16:19,591
SES0011278,U00925,2024-06-17 20:29:51,17/06/2024 20:30,56
SES0011279,U00926,2023-11-22 16:54:02,2023-11-22 16:54:50,48
SES0011280,U00926,2023-11-08T07:37:34Z,08/11/2023 08:00,1371
SES0011281,U00926,2023-11-02 13:19:53,02/11/2023 13:40,1238
SES0011282,U00926,02/11/2023 12:29,2023-11-02 12:34:59,312
SES0011283,U00926,11/11/2023 03:41,2023-11-11 03:43:07,83
SES0011284,U00926,2023-11-04T14:07:58Z,2023-11-04T14:09:15Z,77
SES0011285,U00926,2023-11-01T19:15:27Z,2023-11-01 19:17:19,112
SES0011286,U00926,2023-11-09 11:32:43,2023-11-09T11:34:17Z,94
SES0011287,U00926,2023-11-05T12:17:57Z,2023-11-05 12:18:49,52
SES0011288,U00926,2023-10-28 07:47:54,2023-10-28T07:47:54Z,0
SES0011289,U00928,02/01/2024 01:38,2024-01-02T01:44:27Z,329
SES0011290,U00928,2024-01-04T05:48:14Z,2024-01-04T05:52:25Z,
SES0011291,U00928,2024-01-19T08:30:52Z,2024-01-19 08:50:32,1180
SES0011292,U00928,2024-02-03 16:48:09,2024-02-03 16:50:33,144
SES0011293,U00928,27/02/2024 12:22,2024-02-27 12:25:02,177
SES0011294,U00928,2024-02-26T02:32:39Z,2024-02-26 02:36:31,232
SES0011295,U00928,10/01/2024 01:04,2024-01-10 01:06:19,N/A
SES0011296,U00928,2024-02-02T23:00:15Z,2024-02-02T23:01:13Z,58
SES0011297,U00928,2024-01-13 03:59:09,2024-01-13T04:01:02Z,113
SES0011298,U00928,2024-02-21T20:04:24Z,2024-02-21T20:13:12Z,528
SES0011299,U00928,2023-12-25T13:01:27Z,2023-12-25T13:01:35Z,8
SES0011300,U00928,2023-12-28T21:04:30Z,2023-12-28T21:08:18Z,228
SES0011301,U00928,2023-12-18T19:57:48Z,2023-12-18T20:00:30Z,162
SES0011302,U00928,2024-03-09 11:27:43,2024-03-09T11:29:01Z,78
SES0011303,U00928,2023-12-23T04:31:41Z,2023-12-23 04:32:26,45
SES0011304,U00928,2024-01-11T06:26:59Z,2024-01-11 06:27:36,37
SES0011305,U00928,2024-02-17T02:27:28Z,2024-02-17T02:31:38Z,250
SES0011306,U00928,2024-03-07T13:27:39Z,2024-03-07 13:46:52,1153
SES0011307,U00928,2024-02-28 22:22:42,2024-02-28 22:27:01,259
SES0011308,U00928,11/03/2024 19:51,2024-03-11T19:55:17Z,215
SES0011309,U00928,2024-01-03T21:05:47Z,2024-01-03T21:06:32Z,45
SES0011310,U00928,05/01/2024 09:32,05/01/2024 09:35,135
SES0011311,U00928,2024-02-01 07:30:45,2024-02-01 07:34:47,242
SES0011312,U00928,2024-02-07 00:31:39,2024-02-07T01:20:35Z,2936
SES0011313,U00928,2024-02-26 13:46:04,2024-02-26T13:47:54Z,110
SES0011314,U00928,22/01/2024 13:51,2024-01-22 13:52:05,28
SES0011315,U00928,08/02/2024 12:12,2024-02-08T12:28:07Z,932
SES0011316,U00928,2024-01-23 23:28:54,2024-01-23 23:30:44,110
SES0011317,U00928,2024-01-27T00:23:48Z,2024-01-27T00:25:40Z,112
SES0011318,U00928,2024-02-08 07:37:35,2024-02-08T07:38:25Z,50
SES0011319,U00929,18/09/2023 05:23,2023-09-18 05:29:38,372
SES0011320,U00929,19/09/2023 02:51,19/09/2023 02:54,170
SES0011321,U00929,2023-09-07 14:52:02,07/09/2023 14:58,385
SES0011322,U00929,2023-09-12 15:12:04,2023-09-12T15:21:16Z,552
SES0011323,U00929,2023-09-17T13:57:33Z,17/09/2023 14:03,347
SES0011324,U00929,12/09/2023 17:09,12/09/2023 17:15,366
SES0011325,U00929,08/09/2023 01:22,2023-09-08 01:28:07,341
SES0011326,U00929,2023-09-08T07:46:24Z,08/09/2023 07:47,49
SES0011327,U00929,2023-09-07 12:06:15,2023-09-07 12:11:09,294
SES0011328,U00929,08/09/2023 15:04,08/09/2023 15:05,45
SES0011329,U00929,2023-09-19 05:15:59,19/09/2023 05:16,39
SES0011330,U00929,09/09/2023 03:33,2023-09-09 03:37:36,225
SES0011331,U00929,2023-09-11T14:01:29Z,2023-09-11 14:06:23,294
SES0011332,U00929,2023-09-09 04:56:08,09/09/2023 04:58,117
SES0011333,U00929,2023-09-08 11:03:03,2023-09-08T11:05:52Z,169
SES0011334,U00929,2023-09-11 18:48:58,2023-09-11T19:12:06Z,1388
SES0011335,U00929,2023-09-06 16:20:16,2023-09-06T16:22:15Z,119
SES0011336,U00929,11/09/2023 11:33,2023-09-11T11:57:29Z,1422
SES0011337,U00929,16/09/2023 09:43,16/09/2023 09:45,82
SES0011338,U00929,11/09/2023 04:18,11/09/2023 04:19,53
SES0011338,U00929,11/09/2023 04:18,11/09/2023 04:19,53
SES0011339,U00930,2024-05-27T03:21:45Z,27/05/2024 03:22,N/A
SES0011340,U00930,2024-04-18 22:01:12,2024-04-18 22:05:50,N/A
SES0011341,U00931,19/07/2023 20:24,2023-07-19 20:35:37,659
SES0011342,U00931,15/06/2023 13:48,2023-06-15T13:48:47Z,34
SES0011343,U00931,2023-07-20 15:30:05,20/07/2023 15:30,51
SES0011344,U00931,2023-09-10T16:58:38Z,2023-09-10 16:58:59,21
SES0011345,U00931,07/09/2023 15:06,07/09/2023 15:13,425
SES0011346,U00931,2023-08-04 19:06:48,2023-08-04 19:10:48,240
SES0011347,U00931,2023-07-07T21:20:55Z,2023-07-07 21:36:40,945
SES0011348,U00931,10/07/2023 07:32,2023-07-10 07:33:01,60
SES0011349,U00931,24/07/2023 12:55,2023-07-24T12:56:22Z,36
SES0011350,U00931,2023-08-06 22:54:57,06/08/2023 23:02,451
SES0011351,U00931,2023-08-29 15:48:22,29/08/2023 15:56,493
SES0011352,U00931,2023-07-24T23:57:17Z,2023-07-24T23:59:02Z,105
SES0011353,U00931,2023-08-12 07:28:33,12/08/2023 07:33,268
SES0011354,U00931,2023-08-05T18:09:24Z,2023-08-05T18:24:18Z,N/A
SES0011355,U00931,02/07/2023 11:12,2023-07-02T11:12:12Z,6
SES0011356,U00931,2023-07-02 00:14:37,02/07/2023 00:15,70
SES0011357,U00931,2023-08-25T17:12:04Z,2023-08-25 17:26:48,884
SES0011358,U00931,21/06/2023 14:05,21/06/2023 14:06,19
SES0011359,U00931,2023-06-29T03:59:09Z,2023-06-29T03:59:09Z,0
SES0011360,U00931,19/08/2023 03:16,2023-08-19 03:17:28,29
SES0011361,U00932,2023-08-13 16:53:00,2023-08-13T16:53:15Z,15
SES0011362,U00932,12/05/2023 17:03,12/05/2023 17:03,0
SES0011363,U00932,19/05/2023 02:30,19/05/2023 02:31,29
SES0011364,U00932,30/10/2023 08:58,2023-10-30 08:59:36,86
SES0011365,U00932,2023-12-31T04:46:27Z,31/12/2023 04:51,302
SES0011366,U00932,2023-07-26 22:02:51,2023-07-26T22:05:26Z,155
SES0011367,U00932,2023-12-27 19:32:39,27/12/2023 19:43,
SES0011368,U00932,2023-08-13 20:26:15,13/08/2023 20:26,17
SES0011369,U00932,2023-09-29 21:07:13,2023-09-29T21:11:36Z,263
SES0011370,U00932,16/03/2024 09:43,16/03/2024 09:56,771
SES0011371,U00932,2024-02-19 19:31:26,2024-02-19T19:33:18Z,112
SES0011372,U00932,15/05/2023 00:27,15/05/2023 00:44,966
SES0011373,U00932,2023-10-22T22:30:28Z,2023-10-22T22:33:57Z,209
SES0011374,U00932,03/06/2023 16:23,2023-06-03 16:23:33,
SES0011375,U00932,20/11/2023 05:22,2023-11-20 05:27:19,278
SES0011376,U00932,2024-01-31T09:50:31Z,2024-01-31 10:00:41,610
SES0011377,U00932,21/04/2023 22:54,2023-04-21 23:03:29,511
SES0011378,U00932,17/04/2023 13:42,17/04/2023 13:45,152
SES0011379,U00932,2024-01-06 05:26:22,2024-01-06 05:28:51,149
SES0011380,U00932,2023-12-14 22:44:16,2023-12-14T22:44:37Z,21
SES0011381,U00932,20/07/2023 13:46,20/07/2023 13:47,40
SES0011382,U00932,09/04/2023 22:42,09/04/2023 22:44,128
SES0011383,U00932,08/02/2024 21:24,2024-02-08T21:31:40Z,418
SES0011384,U00932,2023-08-04T19:00:00Z,2023-08-04 19:04:11,251
SES0011385,U00932,2023-06-02 12:13:31,02/06/2023 12:14,81
SES0011386,U00932,26/12/2023 09:36,26/12/2023 09:58,1298
SES0011387,U00932,2024-02-14T11:12:31Z,2024-02-14T11:12:59Z,28
SES0011388,U00932,2024-03-09T01:59:08Z,09/03/2024 02:07,518
SES0011389,U00932,2023-05-12T12:40:34Z,2023-05-12 12:43:01,147
SES0011390,U00932,26/11/2023 07:53,2023-11-26T07:53:14Z,14
SES0011391,U00932,2023-04-30T19:57:20Z,2023-04-30 20:06:13,533
SES0011392,U00932,2023-12-14T07:04:58Z,2023-12-14 07:05:45,47
SES0011393,U00932,23/05/2023 21:04,2023-05-23T21:05:40Z,50
SES0011394,U00932,2023-09-09T05:06:32Z,2023-09-09T05:06:48Z,16
SES0011395,U00932,2023-08-28T09:13:34Z,2023-08-28 09:15:06,92
SES0011396,U00932,25/01/2024 19:25,2024-01-25 19:27:26,112
SES0011397,U00932,2023-05-04 21:19:49,04/05/2023 21:21,110
SES0011398,U00932,2023-10-06T05:04:02Z,2023-10-06T05:05:31Z,89
SES0011399,U00932,2023-08-01 10:32:09,2023-08-01T10:43:25Z,676
SES0011400,U00932,18/04/2023 14:45,2023-04-18T14:46:24Z,N/A
SES0011401,U00933,20/05/2024 02:55,20/05/2024 02:59,211
SES0011402,U00933,2024-06-10 04:26:01,10/06/2024 04:27,78
SES0011403,U00933,2024-05-22T03:29:39Z,22/05/2024 03:43,841
SES0011404,U00933,23/06/2024 07:27,2024-06-23 07:29:16,108
SES0011405,U00933,22/06/2024 04:19,22/06/2024 04:20,23
SES0011406,U00933,2024-05-23 18:22:54,2024-05-23 18:22:54,0
SES0011407,U00933,2024-05-21T13:35:39Z,2024-05-21T13:39:00Z,201
SES0011408,U00933,06/06/2024 22:33,2024-06-06 22:34:41,49
SES0011409,U00933,2024-06-18T14:37:21Z,18/06/2024 14:47,627
SES0011410,U00933,2024-06-13T03:05:27Z,2024-06-13T03:18:01Z,754
SES0011411,U00934,2023-02-01T15:24:14Z,2023-02-01T15:25:05Z,51
SES0011412,U00934,2023-02-21 05:39:01,2023-02-21 05:45:26,385
SES0011413,U00934,2023-05-20 08:11:33,2023-05-20T08:12:15Z,42
SES0011414,U00935,2023-03-17 07:37:27,2023-03-17T07:41:50Z,263
SES0011415,U00935,2023-03-24 03:46:04,2023-03-24 03:47:32,88
SES0011416,U00935,31/03/2023 13:47,31/03/2023 13:48,53
SES0011417,U00936,2024-03-12 22:31:53,12/03/2024 22:33,95
SES0011418,U00936,2024-03-16T01:26:47Z,2024-03-16 01:29:20,153
SES0011419,U00936,12/03/2024 19:28,2024-03-12 19:29:44,91
SES0011420,U00936,2024-03-15T21:49:57Z,2024-03-15T21:50:36Z,39
SES0011421,U00936,13/03/2024 12:17,2024-03-13T12:19:29Z,135
SES0011422,U00937,2024-05-30T01:16:09Z,2024-05-30T01:18:27Z,138
SES0011423,U00937,2024-06-08T13:08:31Z,2024-06-08 13:21:27,776
SES0011424,U00937,2024-06-09T11:18:32Z,2024-06-09 11:20:53,141
SES0011425,U00937,2024-05-18 21:27:43,18/05/2024 21:27,13
SES0011426,U00937,2024-05-24 21:33:32,2024-05-24T21:41:43Z,491
SES0011427,U00937,25/06/2024 15:02,2024-06-25T15:03:04Z,58
SES0011428,U00937,2024-05-28 08:05:38,2024-05-28 08:09:47,249
SES0011429,U00937,01/06/2024 06:32,2024-06-01T06:32:35Z,0
SES0011430,U00937,2024-05-26T08:53:19Z,2024-05-26T08:54:57Z,98
SES0011431,U00937,17/06/2024 00:10,2024-06-17T00:15:40Z,334
SES0011432,U00938,29/06/2024 06:23,2024-06-29T06:24:53Z,85
SES0011433,U00939,30/01/2024 15:40,2024-01-30 15:42:28,142
SES0011434,U00939,2023-11-03 21:54:19,03/11/2023 22:15,1259
SES0011435,U00939,2023-08-22T17:48:17Z,2023-08-22T18:02:42Z,865
SES0011436,U00939,2024-02-03T07:42:03Z,2024-02-03 07:43:31,88
SES0011437,U00939,2023-12-08T06:04:14Z,2023-12-08T06:07:32Z,198
SES0011438,U00939,29/01/2024 21:07,2024-01-29 21:08:12,38
SES0011439,U00939,2023-12-09T21:56:50Z,2023-12-09T21:57:03Z,13
SES0011440,U00939,2024-02-02 12:00:34,2024-02-02T12:01:04Z,30
SES0011441,U00939,2023-11-06T05:43:34Z,2023-11-06T05:47:10Z,216
SES0011442,U00939,16/10/2023 15:26,2023-10-16 15:29:38,162
SES0011443,U00939,03/02/2024 17:29,03/02/2024 17:31,71
SES0011444,U00939,2023-10-13 07:47:33,13/10/2023 07:51,218
SES0011445,U00939,2023-12-21T12:19:53Z,21/12/2023 12:20,27
SES0011446,U00939,2024-02-07 17:42:18,2024-02-07T17:43:20Z,62
SES0011447,U00939,2023-12-22T22:01:48Z,22/12/2023 22:08,403
SES0011448,U00939,2023-12-02 19:04:42,2023-12-02 19:10:09,327
SES0011449,U00939,25/12/2023 07:05,2023-12-25 07:08:35,
SES0011450,U00939,2023-08-18 01:56:28,18/08/2023 02:42,2788
SES0011451,U00939,2023-11-08T00:22:19Z,08/11/2023 00:24,132
SES0011452,U00939,2023-12-27 15:03:50,27/12/2023 15:06,136
SES0011453,U00940,2023-08-07 13:27:48,07/08/2023 13:29,115
SES0011454,U00940,2023-08-11T06:35:26Z,2023-08-11T06:36:12Z,46
SES0011455,U00940,2023-08-12 07:44:13,2023-08-12T07:45:01Z,48
SES0011456,U00940,11/08/2023 14:51,11/08/2023 14:53,82
SES0011457,U00940,2023-08-11T13:52:44Z,11/08/2023 13:53,52
SES0011458,U00940,07/08/2023 09:46,2023-08-07T09:47:02Z,34
SES0011459,U00940,2023-08-09 15:33:26,2023-08-09 15:34:39,73
SES0011460,U00940,11/08/2023 22:08,11/08/2023 22:10,99
SES0011461,U00940,2023-08-08 05:40:26,2023-08-08T05:41:15Z,49
SES0011462,U00940,09/08/2023 09:58,2023-08-09T10:04:53Z,404
SES0011463,U00941,2024-05-28 03:59:30,2024-05-28 04:00:02,32
SES0011464,U00941,27/06/2024 02:07,2024-06-27 02:08:52,106
SES0011465,U00941,16/06/2024 23:05,2024-06-16 23:11:50,396
SES0011466,U00943,2024-06-13 08:48:54,2024-06-13T08:53:24Z,270
SES0011467,U00943,26/06/2024 09:39,2024-06-26T09:39:42Z,39
SES0011468,U00943,2024-06-27T13:49:02Z,2024-06-27 13:51:35,153
SES0011469,U00943,2024-06-19 09:15:38,19/06/2024 09:15,15
SES0011470,U00943,2024-06-20 23:02:59,20/06/2024 23:05,124
SES0011471,U00943,2024-06-22T09:29:37Z,2024-06-22 09:33:44,247
SES0011472,U00943,16/06/2024 02:35,2024-06-16 02:38:56,215
SES0011473,U00943,2024-06-22 14:29:14,22/06/2024 14:29,20
SES0011474,U00943,2024-06-26 04:38:28,26/06/2024 04:40,118
SES0011475,U00943,22/06/2024 10:13,2024-06-22 10:18:27,317
SES0011476,U00943,13/06/2024 01:46,13/06/2024 01:47,30
SES0011477,U00943,2024-06-11T00:03:07Z,2024-06-11T00:09:43Z,396
SES0011478,U00943,2024-06-16T22:10:28Z,2024-06-16 22:11:25,57
SES0011479,U00943,2024-06-11T16:03:33Z,2024-06-11T16:03:33Z,0
SES0011480,U00943,2024-06-20 07:26:08,2024-06-22T21:44:51Z,224323
SES0011481,U00943,2024-06-15T16:26:17Z,2024-06-15 16:30:16,239
SES0011482,U00943,14/06/2024 11:27,2024-06-14T11:30:20Z,158
SES0011483,U00943,2024-06-26 00:23:45,26/06/2024 00:24,49
SES0011484,U00943,2024-06-16 01:29:00,16/06/2024 01:31,143
SES0011485,U00943,20/06/2024 09:44,20/06/2024 09:48,222
SES0011486,U00943,2024-06-16 15:57:19,16/06/2024 15:57,6
SES0011487,U00943,2024-06-13T21:47:54Z,2024-06-13 21:55:02,428
SES0011488,U00943,2024-06-16 05:13:50,2024-06-16T05:14:55Z,65
SES0011489,U00943,19/06/2024 22:42,2024-06-19 22:45:59,223
SES0011490,U00943,19/06/2024 01:45,19/06/2024 01:46,80
SES0011491,U00943,2024-06-26 00:32:10,2024-06-26 00:40:18,488
SES0011492,U00943,2024-06-19T12:05:46Z,2024-06-19 12:14:14,508
SES0011493,U00943,2024-06-29T17:12:52Z,29/06/2024 17:17,N/A
SES0011494,U00943,2024-06-19T23:47:16Z,19/06/2024 23:49,131
SES0011495,U00943,2024-06-22 00:12:48,22/06/2024 00:22,598
SES0011496,U00943,2024-06-25T05:38:26Z,2024-06-25T05:44:26Z,360
SES0011497,U00943,2024-06-12T09:41:29Z,2024-06-12 09:42:59,
SES0011498,U00943,2024-06-25 00:35:50,25/06/2024 00:37,125
SES0011499,U00943,2024-06-21T16:28:15Z,2024-06-21 16:31:22,
SES0011500,U00943,26/06/2024 08:18,2024-06-26T08:19:44Z,93
SES0011501,U00943,2024-06-26T21:20:56Z,26/06/2024 21:26,310
SES0011502,U00943,24/06/2024 21:43,27/06/2024 10:01,217078
SES0011503,U00943,2024-06-23T07:22:06Z,2024-06-23 07:23:08,62
SES0011504,U00943,2024-06-11 12:36:52,11/06/2024 12:38,91
SES0011505,U00943,25/06/2024 19:15,2024-06-25 19:16:30,68
SES0011506,U00943,2024-06-11 05:10:33,2024-06-11 05:13:25,172
SES0011507,U00943,2024-06-15T01:34:39Z,2024-06-15 01:54:21,1182
SES0011508,U00943,2024-06-14 02:07:50,14/06/2024 02:20,743
SES0011509,U00943,2024-06-12T09:26:06Z,2024-06-12 09:31:26,320
SES0011510,U00943,2024-06-25 22:54:47,25/06/2024 22:57,
SES0011511,U00943,14/06/2024 01:51,14/06/2024 01:51,9
SES0011512,U00943,18/06/2024 16:30,2024-06-18T16:36:25Z,336
SES0011513,U00943,2024-06-17T07:44:20Z,2024-06-17T07:45:02Z,42
SES0011514,U00943,2024-06-22 21:32:52,22/06/2024 21:37,284
SES0011515,U00943,17/06/2024 03:02,17/06/2024 03:13,647
SES0011516,U00943,2024-06-21T05:15:20Z,21/06/2024 05:16,88
SES0011517,U00943,2024-06-19T09:06:18Z,19/06/2024 09:09,212
SES0011518,U00943,2024-06-28 21:15:47,2024-06-28 21:19:16,
SES0011519,U00943,2024-06-27T06:44:30Z,27/06/2024 06:45,31
SES0011520,U00943,13/06/2024 07:10,13/06/2024 07:11,32
SES0011521,U00943,2024-06-14 05:28:36,2024-06-14 05:28:55,19
SES0011522,U00943,2024-06-19 21:30:32,2024-06-19T21:37:38Z,426
SES0011523,U00943,13/06/2024 18:37,2024-06-13T18:37:58Z,58
SES0011524,U00943,17/06/2024 20:06,2024-06-17T20:07:33Z,46
SES0011525,U00943,22/06/2024 08:20,2024-06-22 08:45:34,1502
SES0011526,U00943,18/06/2024 05:41,2024-06-18 05:42:20,42
SES0011527,U00943,12/06/2024 12:05,12/06/2024 12:12,419
SES0011528,U00943,2024-06-24 11:18:19,24/06/2024 11:20,124
SES0011529,U00943,2024-06-24T04:38:02Z,2024-06-24T04:38:42Z,40
SES0011530,U00943,2024-06-23 22:14:46,2024-06-23T22:31:56Z,1030
SES0011531,U00943,2024-06-11 17:52:26,2024-06-11T17:53:21Z,55
SES0011532,U00943,2024-06-22T19:50:36Z,2024-06-22 19:55:09,273
SES0011533,U00943,2024-06-23 14:30:18,2024-06-23 14:33:33,195
SES0011534,U00943,2024-06-17 22:10:56,17/06/2024 22:14,188
SES0011535,U00943,2024-06-22T18:39:49Z,2024-06-22 18:39:49,0
SES0011536,U00943,17/06/2024 11:44,2024-06-17T11:52:47Z,468
SES0011537,U00943,18/06/2024 04:02,18/06/2024 04:05,195
SES0011538,U00943,2024-06-16T12:24:58Z,2024-06-16T12:31:11Z,373
SES0011539,U00943,19/06/2024 18:17,19/06/2024 18:22,337
SES0011540,U00943,22/06/2024 07:48,22/06/2024 07:53,N/A
SES0011541,U00943,2024-06-16T00:43:11Z,16/06/2024 00:43,9
SES0011542,U00943,2024-06-28T17:40:31Z,2024-06-28T17:47:37Z,426
SES0011543,U00943,2024-06-17 00:16:11,2024-06-17T00:16:23Z,12
SES0011544,U00943,2024-06-19T21:46:46Z,2024-06-19 21:50:26,220
SES0011545,U00943,2024-06-24 18:19:54,2024-06-24 18:25:58,364
SES0011546,U00944,2023-01-29 07:07:48,30/01/2023 20:00,132770
SES0011547,U00944,2023-01-25 01:36:57,25/01/2023 01:37,11
SES0011548,U00946,2024-03-01T01:18:10Z,2024-03-01 01:19:14,64
SES0011549,U00946,2024-02-24 04:21:56,24/02/2024 04:23,83
SES0011550,U00946,2024-02-24 17:35:33,24/02/2024 17:40,322
SES0011551,U00946,28/02/2024 16:35,2024-02-28T16:47:23Z,722
SES0011552,U00946,2024-02-27 09:37:20,2024-02-27 09:38:08,48
SES0011553,U00946,28/02/2024 23:45,2024-02-28 23:46:56,58
SES0011554,U00946,01/03/2024 15:08,01/03/2024 15:11,
SES0011555,U00946,25/02/2024 04:25,2024-02-27 01:08:38,161006
SES0011556,U00946,2024-02-27T17:45:32Z,27/02/2024 17:47,121
SES0011557,U00946,2024-02-29T00:51:13Z,29/02/2024 00:51,40
SES0011558,U00946,2024-02-28 00:32:35,2024-02-28 00:35:21,166
SES0011559,U00946,25/02/2024 03:43,25/02/2024 03:45,168
SES0011560,U00946,2024-03-01T02:31:50Z,01/03/2024 02:38,393
SES0011561,U00946,29/02/2024 07:52,2024-02-29T07:53:14Z,55
SES0011562,U00946,01/03/2024 16:29,01/03/2024 16:36,432
SES0011563,U00946,2024-02-27T03:18:47Z,2024-02-27T03:19:49Z,62
SES0011564,U00946,28/02/2024 12:07,2024-02-28T12:09:38Z,128
SES0011565,U00946,2024-02-28 16:12:13,01/03/2024 21:06,190457
SES0011566,U00946,2024-02-25T19:23:49Z,2024-02-25 19:24:39,50
SES0011567,U00946,25/02/2024 16:30,2024-02-25T16:48:53Z,1107
SES0011568,U00946,2024-02-28T21:47:12Z,28/02/2024 21:48,103
SES0011569,U00946,2024-02-24 04:26:06,2024-02-24T04:28:59Z,173
SES0011570,U00946,2024-02-26T23:53:19Z,2024-02-26 23:53:57,38
SES0011571,U00946,2024-02-25T05:20:12Z,2024-02-25 05:25:29,317
SES0011572,U00946,2024-02-29 11:25:34,29/02/2024 11:25,N/A
SES0011573,U00946,2024-02-26T19:30:37Z,2024-02-26 19:30:58,21
SES0011574,U00946,2024-02-28 20:17:45,2024-02-28 20:19:04,79
SES0011575,U00946,2024-02-27 17:02:47,27/02/2024 17:03,62
SES0011576,U00946,2024-02-28 22:36:47,2024-02-28 22:46:23,576
SES0011577,U00946,26/02/2024 00:45,26/02/2024 00:55,594
SES0011578,U00946,01/03/2024 12:54,2024-03-01 12:55:36,54
SES0011579,U00946,2024-02-29 01:39:36,2024-02-29 01:48:09,513
SES0011580,U00946,28/02/2024 12:56,28/02/2024 13:01,
SES0011581,U00946,2024-02-25T05:12:36Z,2024-02-25T05:19:39Z,423
SES0011582,U00946,2024-02-26T07:18:33Z,26/02/2024 07:21,175
SES0011583,U00946,2024-02-27 03:18:28,27/02/2024 03:21,154
SES0011584,U00946,2024-02-28 01:47:56,28/02/2024 01:50,132
SES0011585,U00946,2024-02-29T06:02:18Z,29/02/2024 06:03,82
SES0011586,U00946,2024-02-24T18:11:16Z,2024-02-24 18:12:48,92
SES0011587,U00946,01/03/2024 11:22,2024-03-01 11:24:41,158
SES0011588,U00946,2024-02-27 18:33:31,2024-02-27T18:46:54Z,803
SES0011589,U00946,29/02/2024 09:08,2024-02-29T09:11:37Z,
SES0011590,U00946,2024-02-25 03:54:43,2024-02-28T07:39:52Z,272709
SES0011591,U00946,01/03/2024 07:54,2024-03-01 07:56:18,127
SES0011592,U00946,01/03/2024 23:02,2024-03-01 23:05:37,
SES0011593,U00946,2024-02-29T19:26:18Z,2024-02-29 19:31:57,339
SES0011594,U00946,2024-02-24 22:05:52,24/02/2024 22:07,68
SES0011595,U00946,2024-02-25T01:55:54Z,2024-02-25 02:00:39,285
SES0011596,U00946,2024-03-01 07:35:49,2024-03-01T07:41:26Z,337
SES0011597,U00946,2024-02-28 08:03:33,28/02/2024 08:04,42
SES0011598,U00946,27/02/2024 21:37,27/02/2024 21:38,N/A
SES0011599,U00946,2024-02-28 10:28:11,28/02/2024 10:28,48
SES0011600,U00946,2024-02-28 18:57:13,28/02/2024 19:13,1002
SES0011601,U00946,2024-02-27T12:56:16Z,2024-02-27T12:57:13Z,57
SES0011602,U00946,2024-03-01T23:03:35Z,01/03/2024 23:03,0
SES0011603,U00946,29/02/2024 15:56,2024-02-29 16:00:52,262
SES0011604,U00946,28/02/2024 06:46,2024-02-28 06:47:21,46
SES0011605,U00946,2024-02-26T00:27:41Z,2024-02-26 00:29:50,129
SES0011606,U00946,28/02/2024 13:53,2024-02-28T14:01:20Z,444
SES0011607,U00946,2024-02-26T01:19:25Z,26/02/2024 01:30,683
SES0011608,U00946,27/02/2024 14:27,2024-02-27 14:27:31,14
SES0011609,U00946,24/02/2024 01:28,2024-02-24T01:30:24Z,100
SES0011610,U00946,2024-02-24 16:47:09,2024-02-24 16:54:20,431
SES0011611,U00946,2024-02-28 19:15:20,28/02/2024 19:16,84
SES0011612,U00946,2024-02-28 10:42:35,28/02/2024 10:47,283
SES0011613,U00946,28/02/2024 09:25,2024-02-28T09:28:03Z,173
SES0011614,U00946,2024-02-26 10:18:40,2024-02-26 10:20:32,112
SES0011615,U00946,28/02/2024 01:39,28/02/2024 01:40,29
SES0011616,U00946,01/03/2024 01:17,01/03/2024 01:19,96
SES0011617,U00946,26/02/2024 08:35,2024-02-26 08:35:35,31
SES0011618,U00946,27/02/2024 23:56,28/02/2024 00:00,195
SES0011619,U00946,2024-02-27 03:40:03,2024-02-27 03:40:35,32
SES0011620,U00946,2024-02-29 12:12:31,2024-02-29T12:16:16Z,225
SES0011621,U00946,2024-02-24T03:29:41Z,24/02/2024 03:29,0
SES0011622,U00946,27/02/2024 00:53,27/02/2024 00:55,76
SES0011623,U00946,2024-02-24T05:23:02Z,24/02/2024 05:32,590
SES0011624,U00946,2024-02-24 01:53:49,2024-02-24T01:57:21Z,212
SES0011625,U00946,2024-02-28 19:22:11,2024-02-28 19:23:01,50
SES0011626,U00946,2024-02-26T16:37:34Z,2024-02-26 16:37:53,19
SES0011627,U00946,29/02/2024 21:17,2024-02-29 21:18:34,80
SES0011628,U00947,2023-10-13T03:30:59Z,2023-10-13T03:31:40Z,41
SES0011629,U00947,17/10/2023 16:32,2023-10-17T16:33:27Z,61
SES0011630,U00947,2023-10-16 20:05:44,16/10/2023 20:10,292
SES0011631,U00947,13/12/2023 01:43,2023-12-13 01:49:17,
SES0011632,U00947,2023-11-19T07:06:52Z,19/11/2023 07:21,881
SES0011633,U00947,2023-12-11T03:38:40Z,11/12/2023 03:52,847
SES0011634,U00947,2023-11-20 10:53:34,20/11/2023 10:56,187
SES0011635,U00947,10/12/2023 13:09,10/12/2023 13:10,11
SES0011636,U00947,29/11/2023 10:49,2023-11-29T11:26:35Z,2213
SES0011637,U00947,2023-10-01T00:29:43Z,01/10/2023 00:33,234
SES0011638,U00947,2023-10-24 11:13:17,2023-10-24 11:21:39,502
SES0011639,U00947,05/10/2023 15:13,05/10/2023 15:14,64
SES0011640,U00947,2023-09-27T14:26:22Z,27/09/2023 14:30,225
SES0011641,U00947,25/10/2023 09:38,25/10/2023 09:41,198
SES0011642,U00947,2023-09-28T09:35:30Z,28/09/2023 09:37,111
SES0011643,U00947,15/10/2023 17:44,2023-10-15 18:04:41,1207
SES0011644,U00947,2023-10-17T10:34:59Z,2023-10-17 10:47:02,723
SES0011645,U00947,09/12/2023 00:01,09/12/2023 00:01,28
SES0011646,U00947,2023-10-06 16:18:41,2023-10-06T16:20:48Z,127
SES0011647,U00947,2023-12-17 00:49:47,2023-12-17T00:52:16Z,149
SES0011648,U00947,16/11/2023 11:54,16/11/2023 11:55,27
SES0011649,U00947,2023-10-17 19:50:55,17/10/2023 20:10,1178
SES0011650,U00947,2023-09-30 19:19:52,30/09/2023 19:20,23
SES0011651,U00947,14/12/2023 02:09,2023-12-14T02:13:45Z,243
SES0011652,U00947,21/12/2023 11:38,21/12/2023 11:46,484
SES0011653,U00947,07/11/2023 15:00,07/11/2023 15:03,174
SES0011654,U00947,2023-11-13T01:12:47Z,13/11/2023 01:17,269
SES0011655,U00947,14/12/2023 08:20,14/12/2023 08:31,654
SES0011656,U00947,23/11/2023 22:55,2023-11-23T23:02:11Z,424
SES0011657,U00947,2023-11-25T10:52:25Z,25/11/2023 10:54,114
SES0011658,U00948,22/07/2023 07:28,2023-07-22T07:28:50Z,22
SES0011659,U00949,08/03/2024 09:04,08/03/2024 09:08,
SES0011660,U00949,2024-03-03T04:52:10Z,2024-03-03T05:04:52Z,
SES0011661,U00950,27/10/2023 15:50,27/10/2023 15:52,97
SES0011662,U00950,2023-10-10 04:08:47,2023-10-13 13:41:03,293536
SES0011663,U00950,02/11/2023 17:36,2023-11-02T17:36:35Z,N/A
SES0011664,U00950,2023-10-15 00:53:28,2023-10-15 00:54:58,90
SES0011665,U00950,13/10/2023 14:33,13/10/2023 14:33,0
SES0011666,U00950,05/11/2023 07:20,2023-11-05 07:26:09,357
SES0011667,U00950,07/10/2023 05:35,07/10/2023 05:36,71
SES0011668,U00950,11/10/2023 04:29,2023-10-11T04:29:55Z,47
SES0011669,U00950,2023-10-09T13:21:51Z,09/10/2023 13:23,89
SES0011670,U00950,15/10/2023 22:58,15/10/2023 23:01,185
SES0011671,U00950,2023-10-19T01:10:19Z,19/10/2023 01:18,505
SES0011672,U00950,2023-10-31T03:02:21Z,2023-10-31 03:03:19,58
SES0011673,U00950,2023-10-31 21:00:44,2023-10-31 21:39:13,2309
SES0011674,U00950,13/10/2023 02:06,2023-10-13T02:06:41Z,35
SES0011675,U00950,2023-11-03T16:32:25Z,03/11/2023 16:47,924
SES0011676,U00950,2023-10-28T09:46:23Z,28/10/2023 09:47,55
SES0011677,U00950,08/10/2023 09:35,2023-10-08T09:37:10Z,98
SES0011678,U00950,25/10/2023 19:27,2023-10-25T19:29:44Z,123
SES0011679,U00950,07/10/2023 03:23,2023-10-07 03:24:34,84
SES0011680,U00950,2023-10-17T13:05:34Z,20/10/2023 13:24,260360
SES0011681,U00950,2023-10-24T02:18:21Z,24/10/2023 02:18,25
SES0011682,U00950,2023-11-05 15:39:17,05/11/2023 15:39,35
SES0011683,U00950,24/10/2023 20:15,2023-10-24T20:16:21Z,36
SES0011684,U00950,2023-10-09T16:01:08Z,2023-10-09T16:02:26Z,78
SES0011685,U00950,01/11/2023 02:38,01/11/2023 02:39,18
SES0011686,U00950,17/10/2023 20:56,17/10/2023 20:57,84
SES0011687,U00950,2023-10-29 05:05:19,29/10/2023 05:12,430
SES0011688,U00950,2023-10-31T04:54:40Z,2023-10-31 04:55:35,55
SES0011689,U00950,2023-10-16T11:53:15Z,16/10/2023 12:08,887
SES0011690,U00950,04/11/2023 18:57,2023-11-04T18:58:17Z,N/A
SES0011691,U00951,2023-02-26 13:49:13,2023-02-26 13:55:53,400
SES0011692,U00951,2023-03-01T20:29:20Z,2023-03-01 20:35:59,399
SES0011693,U00951,24/02/2023 15:01,2023-02-24 15:02:40,59
SES0011694,U00951,26/02/2023 07:55,2023-02-26T08:03:42Z,504
SES0011695,U00951,2023-02-24 22:45:21,24/02/2023 22:46,58
SES0011696,U00952,2024-06-04T10:07:23Z,2024-06-04T10:09:06Z,103
SES0011697,U00952,2024-06-26 07:20:25,26/06/2024 07:21,57
SES0011698,U00952,2024-06-29T21:45:40Z,29/06/2024 21:47,116
SES0011699,U00952,2024-06-25T12:58:15Z,2024-06-25T13:01:25Z,190
SES0011700,U00952,2024-06-28 03:54:55,28/06/2024 03:58,209
SES0011701,U00952,25/06/2024 09:51,25/06/2024 09:58,
SES0011702,U00952,2024-06-15T20:41:31Z,2024-06-15 20:43:49,138
SES0011703,U00952,01/06/2024 03:37,01/06/2024 03:41,232
SES0011704,U00952,09/06/2024 06:01,2024-06-09 06:16:22,901
SES0011705,U00952,2024-06-07T21:42:28Z,07/06/2024 21:44,120
SES0011706,U00953,20/03/2024 21:34,20/03/2024 21:46,758
SES0011707,U00954,2023-05-17 20:22:49,2023-05-17 20:26:30,221
SES0011708,U00954,2023-05-16 20:31:51,16/05/2023 20:34,144
SES0011709,U00954,2023-05-13 06:21:48,2023-05-13 06:22:20,32
SES0011710,U00954,2023-05-14 16:06:27,2023-05-14T16:10:07Z,220
SES0011711,U00954,2023-05-19 13:24:54,19/05/2023 13:27,145
SES0011712,U00956,2024-02-07T07:38:12Z,2024-02-07 07:38:54,42
SES0011713,U00956,2023-12-25 22:01:36,2023-12-25 22:05:33,237
SES0011714,U00956,2023-12-28T09:45:18Z,2023-12-28T09:48:24Z,186
SES0011715,U00956,27/01/2024 20:53,2024-01-27T20:54:15Z,34
SES0011716,U00956,2024-01-18T03:15:18Z,2024-01-18 03:17:09,111
SES0011717,U00956,2023-12-20 05:27:02,2023-12-20T05:30:36Z,214
SES0011718,U00956,2024-01-24 07:35:39,2024-01-24 07:49:36,837
SES0011719,U00956,27/02/2024 22:39,2024-02-27 22:46:56,460
SES0011720,U00956,2024-01-09T02:50:35Z,09/01/2024 02:53,199
SES0011721,U00956,2024-03-03 14:40:14,2024-03-03 14:45:03,289
SES0011722,U00957,30/04/2024 17:16,2024-04-30 17:17:58,83
SES0011723,U00957,2024-03-23 05:20:21,23/03/2024 05:26,384
SES0011724,U00957,26/03/2024 11:36,2024-03-26T11:59:52Z,1425
SES0011725,U00957,30/04/2024 03:21,30/04/2024 03:21,0
SES0011726,U00957,2024-05-10T04:51:16Z,2024-05-10 04:51:16,0
SES0011727,U00959,2024-06-29T19:43:57Z,2024-06-29T19:48:06Z,249
SES0011728,U00959,24/06/2024 11:42,2024-06-24T11:42:19Z,12
SES0011729,U00959,2024-05-28T16:34:10Z,2024-05-28T16:36:51Z,161
SES0011730,U00959,10/06/2024 07:57,10/06/2024 07:58,46
SES0011731,U00959,23/05/2024 10:43,2024-05-23 10:44:01,16
SES0011732,U00959,2024-06-26T13:21:51Z,26/06/2024 13:22,67
SES0011733,U00959,12/06/2024 15:46,12/06/2024 16:09,1372
SES0011734,U00959,2024-06-15T16:31:38Z,2024-06-15 16:34:39,181
SES0011735,U00959,29/05/2024 18:03,29/05/2024 18:10,435
SES0011736,U00959,21/05/2024 13:37,2024-05-21 13:45:00,472
SES0011737,U00959,2024-06-12 08:15:24,2024-06-12 08:16:52,88
SES0011738,U00959,17/05/2024 07:10,2024-05-17 07:10:52,43
SES0011739,U00959,2024-06-17T19:56:48Z,2024-06-17T20:03:02Z,374
SES0011740,U00959,2024-05-31T20:26:58Z,31/05/2024 20:27,N/A
SES0011741,U00959,2024-06-05T05:48:20Z,2024-06-05T05:50:10Z,110
SES0011742,U00959,08/06/2024 21:01,08/06/2024 21:12,704
SES0011743,U00959,2024-05-31 14:25:56,2024-05-31T14:28:48Z,172
SES0011744,U00959,08/06/2024 01:51,2024-06-08T01:56:12Z,296
SES0011745,U00959,2024-05-31 02:17:43,2024-05-31T02:19:15Z,92
SES0011746,U00959,2024-06-19 04:01:41,19/06/2024 04:01,11
SES0011747,U00959,2024-06-16 03:26:09,16/06/2024 03:26,0
SES0011748,U00959,13/06/2024 14:56,13/06/2024 14:56,13
SES0011749,U00959,2024-05-31 11:35:24,2024-05-31 11:40:09,285
SES0011750,U00959,25/06/2024 21:17,25/06/2024 21:19,109
SES0011751,U00959,22/06/2024 21:36,2024-06-22 21:42:37,395
SES0011752,U00959,2024-06-07 17:33:11,2024-06-07T17:35:26Z,
SES0011753,U00959,2024-05-04T11:40:22Z,2024-05-04T11:40:50Z,28
SES0011754,U00959,2024-05-09 21:02:43,09/05/2024 21:17,893
SES0011755,U00959,2024-05-17T16:20:05Z,2024-05-17 16:21:05,60
SES0011756,U00959,2024-06-18T15:12:00Z,18/06/2024 15:12,41
SES0011757,U00960,2024-02-24 10:35:24,2024-02-24 10:37:44,140
SES0011758,U00960,2024-03-10 04:59:02,10/03/2024 05:01,154
SES0011759,U00960,2024-02-02 04:41:34,02/02/2024 04:47,382
SES0011760,U00960,2024-02-20 01:20:30,20/02/2024 01:21,45
SES0011761,U00960,18/03/2024 15:28,2024-03-18 15:30:06,82
SES0011762,U00960,2024-06-03 18:45:22,03/06/2024 18:49,256
SES0011763,U00960,28/03/2024 05:23,2024-03-28 05:24:10,16
SES0011764,U00960,24/05/2024 22:33,24/05/2024 22:36,151
SES0011765,U00960,09/05/2024 04:18,2024-05-09T04:18:53Z,50
SES0011766,U00960,31/05/2024 23:43,31/05/2024 23:46,213
SES0011767,U00960,2024-03-16 22:34:24,2024-03-16T22:35:04Z,40
SES0011768,U00960,2024-03-29 04:51:50,2024-03-29T04:57:42Z,352
SES0011769,U00960,2024-02-25 02:47:12,25/02/2024 02:48,85
SES0011770,U00960,2024-03-26T13:15:29Z,2024-03-26 13:17:09,100
SES0011771,U00960,2024-04-09 10:29:38,2024-04-09 10:32:33,175
SES0011772,U00960,2024-05-21 17:38:49,2024-05-21 18:03:55,
SES0011773,U00960,18/02/2024 04:24,2024-02-18 04:31:13,378
SES0011774,U00960,2024-06-12T08:27:05Z,2024-06-12 08:31:39,274
SES0011775,U00960,2024-05-21T15:16:28Z,2024-05-21T15:20:48Z,260
SES0011776,U00960,2024-03-03 22:00:53,2024-03-03 22:01:58,65
SES0011777,U00960,2024-06-05T19:25:54Z,2024-06-05 19:26:30,36
SES0011778,U00960,08/04/2024 21:17,08/04/2024 21:27,571
SES0011779,U00960,05/06/2024 10:52,2024-06-05 11:02:00,550
SES0011780,U00960,2024-05-01T20:06:59Z,2024-05-01T20:26:58Z,N/A
SES0011781,U00960,2024-03-03 00:21:07,03/03/2024 00:23,150
SES0011782,U00960,13/06/2024 14:38,13/06/2024 14:40,114
SES0011783,U00960,2024-04-27 12:24:56,27/04/2024 12:27,139
SES0011784,U00960,2024-05-08 21:01:42,2024-05-08T21:02:35Z,53
SES0011785,U00960,2024-05-03T22:37:03Z,2024-05-03T22:38:18Z,75
SES0011786,U00960,18/06/2024 12:18,2024-06-18 12:18:43,9
SES0011787,U00960,2024-05-30 01:48:12,2024-05-30T01:49:19Z,67
SES0011788,U00960,25/05/2024 19:01,2024-05-25 19:03:50,162
SES0011789,U00960,13/02/2024 03:24,2024-02-13 03:41:45,1030
SES0011790,U00960,2024-04-26T23:43:00Z,26/04/2024 23:44,71
SES0011791,U00960,2024-02-16T15:33:55Z,2024-02-17 19:16:52,99777
SES0011792,U00960,2024-06-10T04:07:10Z,2024-06-10T04:19:27Z,737
SES0011793,U00960,10/02/2024 09:50,2024-02-10 10:01:41,655
SES0011794,U00960,2024-05-02 14:09:08,02/05/2024 14:09,37
SES0011795,U00960,2024-02-13 02:46:25,13/02/2024 02:47,59
SES0011796,U00960,2024-06-07 00:53:22,2024-06-07T00:58:32Z,310
SES0011797,U00961,2024-04-05 08:35:49,2024-04-05 08:39:27,218
SES0011798,U00962,2024-02-29 18:26:26,2024-02-29T18:28:12Z,106
SES0011799,U00963,18/10/2023 14:13,18/10/2023 14:16,224
SES0011800,U00965,24/10/2023 00:27,2023-10-24 00:30:12,182
SES0011801,U00965,2023-01-16T12:56:46Z,2023-01-16 13:01:11,265
SES0011802,U00965,2023-10-09T20:33:22Z,2023-10-09 20:34:19,57
SES0011803,U00965,2023-11-26 11:33:10,2023-11-26 11:33:48,38
SES0011804,U00965,28/04/2023 03:23,28/04/2023 03:26,162
SES0011805,U00965,2023-03-14T06:39:56Z,2023-03-14T06:44:15Z,259
SES0011806,U00965,2024-01-01 10:58:22,2024-01-01 10:58:36,14
SES0011807,U00965,2023-12-16T09:07:49Z,2023-12-16T09:07:59Z,10
SES0011808,U00965,2023-05-27 07:22:40,2023-05-27 07:42:24,1184
SES0011809,U00965,2023-03-28T21:21:45Z,2023-03-28T22:13:00Z,3075
SES0011810,U00966,29/02/2024 07:54,2024-02-29 07:55:13,28
SES0011811,U00966,2024-03-29T12:21:50Z,29/03/2024 12:22,59
SES0011812,U00966,09/03/2024 01:37,09/03/2024 01:37,0
SES0011813,U00966,2024-03-29T11:53:49Z,29/03/2024 11:54,52
SES0011814,U00966,2024-03-03T14:16:35Z,03/03/2024 14:22,369
SES0011815,U00966,2024-02-27 23:01:25,2024-02-27 23:40:52,2367
SES0011816,U00966,25/02/2024 11:57,2024-02-25 12:06:08,527
SES0011817,U00966,2024-03-22 18:06:17,2024-03-22T18:06:17Z,0
SES0011818,U00966,2024-04-27T07:35:37Z,2024-04-30T05:19:24Z,251027
SES0011819,U00966,2024-04-16T04:30:42Z,2024-04-16 04:40:03,561
SES0011820,U00968,2023-07-13 23:42:32,2023-07-13T23:45:30Z,178
SES0011821,U00968,2023-07-13T20:22:45Z,2023-07-13T20:30:08Z,443
SES0011822,U00968,17/07/2023 07:16,2023-07-17 07:17:47,63
SES0011823,U00968,2023-07-08T17:05:41Z,2023-07-08T17:11:09Z,328
SES0011824,U00968,2023-07-15T23:12:37Z,15/07/2023 23:14,106
SES0011825,U00969,2023-02-07 02:11:33,2023-02-07T02:12:15Z,42
SES0011826,U00969,06/02/2023 02:49,2023-02-06T02:50:51Z,62
SES0011827,U00969,09/02/2023 03:58,09/02/2023 03:59,63
SES0011828,U00969,2023-02-06 04:17:46,2023-02-06T04:22:06Z,260
SES0011829,U00969,03/02/2023 17:43,2023-02-03T17:51:26Z,467
SES0011830,U00969,2023-02-07T08:10:18Z,2023-02-07T08:11:43Z,85
SES0011831,U00969,2023-02-05 13:06:22,2023-02-05T13:10:12Z,230
SES0011832,U00969,04/02/2023 13:37,04/02/2023 13:40,192
SES0011833,U00969,2023-02-08 23:27:38,2023-02-08 23:30:27,169
SES0011834,U00969,2023-02-07T17:40:37Z,2023-02-07 17:42:17,100
SES0011835,U00970,17/01/2024 15:31,2024-01-17 15:31:54,20
SES0011836,U00970,13/01/2024 16:37,2024-01-13 16:38:19,64
SES0011837,U00970,2024-01-18 08:57:13,2024-01-18 08:59:08,115
SES0011838,U00970,2024-01-01T12:59:18Z,2024-01-01 12:59:42,24
SES0011839,U00970,13/01/2024 09:38,2024-01-13 09:39:46,80
SES0011840,U00970,24/12/2023 02:40,2023-12-24 02:45:55,302
SES0011841,U00970,2024-01-14T21:39:00Z,2024-01-14 21:41:19,139
SES0011842,U00970,14/01/2024 21:31,2024-01-14T21:32:08Z,23
SES0011843,U00970,2023-12-25 03:36:38,25/12/2023 03:55,1132
SES0011844,U00970,22/12/2023 02:39,2023-12-22 02:40:19,50
SES0011845,U00970,31/12/2023 07:09,2023-12-31T07:09:38Z,0
SES0011846,U00970,2024-01-08 22:19:02,08/01/2024 22:19,12
SES0011847,U00970,2024-01-17T04:25:37Z,2024-01-17 04:25:47,10
SES0011848,U00970,2024-01-13 08:33:43,2024-01-13 08:35:13,90
SES0011849,U00970,2024-01-06T20:34:47Z,2024-01-06 20:36:35,108
SES0011850,U00970,20/01/2024 02:29,20/01/2024 02:30,24
SES0011851,U00970,2024-01-17 18:18:39,17/01/2024 18:22,257
SES0011852,U00970,2023-12-22T23:19:19Z,2023-12-22 23:20:27,68
SES0011853,U00970,28/12/2023 06:08,2023-12-28T06:16:52Z,484
SES0011854,U00970,01/01/2024 17:50,2024-01-01 17:53:39,186
SES0011855,U00971,2023-04-04T07:49:08Z,2023-04-04 07:59:00,592
SES0011856,U00971,2023-04-02T16:52:14Z,2023-04-02T16:53:27Z,
SES0011857,U00971,2023-03-31 08:10:24,2023-03-31 08:12:06,102
SES0011858,U00971,2023-04-03 23:53:55,2023-04-03T23:54:35Z,40
SES0011859,U00971,2023-04-02T02:17:42Z,02/04/2023 02:54,2199
SES0011860,U00972,2023-08-01 06:14:08,2023-08-01 06:15:34,86
SES0011861,U00973,2023-10-22 09:19:32,2023-10-22 09:21:20,108
SES0011862,U00973,2023-10-21T16:55:29Z,2023-10-21T17:00:28Z,299
SES0011863,U00973,2023-10-24T00:51:59Z,24/10/2023 00:54,150
SES0011864,U00973,2023-10-26T23:14:29Z,2023-10-26 23:15:20,51
SES0011865,U00973,21/10/2023 19:08,2023-10-21 19:18:40,
SES0011866,U00973,23/10/2023 12:55,23/10/2023 12:56,20
SES0011867,U00973,2023-10-23 19:49:35,2023-10-23 19:52:19,164
SES0011868,U00973,2023-10-25T23:46:03Z,2023-10-25T23:46:32Z,29
SES0011869,U00973,22/10/2023 09:17,22/10/2023 09:36,1158
SES0011870,U00973,2023-10-21T12:16:20Z,2023-10-21T12:16:31Z,11
SES0011871,U00973,2023-10-25T00:43:56Z,25/10/2023 00:46,142
SES0011872,U00973,2023-10-24T01:29:05Z,2023-10-24T01:30:33Z,88
SES0011873,U00973,26/10/2023 09:36,26/10/2023 09:37,33
SES0011874,U00973,24/10/2023 04:15,2023-10-24T04:18:38Z,175
SES0011875,U00973,23/10/2023 12:17,23/10/2023 12:17,24
SES0011876,U00974,2024-02-11 21:12:14,2024-02-11 21:12:54,40
SES0011877,U00975,21/10/2023 21:09,2023-10-21 21:12:39,178
SES0011878,U00975,2023-10-26T13:37:00Z,2023-10-26T13:40:11Z,191
SES0011879,U00975,2023-10-10 22:32:18,2023-10-10 22:33:14,56
SES0011880,U00975,2023-10-31 06:52:11,2023-10-31 06:53:12,61
SES0011881,U00975,2023-10-11 03:36:38,11/10/2023 03:39,181
SES0011882,U00975,2023-10-31T13:57:12Z,31/10/2023 14:02,295
SES0011883,U00975,2023-10-28 06:05:19,2023-10-28 06:20:31,912
SES0011884,U00975,2023-10-09T01:51:07Z,2023-10-09 01:54:01,174
SES0011885,U00975,2023-10-12 02:03:45,12/10/2023 02:20,983
SES0011886,U00975,15/10/2023 23:04,15/10/2023 23:13,533
SES0011887,U00975,2023-10-14 10:19:26,2023-10-14T10:19:26Z,0
SES0011888,U00975,06/10/2023 23:58,2023-10-07 00:03:06,251
SES0011889,U00975,2023-10-04 16:36:39,2023-10-04 16:37:27,48
SES0011890,U00975,2023-10-25T18:32:56Z,2023-10-25T18:33:40Z,44
SES0011891,U00975,2023-10-06T06:32:24Z,2023-10-06T06:33:13Z,49
SES0011892,U00975,2023-10-10T03:50:56Z,2023-10-10 04:09:28,1112
SES0011893,U00975,2023-10-08T23:37:33Z,2023-10-08 23:38:45,72
SES0011894,U00975,2023-10-09 01:48:53,2023-10-09 01:50:11,78
SES0011895,U00975,2023-10-16 17:52:18,16/10/2023 17:52,11
SES0011896,U00975,2023-10-29 23:15:42,01/11/2023 11:29,216800
SES0011897,U00975,2023-10-13T08:51:40Z,2023-10-13T08:54:41Z,181
SES0011898,U00975,18/10/2023 19:32,2023-10-18 19:38:00,301
SES0011899,U00975,08/10/2023 06:10,08/10/2023 06:28,1086
SES0011900,U00975,30/10/2023 07:26,2023-10-30T07:29:18Z,158
SES0011901,U00975,2023-10-13T19:46:59Z,2023-10-13T19:51:36Z,277
SES0011902,U00975,2023-10-04 01:31:34,2023-10-04 01:32:46,N/A
SES0011903,U00975,2023-10-13 10:09:00,13/10/2023 10:12,199
SES0011904,U00975,19/10/2023 17:26,2023-10-19 17:26:48,29
SES0011905,U00975,2023-10-22 14:12:31,2023-10-22T14:14:41Z,130
SES0011906,U00975,2023-10-11T04:15:30Z,2023-10-11 04:15:53,23
SES0011907,U00975,2023-10-09T08:26:43Z,09/10/2023 08:30,207
SES0011908,U00975,2023-10-14 13:50:55,2023-10-14 13:52:55,120
SES0011909,U00975,2023-10-14T01:12:04Z,2023-10-14 01:15:15,191
SES0011910,U00975,2023-10-29 16:23:03,2023-10-29 16:23:52,49
SES0011911,U00975,2023-10-21 03:00:19,2023-10-21T03:01:26Z,67
SES0011912,U00975,01/11/2023 07:47,01/11/2023 07:48,68
SES0011913,U00975,2023-10-10 16:07:51,10/10/2023 16:07,8
SES0011914,U00975,2023-10-17 10:18:55,17/10/2023 10:25,383
SES0011915,U00975,2023-10-22T08:20:37Z,22/10/2023 08:24,233
SES0011916,U00975,2023-10-20 16:49:18,2023-10-20 16:50:10,52
SES0011917,U00976,05/05/2024 22:55,2024-05-05T22:57:08Z,95
SES0011918,U00976,2024-04-21 15:21:38,2024-04-21T15:27:09Z,331
SES0011919,U00976,2024-04-25T09:32:27Z,2024-04-25T09:33:14Z,47
SES0011920,U00976,2024-04-19T23:03:52Z,19/04/2024 23:04,52
SES0011921,U00976,2024-04-18T18:59:40Z,18/04/2024 19:03,205
SES0011922,U00976,2024-04-30 10:16:50,2024-04-30T10:23:18Z,388
SES0011923,U00976,09/05/2024 03:51,2024-05-09 03:51:41,4
SES0011924,U00976,2024-05-08 15:12:48,08/05/2024 15:14,77
SES0011925,U00976,2024-05-12 11:33:16,2024-05-12T11:37:19Z,243
SES0011926,U00976,27/04/2024 14:10,27/04/2024 14:28,1065
SES0011927,U00977,2023-09-27 12:35:21,2023-09-27T12:41:33Z,372
SES0011928,U00977,2023-09-04 01:14:46,2023-09-04T01:15:23Z,37
SES0011929,U00977,2023-07-07T04:17:21Z,2023-07-07T04:22:13Z,292
SES0011930,U00977,2023-09-27 22:39:01,27/09/2023 22:39,5
SES0011931,U00977,11/08/2023 20:09,2023-08-11 20:10:29,68
SES0011932,U00978,08/08/2023 09:18,2023-08-08 09:19:14,61
SES0011933,U00978,2023-11-10T21:30:31Z,2023-11-10 21:47:10,999
SES0011934,U00978,31/08/2023 10:06,2023-08-31 10:07:12,52
SES0011935,U00978,16/09/2023 16:27,2023-09-16 16:28:54,107
SES0011936,U00978,28/08/2023 21:17,2023-08-28 21:18:39,58
SES0011937,U00978,2023-07-12T22:35:35Z,12/07/2023 22:35,24
SES0011938,U00978,2023-10-07T06:35:30Z,2023-10-07T06:38:54Z,204
SES0011939,U00978,19/08/2023 13:09,2023-08-19 13:16:28,421
SES0011940,U00978,08/07/2023 18:11,2023-07-08T18:12:12Z,46
SES0011941,U00978,2023-07-17 12:05:48,2023-07-17 12:07:40,112
SES0011942,U00978,2023-11-26 02:29:48,2023-11-26T02:30:40Z,52
SES0011943,U00978,2023-10-12T03:38:46Z,2023-10-12 05:21:19,6153
SES0011944,U00978,2023-10-21T02:07:53Z,2023-10-21 02:13:17,324
SES0011945,U00978,2023-07-21T05:37:21Z,21/07/2023 05:37,37
SES0011946,U00978,2023-11-16 02:49:06,2023-11-16 02:50:43,
SES0011947,U00978,2023-10-04T19:35:03Z,04/10/2023 19:50,905
SES0011948,U00978,2023-10-26T14:43:09Z,2023-10-26 14:44:18,69
SES0011949,U00978,2023-09-24 02:14:48,2023-09-24 02:16:35,107
SES0011950,U00978,2023-11-11T09:23:58Z,2023-11-11T09:24:08Z,10
SES0011951,U00978,2023-08-18 10:28:01,18/08/2023 10:30,155
SES0011952,U00978,2023-12-08T10:29:27Z,2023-12-08T10:30:29Z,62
SES0011953,U00978,13/10/2023 17:06,2023-10-13 17:07:57,99
SES0011954,U00978,2023-10-12 22:28:52,12/10/2023 22:34,N/A
SES0011955,U00978,2023-11-08 19:00:59,2023-11-08T20:12:44Z,4305
SES0011956,U00978,29/06/2023 15:27,2023-06-29 15:39:34,702
SES0011957,U00978,2023-11-05 00:58:36,05/11/2023 01:00,133
SES0011958,U00978,02/08/2023 11:37,02/08/2023 11:38,72
SES0011959,U00978,23/10/2023 15:35,23/10/2023 15:41,379
SES0011960,U00978,23/11/2023 04:00,23/11/2023 04:03,216
SES0011961,U00978,2023-11-20 12:51:21,20/11/2023 12:55,274
SES0011962,U00978,2023-10-18 03:32:09,2023-10-18 03:33:48,99
SES0011963,U00978,2023-09-14 10:02:10,14/09/2023 10:07,338
SES0011964,U00978,2023-11-23T19:38:37Z,23/11/2023 20:01,1392
SES0011965,U00978,2023-12-03 23:38:57,03/12/2023 23:46,475
SES0011966,U00978,15/07/2023 18:22,15/07/2023 18:29,407
SES0011967,U00978,2023-09-01T09:38:47Z,2023-09-01T09:59:18Z,1231
SES0011968,U00978,07/07/2023 17:35,07/07/2023 17:49,820
SES0011969,U00978,2023-10-07T17:40:21Z,2023-10-07 17:41:33,72
SES0011970,U00978,2023-11-21 14:28:37,2023-11-23T22:05:47Z,200230
SES0011971,U00978,2023-09-03 06:48:00,2023-09-03T06:54:04Z,364
SES0011972,U00979,2024-06-27T22:12:31Z,2024-06-27T22:15:29Z,178
SES0011973,U00979,2024-06-06 18:44:37,06/06/2024 18:46,87
SES0011974,U00980,2023-04-23T08:44:21Z,2023-04-23 08:46:53,152
SES0011975,U00980,2023-04-07 09:12:00,2023-04-07 09:16:13,
SES0011976,U00980,08/04/2023 11:43,08/04/2023 11:47,226
SES0011977,U00981,2023-06-18 23:37:49,2023-06-18 23:39:28,99
SES0011978,U00981,16/06/2023 11:57,2023-06-16T11:57:45Z,26
SES0011979,U00982,2023-07-11 21:06:55,2023-07-11T21:08:23Z,88
SES0011980,U00982,2023-07-14T05:01:16Z,2023-07-14T05:09:07Z,471
SES0011981,U00982,2023-04-05T07:01:50Z,2023-04-05T07:02:52Z,62
SES0011982,U00982,04/07/2023 20:21,2023-07-04 20:46:55,1506
SES0011983,U00982,2023-01-21T05:45:09Z,2023-01-21T05:47:23Z,134
SES0011984,U00982,2023-02-03T11:04:03Z,03/02/2023 11:08,263
SES0011985,U00982,2023-01-24T00:58:57Z,24/01/2023 00:59,N/A
SES0011986,U00982,2023-02-10 10:04:32,2023-02-10 10:07:05,153
SES0011987,U00982,2023-01-31 02:16:00,2023-01-31T02:20:38Z,278
SES0011988,U00982,26/06/2023 04:08,2023-06-26 04:13:44,336
SES0011989,U00983,15/04/2023 18:05,15/04/2023 18:06,25
SES0011990,U00983,19/04/2023 21:28,2023-04-19T21:36:23Z,490
SES0011991,U00984,2023-05-15T12:25:53Z,15/05/2023 12:26,45
SES0011992,U00984,11/05/2023 21:57,2023-05-11 22:00:19,N/A
SES0011993,U00985,04/05/2024 14:25,2024-05-04T14:31:17Z,343
SES0011994,U00985,2024-04-22 15:00:31,2024-04-22 15:04:39,248
SES0011995,U00985,2024-04-21T03:55:29Z,2024-04-21T03:55:48Z,19
SES0011996,U00985,06/06/2024 08:04,2024-06-06T08:07:43Z,207
SES0011997,U00985,2024-05-09 19:07:01,09/05/2024 19:13,N/A
SES0011998,U00985,2024-05-15T20:23:42Z,2024-05-15 20:41:43,1081
SES0011999,U00985,2024-04-18 18:49:32,18/04/2024 18:52,161
SES0012000,U00985,2024-05-26 23:41:21,2024-05-26 23:42:14,53
SES0012001,U00985,2024-06-26T18:42:39Z,2024-06-26T18:46:55Z,256
SES0012002,U00985,2024-06-21 23:34:28,21/06/2024 23:35,42
SES0012003,U00985,28/06/2024 08:45,2024-06-28 08:47:58,159
SES0012004,U00985,28/05/2024 06:17,2024-05-28T06:17:42Z,20
SES0012005,U00985,2024-05-10T11:53:00Z,2024-05-10 11:57:15,255
SES0012006,U00985,08/06/2024 22:49,2024-06-08 22:50:58,
SES0012007,U00985,2024-06-19T07:45:29Z,19/06/2024 07:46,58
SES0012008,U00985,20/06/2024 01:11,2024-06-20T01:13:34Z,128
SES0012009,U00985,2024-04-24T17:04:36Z,2024-04-24 17:06:53,137
SES0012010,U00985,2024-05-23T03:11:16Z,2024-05-23T03:16:23Z,307
SES0012011,U00985,17/05/2024 05:30,2024-05-17T05:35:47Z,300
SES0012012,U00985,2024-06-22 05:42:49,22/06/2024 05:42,6
SES0012013,U00985,2024-04-14 09:00:20,2024-04-14 09:06:08,348
SES0012014,U00985,2024-06-27 18:50:54,27/06/2024 18:51,50
SES0012015,U00985,2024-04-12T21:56:39Z,2024-04-12T22:05:54Z,555
SES0012016,U00985,2024-05-06T08:11:12Z,2024-05-06 08:30:30,1158
SES0012017,U00985,2024-06-08T17:44:08Z,2024-06-08 17:46:16,128
SES0012018,U00985,20/04/2024 05:54,20/04/2024 05:55,99
SES0012019,U00985,2024-05-19T16:25:11Z,2024-05-19T16:26:56Z,N/A
SES0012020,U00985,26/04/2024 02:23,26/04/2024 02:24,66
SES0012021,U00985,2024-06-01 08:11:20,2024-06-01T08:12:49Z,89
SES0012022,U00985,2024-05-08 19:19:00,08/05/2024 19:30,712
SES0012023,U00985,2024-06-19T16:21:08Z,2024-06-19 16:23:26,138
SES0012024,U00985,2024-05-05 09:03:47,2024-05-05 09:05:30,103
SES0012025,U00985,2024-06-14 13:11:36,14/06/2024 13:31,1190
SES0012026,U00985,2024-04-25 18:13:11,25/04/2024 18:29,973
SES0012027,U00985,2024-05-03T10:29:08Z,03/05/2024 10:29,8
SES0012028,U00985,2024-04-29 16:00:46,2024-04-29T16:07:07Z,
SES0012029,U00985,2024-04-14 10:31:41,2024-04-14 10:32:24,43
SES0012030,U00985,2024-05-15T12:08:53Z,2024-05-15 12:11:34,161
SES0012031,U00985,2024-06-09 01:57:31,09/06/2024 01:59,94
SES0012032,U00985,16/06/2024 04:23,2024-06-16 04:28:37,303
SES0012033,U00985,2024-06-17 04:53:22,2024-06-17 04:58:53,331
SES0012034,U00985,2024-04-23T17:23:02Z,23/04/2024 17:24,73
SES0012035,U00985,2024-06-29 03:07:44,29/06/2024 03:07,0
SES0012036,U00985,2024-05-01T08:13:09Z,01/05/2024 08:17,233
SES0012037,U00985,30/04/2024 16:47,30/04/2024 16:51,226
SES0012038,U00985,2024-06-03T10:13:10Z,2024-06-03T10:16:50Z,220
SES0012039,U00985,2024-04-15T09:21:20Z,2024-04-15T09:28:23Z,423
SES0012040,U00985,2024-06-11 21:01:50,2024-06-11 21:02:21,31
SES0012041,U00985,2024-05-25 20:51:59,2024-05-25 21:08:22,983
SES0012042,U00985,24/04/2024 18:43,2024-04-24T18:48:34Z,331
SES0012043,U00985,2024-04-27 05:27:34,2024-04-27T05:27:34Z,0
SES0012044,U00985,2024-06-20 15:09:44,2024-06-20T15:11:26Z,102
SES0012045,U00985,2024-06-22T03:29:27Z,2024-06-22 03:44:41,914
SES0012046,U00985,2024-06-12T00:28:21Z,2024-06-12T00:31:23Z,182
SES0012047,U00985,2024-05-22 18:08:14,22/05/2024 18:09,63
SES0012048,U00985,2024-05-12T09:01:26Z,2024-05-12 09:04:25,179
SES0012049,U00985,2024-06-16T04:21:07Z,16/06/2024 04:24,
SES0012050,U00985,29/04/2024 00:05,29/04/2024 00:06,40
SES0012051,U00985,2024-04-27T18:12:48Z,2024-04-27 18:49:26,2198
SES0012052,U00985,2024-06-23 08:19:57,2024-06-23T09:06:23Z,2786
SES0012053,U00985,2024-05-27T04:08:03Z,27/05/2024 04:09,88
SES0012054,U00985,28/05/2024 12:50,2024-05-28 13:04:09,833
SES0012055,U00985,18/04/2024 01:21,18/04/2024 01:59,2283
SES0012056,U00985,25/06/2024 23:23,25/06/2024 23:35,
SES0012057,U00985,2024-06-05 13:12:24,05/06/2024 13:12,0
SES0012058,U00985,2024-05-25T23:12:28Z,2024-05-25T23:12:59Z,31
SES0012059,U00985,28/04/2024 14:39,2024-04-28 14:41:35,125
SES0012060,U00985,11/05/2024 03:52,11/05/2024 03:52,
SES0012061,U00985,2024-04-23T16:29:37Z,2024-04-23 16:38:21,524
SES0012062,U00985,2024-06-24 16:07:10,2024-06-24T16:14:06Z,416
SES0012063,U00985,07/05/2024 03:22,07/05/2024 03:26,277
SES0012064,U00985,2024-05-26 20:10:37,2024-05-26 20:11:24,47
SES0012065,U00985,2024-04-28T00:00:36Z,28/04/2024 00:00,0
SES0012066,U00985,2024-06-03 09:50:00,03/06/2024 09:52,154
SES0012067,U00985,2024-06-17T02:41:13Z,2024-06-17T02:42:35Z,82
SES0012068,U00985,2024-06-12 20:33:25,2024-06-12T20:38:36Z,311
SES0012069,U00985,2024-06-02T05:17:10Z,2024-06-02T05:18:14Z,64
SES0012070,U00985,2024-05-09 08:13:55,09/05/2024 08:16,177
SES0012071,U00985,06/05/2024 05:41,06/05/2024 05:42,79
SES0012072,U00985,2024-05-25 02:38:03,2024-05-25T02:47:32Z,569
SES0012073,U00986,2023-03-22 08:01:10,2023-03-22 08:02:39,89
SES0012074,U00986,2023-08-29 09:41:08,29/08/2023 09:41,9
SES0012075,U00986,2023-06-01 11:28:18,2023-06-01T11:29:29Z,71
SES0012076,U00986,12/07/2023 03:45,2023-07-12 03:47:26,101
SES0012077,U00986,2023-03-11T16:41:33Z,11/03/2023 16:50,565
SES0012078,U00986,2023-10-29 19:02:15,2023-10-29T19:03:56Z,101
SES0012079,U00986,01/12/2023 10:59,01/12/2023 11:01,99
SES0012080,U00986,08/08/2023 17:30,2023-08-08 17:38:23,494
SES0012081,U00986,09/01/2024 15:43,2024-01-09 15:47:37,232
SES0012082,U00986,2023-04-22T12:18:45Z,2023-04-22 12:19:24,39
SES0012083,U00986,07/01/2024 16:57,2024-01-07 17:08:56,713
SES0012084,U00986,07/05/2023 22:13,2023-05-07 22:14:05,55
SES0012085,U00986,2023-10-01T18:31:33Z,2023-10-01T18:33:35Z,122
SES0012086,U00986,2023-10-23 16:36:49,2023-10-23 16:36:49,0
SES0012087,U00986,2023-11-12 02:23:28,2023-11-12T02:25:31Z,123
SES0012088,U00986,2023-06-13 07:43:44,13/06/2023 07:47,227
SES0012089,U00986,17/05/2023 16:52,17/05/2023 17:02,633
SES0012090,U00986,2023-10-13 01:09:03,13/10/2023 01:16,448
SES0012091,U00986,2023-05-03 22:13:40,2023-05-03 22:14:20,40
SES0012092,U00986,2023-05-11 04:28:05,11/05/2023 04:31,N/A
SES0012093,U00986,17/02/2024 14:09,2024-02-17 14:29:22,1207
SES0012094,U00986,2023-12-03 18:49:08,2023-12-03T18:57:56Z,528
SES0012095,U00986,10/04/2023 14:33,10/04/2023 14:35,147
SES0012096,U00986,2023-07-19 18:14:53,2023-07-21T11:17:36Z,147763
SES0012097,U00986,27/11/2023 19:28,2023-11-27 19:36:15,491
SES0012098,U00986,04/03/2024 21:45,2024-03-04T21:45:49Z,0
SES0012099,U00986,2023-09-01T12:44:58Z,01/09/2023 12:46,87
SES0012100,U00986,10/10/2023 23:44,10/10/2023 23:45,83
SES0012101,U00986,2023-06-14 20:05:22,2023-06-14T20:14:55Z,573
SES0012102,U00986,2023-11-21T06:44:31Z,2023-11-21T06:54:54Z,623
SES0012103,U00986,2023-12-27T01:45:19Z,2023-12-27 01:45:41,22
SES0012104,U00986,2023-07-03 22:01:39,03/07/2023 22:01,15
SES0012105,U00986,2023-08-12T20:07:22Z,2023-08-12T20:08:38Z,76
SES0012106,U00986,2023-07-02 00:28:15,2023-07-02 00:52:52,1477
SES0012107,U00986,20/03/2023 20:24,2023-03-20T20:34:26Z,577
SES0012108,U00986,2023-07-24 20:51:08,24/07/2023 20:51,25
SES0012109,U00986,2023-12-10 19:12:58,10/12/2023 19:18,327
SES0012110,U00986,2023-07-07T01:52:37Z,07/07/2023 01:57,288
SES0012111,U00986,2023-05-26T00:57:55Z,26/05/2023 01:00,125
SES0012112,U00986,27/04/2023 13:40,2023-04-27T13:45:13Z,273
SES0012113,U00986,2024-03-02 09:07:37,2024-03-02 09:08:39,62
SES0012114,U00986,2023-10-22 11:55:18,2023-10-22T11:56:55Z,97
SES0012115,U00986,2023-11-11 09:07:20,2023-11-11 09:54:32,2832
SES0012116,U00986,2023-10-05 03:49:08,2023-10-05 03:53:19,251
SES0012117,U00986,2024-02-04 16:41:44,2024-02-04 16:49:45,481
SES0012118,U00986,2023-06-23 23:19:51,2023-06-23T23:22:11Z,140
SES0012119,U00986,2023-04-08 07:49:52,2023-04-08T07:56:31Z,399
SES0012120,U00986,11/10/2023 18:05,2023-10-11 18:09:20,243
SES0012121,U00986,2024-02-28T16:24:21Z,2024-02-28 16:26:50,149
SES0012122,U00986,08/08/2023 13:18,2023-08-08T13:20:20Z,96
SES0012123,U00986,2023-04-08T06:43:57Z,2023-04-08 06:46:08,131
SES0012124,U00986,2023-06-18 08:26:19,2023-06-18T08:28:24Z,125
SES0012125,U00986,2023-12-21 17:26:13,2023-12-21T17:27:35Z,82
SES0012126,U00986,2023-06-26T07:30:10Z,2023-06-26 07:32:16,126
SES0012127,U00986,14/03/2023 14:44,2023-03-14T14:53:04Z,527
SES0012128,U00986,01/10/2023 06:18,2023-10-01T06:30:26Z,731
SES0012129,U00986,2023-06-28T04:43:55Z,2023-06-28T04:44:03Z,8
SES0012130,U00986,2024-03-07T00:27:26Z,2024-03-07 00:28:19,53
SES0012131,U00986,2023-12-24 08:43:29,2023-12-24T08:45:58Z,
SES0012132,U00986,2023-09-18T05:21:49Z,2023-09-18 05:23:05,76
SES0012133,U00986,16/05/2023 11:47,2023-05-16T11:52:48Z,294
SES0012134,U00986,12/03/2023 13:27,2023-03-12 13:33:06,345
SES0012135,U00986,04/12/2023 17:45,2023-12-04T17:49:31Z,250
SES0012136,U00986,2023-12-08T01:40:28Z,2023-12-08 01:41:20,52
SES0012137,U00986,2023-04-23T11:14:24Z,2023-04-23 11:28:30,846
SES0012138,U00986,2023-03-30T06:46:48Z,2023-03-30T06:48:53Z,125
SES0012139,U00986,2024-02-24T09:23:02Z,24/02/2024 09:25,166
SES0012140,U00986,2023-12-01 22:40:44,2023-12-01T22:51:40Z,656
SES0012141,U00986,30/05/2023 17:03,2023-05-30T17:07:07Z,207
SES0012142,U00986,2024-01-03 11:54:12,2024-01-05 19:11:31,199039
SES0012143,U00986,2024-01-05T10:32:46Z,05/01/2024 10:39,418
SES0012144,U00986,19/05/2023 16:10,19/05/2023 16:19,516
SES0012145,U00986,2024-01-16T01:14:02Z,2024-01-16T01:18:31Z,269
SES0012146,U00986,2024-02-19 17:54:15,2024-02-19 17:56:30,135
SES0012147,U00986,2024-02-06 09:10:07,06/02/2024 09:10,22
SES0012148,U00986,20/05/2023 01:38,20/05/2023 01:39,17
SES0012149,U00986,2023-10-17 21:02:55,2023-10-17 22:57:36,
SES0012150,U00986,2023-07-10T12:41:02Z,10/07/2023 12:41,15
SES0012151,U00986,10/11/2023 00:55,10/11/2023 00:55,9
SES0012152,U00986,2023-07-30 02:40:53,30/07/2023 02:43,134
SES0012153,U00987,12/01/2024 20:49,2024-01-12T21:32:41Z,2606
SES0012154,U00987,12/01/2024 00:34,12/01/2024 00:35,43
SES0012155,U00987,18/01/2024 18:25,18/01/2024 18:26,21
SES0012156,U00987,2024-01-13T07:12:26Z,13/01/2024 07:18,387
SES0012157,U00987,2024-01-12 09:37:47,2024-01-12 09:40:11,144
SES0012158,U00987,2024-01-12 02:05:16,2024-01-12T02:05:16Z,0
SES0012159,U00987,2024-01-16T02:04:05Z,16/01/2024 02:25,1281
SES0012160,U00987,16/01/2024 20:04,16/01/2024 20:34,1780
SES0012161,U00987,18/01/2024 03:16,18/01/2024 03:18,150
SES0012162,U00987,2024-01-16T08:43:06Z,2024-01-16T08:43:54Z,48
SES0012163,U00987,2024-01-17T12:31:15Z,17/01/2024 12:35,259
SES0012164,U00987,2024-01-14 08:19:15,14/01/2024 08:23,276
SES0012165,U00987,15/01/2024 05:19,2024-01-15 05:20:34,65
SES0012166,U00987,2024-01-12T02:37:50Z,2024-01-12 02:41:17,207
SES0012167,U00987,15/01/2024 15:51,2024-01-15T15:52:59Z,62
SES0012168,U00987,2024-01-13T02:38:41Z,13/01/2024 02:41,139
SES0012169,U00987,2024-01-18T08:30:51Z,2024-01-18 08:33:10,139
SES0012170,U00987,15/01/2024 16:30,2024-01-15T16:31:26Z,46
SES0012171,U00987,2024-01-15T14:52:00Z,2024-01-15T14:57:05Z,305
SES0012172,U00987,2024-01-16T23:06:11Z,16/01/2024 23:13,418
SES0012173,U00987,17/01/2024 02:39,2024-01-17 02:44:00,294
SES0012174,U00987,2024-01-17 10:20:50,2024-01-17T10:26:19Z,329
SES0012175,U00987,18/01/2024 10:52,2024-01-18T10:53:35Z,46
SES0012176,U00987,2024-01-17 18:43:08,2024-01-17T18:47:25Z,257
SES0012177,U00987,2024-01-13T22:00:57Z,2024-01-13T22:01:09Z,12
SES0012178,U00987,15/01/2024 10:21,15/01/2024 10:25,220
SES0012179,U00987,2024-01-14T17:41:22Z,2024-01-14 17:44:05,163
SES0012180,U00987,13/01/2024 19:53,2024-01-13 19:54:30,32
SES0012181,U00987,2024-01-14 13:36:47,14/01/2024 13:43,386
SES0012182,U00987,2024-01-15 04:59:24,15/01/2024 05:07,471
SES0012183,U00987,13/01/2024 18:24,2024-01-13T18:29:56Z,313
SES0012184,U00987,2024-01-17 22:51:43,2024-01-17T22:55:35Z,232
SES0012185,U00987,14/01/2024 12:00,2024-01-14 12:03:50,177
SES0012186,U00987,2024-01-13 18:46:32,2024-01-13T19:16:33Z,1801
SES0012187,U00987,2024-01-17 07:55:26,2024-01-17 07:59:55,269
SES0012188,U00987,2024-01-12 04:39:21,12/01/2024 04:46,457
SES0012189,U00987,2024-01-15T11:44:28Z,15/01/2024 11:45,42
SES0012190,U00987,12/01/2024 00:19,2024-01-12T00:30:21Z,677
SES0012191,U00987,2024-01-18 22:58:33,2024-01-18T23:03:55Z,322
SES0012192,U00987,2024-01-12 04:17:02,2024-01-12 04:19:34,152
SES0012193,U00988,07/05/2024 21:42,07/05/2024 21:42,0
SES0012193,U00988,07/05/2024 21:42,07/05/2024 21:42,0
SES0012194,U00989,2023-05-16T14:58:18Z,2023-05-16 14:59:32,74
SES0012195,U00989,2023-05-16 19:45:43,2023-05-16 19:55:55,612
SES0012196,U00989,2023-05-27T00:20:48Z,2023-05-27 00:24:44,236
SES0012197,U00989,2023-05-16T14:41:31Z,2023-05-19T02:17:33Z,214562
SES0012198,U00989,2023-06-11T01:19:57Z,2023-06-11 01:20:47,50
SES0012199,U00989,2023-05-30T19:01:49Z,30/05/2023 19:06,268
SES0012200,U00989,2023-05-26T00:02:52Z,2023-05-26T00:04:26Z,94
SES0012201,U00989,2023-05-19T15:45:58Z,2023-05-19T15:48:13Z,135
SES0012202,U00989,17/05/2023 05:04,17/05/2023 05:07,184
SES0012203,U00989,05/06/2023 08:56,2023-06-05 08:58:54,134
SES0012204,U00990,2024-05-12T04:40:36Z,12/05/2024 04:40,0
SES0012205,U00990,09/04/2024 10:01,2024-04-09T10:04:14Z,185
SES0012206,U00990,2024-06-18 02:27:08,2024-06-18 02:27:43,35
SES0012207,U00990,22/05/2024 21:05,2024-05-22T21:06:29Z,N/A
SES0012208,U00990,2024-06-14T02:06:12Z,2024-06-14 02:06:47,35
SES0012209,U00990,22/04/2024 09:52,2024-04-22T09:56:11Z,211
SES0012210,U00990,2024-04-18 06:49:25,2024-04-18T06:56:40Z,435
SES0012211,U00990,2024-05-12T06:04:03Z,12/05/2024 06:06,122
SES0012212,U00990,25/04/2024 08:37,25/04/2024 08:38,102
SES0012213,U00990,2024-04-23T20:02:19Z,2024-04-23 20:09:00,401
SES0012214,U00991,14/01/2024 04:08,2024-01-14T04:13:15Z,311
SES0012215,U00991,28/11/2023 14:44,2023-11-28 14:44:53,22
SES0012216,U00992,2023-06-20T16:30:34Z,2023-06-20T16:32:10Z,96
SES0012217,U00992,21/06/2023 05:53,21/06/2023 05:53,0
SES0012218,U00992,2023-04-28 19:21:59,28/04/2023 19:25,206
SES0012219,U00992,2023-05-19 06:48:57,2023-05-19T06:50:00Z,63
SES0012220,U00992,05/06/2023 08:00,2023-06-05 08:05:23,284
SES0012221,U00993,04/05/2024 15:24,04/05/2024 15:25,87
SES0012222,U00993,29/04/2024 18:01,2024-04-29 18:06:12,271
SES0012223,U00993,2024-05-14 14:38:13,14/05/2024 14:43,330
SES0012224,U00993,11/05/2024 22:13,11/05/2024 22:15,126
SES0012225,U00993,2024-05-19T01:53:46Z,19/05/2024 02:07,815
SES0012226,U00993,2024-05-22 19:13:55,2024-05-22T19:32:29Z,1114
SES0012227,U00993,2024-05-17T12:21:38Z,2024-05-17 12:29:41,483
SES0012228,U00993,08/05/2024 23:40,2024-05-08T23:43:48Z,228
SES0012229,U00993,2024-05-06T07:25:50Z,2024-05-06 07:26:58,68
SES0012230,U00993,04/05/2024 23:16,2024-05-04 23:18:44,116
SES0012231,U00993,07/05/2024 22:54,07/05/2024 22:59,302
SES0012232,U00993,23/05/2024 12:40,2024-05-23T12:50:24Z,604
SES0012233,U00993,2024-05-15T07:12:22Z,15/05/2024 07:14,134
SES0012234,U00993,10/05/2024 17:01,2024-05-10 17:08:02,395
SES0012235,U00993,2024-05-05 07:02:46,2024-05-05T07:05:12Z,146
SES0012236,U00993,2024-05-10T18:45:29Z,2024-05-10 18:53:19,470
SES0012237,U00993,2024-05-12T14:49:35Z,2024-05-12 14:51:56,141
SES0012238,U00993,2024-05-10T11:06:30Z,2024-05-10 11:07:12,42
SES0012239,U00993,28/04/2024 07:37,2024-04-28 07:44:33,451
SES0012240,U00993,09/05/2024 10:21,09/05/2024 10:21,34
SES0012241,U00993,07/05/2024 13:30,2024-05-07 13:31:41,90
SES0012242,U00993,2024-05-04T15:36:56Z,04/05/2024 15:37,9
SES0012243,U00993,2024-05-16 21:52:58,16/05/2024 21:59,417
SES0012244,U00993,27/04/2024 22:04,2024-04-27 22:05:21,39
SES0012245,U00993,23/05/2024 19:35,23/05/2024 19:36,86
SES0012246,U00993,2024-05-03T20:02:24Z,2024-05-03T20:37:24Z,2100
SES0012247,U00993,03/05/2024 17:21,2024-05-03 17:23:03,71
SES0012248,U00993,22/05/2024 11:40,2024-05-22T11:41:23Z,62
SES0012249,U00993,2024-05-17 10:25:09,17/05/2024 10:27,153
SES0012250,U00993,2024-05-16T00:59:01Z,2024-05-16 01:01:03,122
SES0012251,U00993,12/05/2024 05:11,12/05/2024 05:11,30
SES0012252,U00993,2024-04-28 15:19:59,2024-04-28 15:21:09,70
SES0012253,U00993,2024-05-21T00:20:52Z,21/05/2024 00:24,202
SES0012254,U00993,09/05/2024 10:08,2024-05-09 10:12:33,244
SES0012255,U00993,29/04/2024 23:49,29/04/2024 23:50,25
SES0012256,U00993,2024-04-25T13:42:30Z,2024-04-25T13:43:08Z,38
SES0012257,U00993,2024-04-26 09:24:08,2024-04-26 09:29:05,297
SES0012258,U00993,2024-05-08T23:45:23Z,08/05/2024 23:47,109
SES0012259,U00993,2024-05-04 02:44:25,2024-05-04T02:46:18Z,113
SES0012260,U00993,2024-04-29 22:54:47,2024-04-29 22:59:11,264
SES0012261,U00994,2023-06-16T02:14:43Z,2023-06-16T02:34:31Z,1188
SES0012262,U00994,2023-03-26T15:37:12Z,2023-03-26 15:45:51,519
SES0012263,U00994,2023-09-01 06:49:33,2023-09-01 06:50:00,27
SES0012264,U00994,2023-08-22 03:40:58,2023-08-22 03:43:04,126
SES0012265,U00994,2023-05-31 02:34:57,2023-05-31 02:54:22,1165
SES0012266,U00994,11/08/2023 09:34,2023-08-11 09:35:02,21
SES0012267,U00994,2023-03-22T20:23:59Z,2023-03-22T20:24:04Z,5
SES0012268,U00994,31/08/2023 14:11,2023-08-31T14:11:59Z,13
SES0012269,U00994,2023-06-28 13:31:05,2023-06-28T13:43:18Z,733
SES0012270,U00994,24/04/2023 07:35,2023-04-24 07:36:01,59
SES0012271,U00994,20/04/2023 13:26,20/04/2023 13:26,47
SES0012272,U00994,30/06/2023 14:25,2023-06-30 14:31:21,357
SES0012273,U00994,2023-09-01T00:09:38Z,2023-09-01 00:12:24,166
SES0012274,U00994,02/08/2023 18:20,2023-08-02T18:28:11Z,461
SES0012275,U00994,20/08/2023 19:36,2023-08-20 19:39:27,178
SES0012276,U00994,2023-08-14T00:52:52Z,2023-08-14T00:55:18Z,146
SES0012277,U00994,2023-03-22T12:51:23Z,2023-03-22 12:52:36,73
SES0012278,U00994,2023-05-04 19:37:18,04/05/2023 19:45,470
SES0012279,U00994,15/06/2023 21:08,15/06/2023 21:11,159
SES0012280,U00994,08/04/2023 01:05,2023-04-08 01:12:00,368
SES0012281,U00994,2023-05-12 13:11:27,12/05/2023 13:26,913
SES0012282,U00994,16/05/2023 02:42,16/05/2023 02:42,0
SES0012283,U00994,16/04/2023 18:47,2023-04-16T18:52:18Z,265
SES0012284,U00994,2023-03-22T22:06:04Z,2023-03-22 22:07:50,106
SES0012285,U00994,2023-06-14T17:00:54Z,2023-06-14T17:06:52Z,358
SES0012286,U00994,2023-03-24T15:24:54Z,2023-03-24T15:25:59Z,65
SES0012287,U00994,2023-06-22T14:55:17Z,2023-06-22 14:59:29,252
SES0012288,U00994,2023-07-06 01:13:07,2023-07-06 01:13:26,19
SES0012289,U00994,2023-08-29T10:04:05Z,2023-08-29T10:05:11Z,66
SES0012290,U00994,2023-08-01T13:15:04Z,01/08/2023 13:24,585
SES0012291,U00994,02/06/2023 16:59,02/06/2023 16:59,0
SES0012292,U00994,2023-06-04 10:24:56,04/06/2023 11:04,2397
SES0012293,U00994,2023-05-18 05:12:26,2023-05-18T05:12:53Z,27
SES0012294,U00994,2023-07-05 14:06:33,2023-07-05T14:06:50Z,17
SES0012295,U00994,02/04/2023 22:03,2023-04-02 22:04:21,54
SES0012296,U00994,2023-06-28 15:35:28,2023-06-28 15:38:25,177
SES0012297,U00994,29/08/2023 20:31,29/08/2023 20:32,64
SES0012298,U00994,2023-09-08 02:57:43,2023-09-08 03:07:57,614
SES0012299,U00994,01/05/2023 03:27,2023-05-01 03:41:12,819
SES0012300,U00994,2023-08-06T19:01:36Z,06/08/2023 19:01,10
SES0012301,U00995,2024-06-22 14:44:01,2024-06-22T14:46:18Z,137
SES0012302,U00995,15/06/2024 12:59,15/06/2024 13:00,19
SES0012303,U00995,15/06/2024 21:59,15/06/2024 22:00,73
SES0012304,U00995,2024-06-21T10:57:42Z,2024-06-21T11:01:18Z,216
SES0012305,U00995,2024-06-22 01:02:39,2024-06-22 01:08:01,322
SES0012306,U00995,2024-06-21T08:04:36Z,2024-06-21 08:51:50,2834
SES0012307,U00995,2024-06-17T21:54:37Z,2024-06-17 22:15:19,1242
SES0012308,U00995,20/06/2024 02:22,2024-06-20 02:24:54,135
SES0012309,U00995,12/06/2024 04:56,2024-06-12T04:57:47Z,70
SES0012310,U00995,2024-06-15 07:17:54,2024-06-15T07:20:36Z,162
SES0012311,U00995,2024-06-25 16:54:54,2024-06-25 17:12:46,1072
SES0012312,U00995,20/06/2024 16:44,20/06/2024 16:44,14
SES0012313,U00995,2024-06-22T12:32:30Z,2024-06-22 12:32:30,0
SES0012314,U00995,2024-06-21T08:32:15Z,2024-06-21 08:32:15,0
SES0012315,U00995,2024-06-12T13:42:48Z,12/06/2024 13:46,224
SES0012316,U00996,2024-06-29T17:45:01Z,2024-06-29T17:47:11Z,130
SES0012317,U00996,2024-06-29T00:28:53Z,29/06/2024 00:29,20
SES0012318,U00996,29/06/2024 13:21,2024-07-01T03:38:25Z,137819
SES0012319,U00996,2024-06-28 13:43:20,2024-06-28T13:44:15Z,
SES0012320,U00996,2024-06-29T08:16:41Z,2024-06-29T08:21:50Z,309
SES0012321,U00996,2024-06-29T10:22:23Z,2024-06-29T10:28:40Z,377
SES0012322,U00996,2024-06-28 14:21:12,2024-06-28 14:22:00,48
SES0012323,U00996,2024-06-27T15:20:58Z,27/06/2024 15:25,276
SES0012324,U00996,2024-06-28T08:08:45Z,28/06/2024 08:18,569
SES0012325,U00996,2024-06-28 11:40:02,28/06/2024 11:40,41
SES0012326,U00997,2023-10-30T20:04:32Z,2023-10-30 20:05:10,N/A
SES0012327,U00997,02/11/2023 03:26,2023-11-02 03:27:40,43
SES0012328,U00997,2023-10-26T18:25:47Z,2023-10-26T18:26:52Z,65
SES0012329,U00997,2023-11-03T03:11:09Z,2023-11-03 03:17:11,362
SES0012330,U00997,2023-11-03T17:23:28Z,03/11/2023 17:24,68
SES0012331,U00997,27/10/2023 19:15,27/10/2023 19:17,124
SES0012332,U00997,03/11/2023 12:52,2023-11-03 12:56:59,280
SES0012333,U00997,2023-10-31T13:04:32Z,2023-10-31 13:07:26,174
SES0012334,U00997,26/10/2023 03:35,2023-10-26 03:46:21,662
SES0012335,U00997,04/11/2023 14:46,2023-11-04T14:47:36Z,94
SES0012336,U00997,30/10/2023 17:20,2023-10-30T17:26:41Z,369
SES0012337,U00997,2023-10-27 06:27:30,2023-10-27T06:37:33Z,603
SES0012338,U00997,2023-11-06 21:00:51,2023-11-06T21:03:12Z,141
SES0012339,U00997,2023-11-03 13:36:38,03/11/2023 13:38,136
SES0012340,U00997,24/10/2023 22:41,24/10/2023 22:42,38
SES0012341,U00997,01/11/2023 05:39,2023-11-01T05:40:28Z,65
SES0012342,U00997,2023-11-05T20:19:02Z,2023-11-07 19:25:31,169589
SES0012343,U00997,24/10/2023 22:58,2023-10-24T23:00:07Z,79
SES0012344,U00997,2023-11-02 01:48:19,2023-11-02T01:48:44Z,25
SES0012345,U00997,06/11/2023 14:39,06/11/2023 14:44,296
SES0012346,U00997,28/10/2023 14:59,2023-10-28 15:02:51,217
SES0012347,U00997,01/11/2023 14:07,01/11/2023 14:07,25
SES0012348,U00997,2023-11-05 14:52:19,05/11/2023 14:57,282
SES0012349,U00997,2023-11-01 12:03:14,2023-11-01 12:07:07,233
SES0012350,U00997,2023-11-02 22:33:07,2023-11-02 22:37:05,238
SES0012351,U00997,2023-10-25T02:40:26Z,2023-10-25T02:58:55Z,1109
SES0012352,U00997,2023-10-28 06:38:20,2023-10-28T06:39:47Z,87
SES0012353,U00997,26/10/2023 14:14,26/10/2023 14:14,10
SES0012354,U00997,2023-11-05 13:29:48,2023-11-05 13:30:39,51
SES0012355,U00997,2023-10-29 11:43:47,2023-10-29 11:45:58,131
SES0012356,U00997,2023-11-04T21:59:59Z,2023-11-04 22:00:29,30
SES0012357,U00997,2023-11-02T05:04:22Z,02/11/2023 05:04,35
SES0012358,U00997,2023-11-02 00:18:53,2023-11-02 00:35:44,1011
SES0012359,U00997,2023-11-03T11:08:24Z,03/11/2023 11:12,256
SES0012360,U00997,29/10/2023 23:54,29/10/2023 23:56,138
SES0012361,U00997,2023-11-06T14:13:04Z,06/11/2023 14:17,241
SES0012362,U00997,2023-11-03 23:11:35,2023-11-03T23:19:20Z,465
SES0012363,U00997,2023-10-27T17:24:18Z,27/10/2023 17:26,120
SES0012364,U00997,05/11/2023 22:40,2023-11-07T19:07:53Z,160045
SES0012365,U00997,2023-10-26T02:06:11Z,2023-10-26 02:11:29,318
SES0012366,U00997,2023-11-01 16:22:45,01/11/2023 16:23,39
SES0012367,U00997,2023-11-05 01:00:32,05/11/2023 01:03,206
SES0012368,U00997,2023-10-26T09:50:21Z,2023-10-26 09:59:54,573
SES0012369,U00997,2023-11-06 17:27:57,06/11/2023 17:30,136
SES0012370,U00997,2023-10-27T17:17:57Z,2023-10-27 17:19:53,116
SES0012371,U00997,29/10/2023 20:46,2023-10-29T20:48:04Z,104
SES0012372,U00997,04/11/2023 14:48,2023-11-04 14:51:31,187
SES0012373,U00997,2023-11-05 22:07:14,05/11/2023 22:10,180
SES0012374,U00997,2023-11-04T21:44:31Z,2023-11-04 21:45:57,86
SES0012375,U00997,2023-10-28 09:30:44,2023-10-28 09:34:17,213
SES0012376,U00997,03/11/2023 08:46,2023-11-03T08:47:46Z,99
SES0012377,U00997,2023-10-24 11:33:09,2023-10-24T11:37:26Z,257
SES0012378,U00997,31/10/2023 01:58,2023-10-31 01:58:22,20
SES0012379,U00997,03/11/2023 14:20,2023-11-03 14:26:14,339
SES0012380,U00997,04/11/2023 07:03,2023-11-04 07:15:14,692
SES0012381,U00997,2023-10-30T00:00:17Z,2023-10-30T00:21:19Z,1262
SES0012382,U00997,28/10/2023 13:54,2023-10-28T14:28:26Z,2025
SES0012383,U00997,31/10/2023 12:29,2023-10-31 12:36:16,436
SES0012384,U00997,06/11/2023 01:27,2023-11-06 01:39:08,672
SES0012385,U00997,03/11/2023 05:37,03/11/2023 05:42,269
SES0012386,U00997,28/10/2023 19:42,28/10/2023 19:51,561
SES0012387,U00997,2023-11-01T13:23:09Z,2023-11-01 13:23:50,41
SES0012388,U00997,2023-10-25 01:23:29,2023-10-25 01:35:23,714
SES0012389,U00997,2023-11-03T09:53:30Z,2023-11-03 10:02:15,525
SES0012390,U00997,03/11/2023 22:07,03/11/2023 22:09,100
SES0012391,U00997,2023-10-30T09:19:57Z,30/10/2023 09:21,66
SES0012392,U00997,2023-11-04T00:51:32Z,04/11/2023 00:52,78
SES0012393,U00997,2023-10-26T15:04:47Z,2023-10-26 15:05:27,40
SES0012394,U00997,2023-10-29 14:18:25,29/10/2023 14:31,764
SES0012395,U00997,30/10/2023 16:31,2023-10-30T16:33:57Z,146
SES0012396,U00997,2023-10-28T10:22:32Z,2023-10-28T10:26:07Z,215
SES0012397,U00997,2023-11-04T10:24:00Z,2023-11-04 10:27:03,183
SES0012398,U00997,2023-11-02T13:32:41Z,02/11/2023 13:33,36
SES0012399,U00997,2023-11-06T12:39:10Z,2023-11-06 12:41:18,N/A
SES0012400,U00997,2023-10-31 15:03:37,2023-10-31 15:05:32,115
SES0012401,U00997,02/11/2023 15:04,2023-11-02 15:23:58,1162
SES0012402,U00997,2023-11-03T22:01:10Z,03/11/2023 22:01,33
SES0012403,U00997,2023-11-03 18:00:08,2023-11-03 18:03:37,209
SES0012404,U00997,04/11/2023 02:12,04/11/2023 02:12,22
SES0012405,U00997,06/11/2023 12:59,2023-11-06T13:05:39Z,397
SES0012406,U00998,2024-03-05 01:55:59,05/03/2024 02:04,531
SES0012407,U00998,2024-05-13T18:54:19Z,13/05/2024 19:00,368
SES0012408,U00999,14/03/2023 17:16,2023-03-14T17:27:12Z,642
SES0012409,U00999,02/02/2024 10:49,2024-02-02T10:52:20Z,160
SES0012410,U00999,14/02/2024 14:16,14/02/2024 14:18,82
SES0012411,U00999,2023-09-29 09:12:01,2023-09-29 09:25:21,800
SES0012412,U00999,2023-04-27 16:05:02,2023-04-27T16:07:24Z,142
SES0012413,U00999,2023-03-23T11:12:56Z,2023-03-23 11:14:13,77
SES0012414,U00999,28/08/2023 12:03,2023-08-28T12:04:45Z,96
SES0012415,U00999,04/11/2023 10:47,2023-11-04T10:48:11Z,25
SES0012416,U00999,03/09/2023 21:58,03/09/2023 22:02,253
SES0012417,U00999,2023-03-09T16:20:46Z,2023-03-09T16:26:48Z,362
SES0012418,U00999,28/03/2023 11:07,2023-03-28 11:07:19,15
SES0012419,U00999,2023-08-07T03:22:44Z,07/08/2023 03:27,304
SES0012420,U00999,20/05/2023 10:46,2023-05-20 10:52:56,360
SES0012421,U00999,2023-09-05 20:32:37,2023-09-05 20:37:52,315
SES0012422,U00999,21/01/2024 13:16,2024-01-21 13:18:40,104
SES0012423,U00999,2023-12-19T12:16:41Z,2023-12-19 12:18:17,96
SES0012424,U00999,2023-09-21 00:34:22,2023-09-22 16:01:21,142019
SES0012425,U00999,14/09/2023 09:10,2023-09-14 09:15:02,279
SES0012426,U00999,06/08/2023 08:39,06/08/2023 08:43,234
SES0012427,U00999,17/03/2023 07:23,2023-03-17T07:34:07Z,641
SES0012428,U00999,12/04/2023 09:21,12/04/2023 09:22,65
SES0012429,U00999,2023-07-23T23:58:29Z,2023-07-24 00:00:54,145
SES0012430,U00999,2024-01-09 12:55:59,2024-01-09 12:57:50,111
SES0012431,U00999,2023-10-10 16:34:01,2023-10-10 16:36:50,169
SES0012432,U00999,2023-06-17 08:27:25,17/06/2023 08:28,N/A
SES0012433,U00999,2023-11-23T11:05:08Z,2023-11-23 11:08:21,193
SES0012434,U00999,2024-01-11T08:04:02Z,2024-01-11T08:04:17Z,15
SES0012435,U00999,2023-12-06T05:16:40Z,2023-12-06T05:16:56Z,16
SES0012436,U00999,2024-02-01T11:48:33Z,2024-02-01T11:49:53Z,80
SES0012437,U00999,24/07/2023 07:45,2023-07-24 07:45:14,10
SES0012438,U01000,28/07/2023 05:15,28/07/2023 05:17,82
SES0012439,U01000,2023-07-24 00:11:03,24/07/2023 00:28,1048
SES0012440,U01000,2023-07-26T20:44:48Z,26/07/2023 20:53,494
SES0012441,U01000,2023-07-22T00:40:12Z,2023-07-22T00:40:12Z,0
SES0012442,U01000,2023-07-24 23:44:45,2023-07-24T23:44:45Z,0
SES0012443,U01001,2024-02-14 18:46:58,2024-02-14T18:57:59Z,661
SES0012444,U01002,2024-06-25T06:06:54Z,25/06/2024 06:14,458
SES0012445,U01002,2024-06-19 14:36:55,2024-06-19 15:08:04,1869
SES0012446,U01002,2024-06-24T03:09:34Z,2024-06-24 03:39:16,1782
SES0012447,U01002,2024-06-22 09:49:44,2024-06-22T10:00:50Z,666
SES0012448,U01002,2024-06-21T14:07:57Z,2024-06-21 14:39:58,1921
SES0012449,U01002,26/06/2024 18:57,26/06/2024 19:02,297
SES0012450,U01002,2024-06-25T23:10:29Z,2024-06-25 23:10:29,0
SES0012451,U01002,2024-06-24T03:28:47Z,24/06/2024 03:29,72
SES0012452,U01002,2024-06-23T13:44:51Z,2024-06-23T13:49:24Z,273
SES0012453,U01002,2024-06-29 16:29:01,29/06/2024 16:32,193
SES0012454,U01002,2024-06-29 01:17:51,2024-06-29 01:27:19,N/A
SES0012455,U01002,27/06/2024 10:38,2024-06-27 10:42:13,203
SES0012456,U01002,2024-06-20 12:23:58,21/06/2024 12:46,87751
SES0012457,U01002,2024-06-23 08:40:51,2024-06-23 08:48:07,436
SES0012458,U01002,26/06/2024 18:27,2024-06-26 18:28:27,60
SES0012459,U01002,2024-06-29T16:02:35Z,29/06/2024 16:05,167
SES0012460,U01002,27/06/2024 06:18,2024-06-27 06:19:25,
SES0012461,U01002,27/06/2024 12:15,2024-06-27T12:18:14Z,176
SES0012462,U01002,2024-06-20 10:46:28,2024-06-20 10:53:48,440
SES0012463,U01002,2024-06-26 12:28:40,26/06/2024 12:29,37
SES0012464,U01002,29/06/2024 16:23,2024-06-29T16:39:16Z,918
SES0012465,U01002,19/06/2024 20:08,2024-06-19 20:13:08,269
SES0012466,U01002,2024-06-23 03:43:32,2024-06-23 03:44:28,56
SES0012467,U01002,20/06/2024 15:00,20/06/2024 15:11,695
SES0012468,U01002,21/06/2024 04:03,21/06/2024 04:03,9
SES0012469,U01002,2024-06-19T02:46:01Z,19/06/2024 02:55,
SES0012470,U01002,26/06/2024 03:57,26/06/2024 03:58,N/A
SES0012471,U01002,2024-06-19 06:46:56,2024-06-19T06:48:26Z,90
SES0012472,U01002,25/06/2024 14:33,2024-06-25 14:42:04,501
SES0012473,U01002,2024-06-20 04:13:40,2024-06-20 04:24:24,644
SES0012474,U01002,2024-06-21T16:05:06Z,21/06/2024 16:09,
SES0012475,U01002,27/06/2024 07:34,2024-06-27T07:36:02Z,111
SES0012476,U01002,2024-06-23 08:48:27,2024-06-23 08:50:05,98
SES0012477,U01002,28/06/2024 03:11,2024-06-28 03:12:58,80
SES0012478,U01002,29/06/2024 15:36,29/06/2024 15:39,155
SES0012479,U01002,2024-06-22 06:48:52,2024-06-22T06:50:31Z,99
SES0012480,U01002,28/06/2024 03:50,2024-06-28 03:55:07,280
SES0012481,U01002,26/06/2024 10:22,26/06/2024 10:23,22
SES0012482,U01002,2024-06-27T06:45:51Z,2024-06-27 06:47:53,122
SES0012483,U01002,20/06/2024 23:05,2024-06-20T23:07:15Z,113
SES0012484,U01003,2023-04-04T20:43:00Z,2023-04-04 20:46:47,227
SES0012485,U01003,2023-06-09 04:01:48,11/06/2023 11:53,201087
SES0012486,U01003,14/05/2023 08:47,2023-05-14T08:47:49Z,31
SES0012487,U01003,2023-04-29 06:10:13,2023-04-29T06:11:14Z,61
SES0012488,U01003,2023-04-18 01:51:36,2023-04-18T01:52:44Z,68
SES0012489,U01003,2023-06-12 02:11:11,12/06/2023 02:41,1798
SES0012490,U01003,2023-06-17T20:35:09Z,2023-06-17 20:39:28,259
SES0012491,U01003,2023-04-25 18:25:06,2023-04-25 18:31:48,
SES0012492,U01003,2023-05-13 01:29:07,13/05/2023 01:29,N/A
SES0012493,U01003,15/06/2023 13:09,2023-06-15 13:12:27,171
SES0012494,U01004,23/06/2024 00:04,2024-06-23 00:04:41,39
SES0012495,U01004,18/06/2024 04:42,2024-06-18T04:42:44Z,36
SES0012496,U01004,2024-06-26 20:59:49,26/06/2024 21:02,133
SES0012497,U01004,2024-06-20 03:16:22,2024-06-20 03:18:34,132
SES0012498,U01004,2024-06-14 08:12:00,2024-06-14 08:30:42,1122
SES0012499,U01004,2024-06-18T13:30:53Z,2024-06-18 13:33:51,178
SES0012500,U01004,2024-06-19 17:51:38,2024-06-19 17:53:27,109
SES0012501,U01004,2024-06-23 17:26:19,23/06/2024 17:28,150
SES0012502,U01004,2024-06-15T17:42:54Z,2024-06-15T17:43:01Z,7
SES0012503,U01004,16/06/2024 18:16,16/06/2024 18:16,0
SES0012504,U01004,2024-06-20T02:51:11Z,2024-06-20T02:56:48Z,N/A
SES0012505,U01004,16/06/2024 11:51,2024-06-16 11:52:29,67
SES0012506,U01004,2024-06-28T12:59:17Z,2024-06-28T13:03:55Z,278
SES0012507,U01004,2024-06-16T18:31:55Z,16/06/2024 18:34,173
SES0012508,U01004,2024-06-14T12:09:27Z,2024-06-14 12:10:19,52
SES0012509,U01004,2024-06-15 15:23:57,2024-06-15T15:28:49Z,292
SES0012510,U01004,21/06/2024 22:02,2024-06-21 22:05:05,183
SES0012511,U01004,2024-06-14T14:18:04Z,2024-06-14T14:19:05Z,61
SES0012512,U01004,18/06/2024 12:30,2024-06-18 12:36:32,337
SES0012513,U01004,2024-06-26 06:20:50,2024-06-26 06:21:16,26
SES0012514,U01005,2024-03-11 23:20:56,2024-03-11T23:23:20Z,
SES0012515,U01005,2024-03-05T20:17:04Z,2024-03-05 20:44:10,1626
SES0012516,U01005,2024-03-05T03:46:52Z,05/03/2024 03:49,149
SES0012517,U01005,2024-03-09 16:50:32,2024-03-09 17:02:58,746
SES0012518,U01005,10/03/2024 02:54,10/03/2024 02:59,276
SES0012519,U01005,2024-03-07T11:14:09Z,07/03/2024 11:15,86
SES0012520,U01005,08/03/2024 22:07,2024-03-08T22:09:24Z,109
SES0012521,U01005,2024-03-05T06:12:10Z,2024-03-05T06:13:00Z,50
SES0012522,U01005,2024-03-08T07:28:14Z,2024-03-08 07:30:24,130
SES0012523,U01005,07/03/2024 17:31,2024-03-07T17:35:53Z,268
SES0012524,U01007,28/11/2023 14:00,2023-11-28 14:12:12,
SES0012525,U01007,17/01/2024 11:02,2024-01-17 11:02:48,18
SES0012526,U01007,2024-01-09T00:18:51Z,2024-01-09 00:22:27,216
SES0012527,U01007,2023-11-15T22:43:33Z,2023-11-15T22:45:30Z,117
SES0012528,U01007,2024-01-06 06:25:15,2024-01-06T06:25:57Z,42
SES0012529,U01007,2023-12-01T00:09:09Z,2023-12-01 00:09:29,20
SES0012530,U01007,30/01/2024 02:02,30/01/2024 02:03,68
SES0012531,U01007,2023-11-21 20:12:17,2023-11-21 20:14:29,132
SES0012532,U01007,2023-12-05T15:39:21Z,2023-12-09T01:57:34Z,296293
SES0012533,U01007,2023-11-23 06:34:41,23/11/2023 06:34,10
SES0012534,U01007,2023-12-17 23:37:25,17/12/2023 23:41,264
SES0012535,U01007,21/01/2024 10:15,21/01/2024 10:22,417
SES0012536,U01007,2023-12-31 12:33:38,2023-12-31 12:34:42,64
SES0012537,U01007,19/12/2023 06:07,2023-12-19T06:09:17Z,126
SES0012538,U01007,2024-01-18 01:32:27,18/01/2024 01:44,735
SES0012539,U01007,2023-11-18 15:23:48,2023-11-18 15:25:19,91
SES0012540,U01007,26/01/2024 01:37,2024-01-26 01:50:12,775
SES0012541,U01007,2023-11-11T11:58:37Z,11/11/2023 11:58,19
SES0012542,U01007,2023-12-31T06:33:57Z,2023-12-31T06:34:35Z,38
SES0012543,U01007,2024-01-24 18:53:37,24/01/2024 18:55,131
SES0012544,U01007,2023-11-07 07:40:40,2023-11-07 07:41:33,53
SES0012545,U01007,2023-12-03T11:15:50Z,2023-12-03T11:20:36Z,286
SES0012546,U01007,2023-11-19 17:29:16,2023-11-19 17:29:16,0
SES0012547,U01007,20/11/2023 02:47,2023-11-20 02:53:53,
SES0012548,U01007,09/12/2023 12:08,09/12/2023 12:09,44
SES0012549,U01007,2024-02-02T04:53:48Z,2024-02-02 04:55:22,94
SES0012550,U01007,2023-12-23T12:30:54Z,23/12/2023 12:35,266
SES0012551,U01007,2024-01-24T11:20:03Z,2024-01-24T11:20:35Z,32
SES0012552,U01007,2023-11-07T03:04:11Z,07/11/2023 03:08,233
SES0012553,U01007,2024-01-21T01:23:16Z,2024-01-21T01:24:14Z,58
SES0012554,U01008,2023-06-29 09:45:32,2023-06-29 09:53:53,501
SES0012555,U01008,2023-07-28 22:37:10,2023-07-28T22:45:54Z,524
SES0012556,U01009,2023-06-26T17:53:39Z,2023-06-26T17:57:40Z,241
SES0012557,U01009,23/06/2023 07:51,2023-06-23T07:53:19Z,123
SES0012558,U01009,2023-06-22T06:06:19Z,2023-06-22 06:06:57,
SES0012559,U01009,18/06/2023 15:30,2023-06-18T15:32:01Z,68
SES0012560,U01009,21/06/2023 20:37,21/06/2023 20:38,17
SES0012561,U01009,2023-06-28T13:47:47Z,2023-06-28 13:49:48,121
SES0012562,U01009,24/06/2023 16:05,2023-06-24 16:05:01,
SES0012563,U01009,2023-06-22T20:28:26Z,22/06/2023 20:31,200
SES0012564,U01009,2023-06-16T15:21:01Z,16/06/2023 15:22,N/A
SES0012565,U01009,2023-06-27 00:18:25,2023-06-27 00:20:38,133
SES0012566,U01009,25/06/2023 07:38,2023-06-25 07:39:42,51
SES0012567,U01009,2023-06-25T20:23:29Z,25/06/2023 20:28,276
SES0012568,U01009,2023-06-27T01:45:11Z,2023-06-27 01:48:15,184
SES0012569,U01009,2023-06-26T19:10:03Z,2023-06-26 19:12:21,N/A
SES0012570,U01009,19/06/2023 05:15,2023-06-19T05:21:08Z,311
SES0012571,U01009,2023-06-23T06:16:37Z,2023-06-23T06:20:47Z,250
SES0012572,U01009,2023-06-26T20:16:00Z,26/06/2023 20:42,N/A
SES0012573,U01009,2023-06-17T05:09:40Z,2023-06-17 05:12:41,181
SES0012574,U01009,2023-06-25 04:29:17,2023-06-25 04:35:01,344
SES0012575,U01009,2023-06-20 21:51:48,2023-06-20 21:52:37,49
SES0012576,U01009,2023-06-24T20:29:45Z,24/06/2023 20:31,113
SES0012577,U01009,26/06/2023 21:23,2023-06-26 21:25:23,139
SES0012578,U01009,2023-06-19 01:03:33,2023-06-19 01:04:11,38
SES0012579,U01009,24/06/2023 23:53,2023-06-26 06:02:33,108533
SES0012580,U01009,2023-06-19 19:24:38,19/06/2023 19:25,28
SES0012581,U01009,2023-06-18 20:10:56,18/06/2023 20:28,1030
SES0012582,U01009,2023-06-29T16:11:02Z,2023-06-29 16:59:03,2881
SES0012583,U01009,2023-06-21T22:32:30Z,2023-06-21T23:06:46Z,2056
SES0012584,U01009,2023-06-20T18:06:08Z,2023-06-20 18:08:41,
SES0012585,U01009,2023-06-25 18:03:37,25/06/2023 18:04,66
SES0012586,U01011,09/05/2024 08:33,09/05/2024 08:34,98
SES0012587,U01012,2024-05-17 12:41:38,2024-05-17 12:56:10,872
SES0012588,U01012,12/10/2023 10:20,2023-10-12 10:22:13,91
SES0012589,U01012,2024-03-16T23:02:58Z,16/03/2024 23:06,188
SES0012590,U01012,2024-05-13T15:30:02Z,2024-05-13 15:30:46,44
SES0012591,U01012,03/06/2024 01:13,03/06/2024 01:14,31
SES0012592,U01012,2023-08-11T13:04:49Z,2023-08-11T13:08:24Z,215
SES0012593,U01012,2024-03-28 03:23:16,2024-03-28 03:34:54,698
SES0012594,U01012,11/02/2024 05:27,11/02/2024 05:39,723
SES0012595,U01012,2023-09-08T01:17:22Z,2023-09-08T01:18:44Z,82
SES0012596,U01012,2023-08-14T21:23:34Z,2023-08-14T21:23:38Z,4
SES0012597,U01014,14/04/2024 03:47,14/04/2024 03:48,51
SES0012598,U01015,2023-12-16T03:14:37Z,16/12/2023 03:29,907
SES0012599,U01015,2023-12-09 02:28:28,09/12/2023 02:28,14
SES0012600,U01015,2023-12-12 22:03:19,2023-12-12T22:04:05Z,46
SES0012601,U01015,2024-01-02T04:50:49Z,2024-01-05T03:07:30Z,253001
SES0012602,U01015,19/12/2023 07:03,19/12/2023 07:07,266
SES0012603,U01015,30/12/2023 05:48,2023-12-30 05:59:34,675
SES0012604,U01015,2024-01-03 16:25:21,03/01/2024 16:26,84
SES0012605,U01015,21/12/2023 12:01,21/12/2023 12:04,191
SES0012606,U01015,2023-12-16T13:13:55Z,16/12/2023 13:19,330
SES0012607,U01015,2024-01-03T00:12:18Z,03/01/2024 00:13,81
SES0012608,U01015,05/01/2024 05:01,05/01/2024 05:12,677
SES0012609,U01015,2023-12-16 00:26:01,2023-12-16 00:27:29,88
SES0012610,U01015,2023-12-19T18:01:34Z,2023-12-19 18:13:42,728
SES0012611,U01015,03/01/2024 00:15,03/01/2024 00:17,136
SES0012612,U01015,25/12/2023 22:53,25/12/2023 23:06,819
SES0012613,U01015,2023-12-28 16:32:26,2023-12-28T16:33:59Z,93
SES0012614,U01015,2023-12-18 02:51:20,2023-12-18T03:03:27Z,727
SES0012615,U01015,2024-01-02T03:31:40Z,2024-01-02 03:31:40,0
SES0012616,U01015,15/12/2023 08:21,15/12/2023 08:22,48
SES0012617,U01015,18/12/2023 15:46,2023-12-19T17:48:33Z,93739
SES0012618,U01015,04/01/2024 09:55,06/01/2024 13:47,186714
SES0012619,U01015,2023-12-14 07:08:48,2023-12-14T07:11:25Z,157
SES0012620,U01015,2023-12-27T19:55:19Z,2023-12-27 20:04:16,537
SES0012621,U01015,2023-12-15 11:35:16,2023-12-15 11:36:45,89
SES0012622,U01015,05/01/2024 11:43,2024-01-05T11:47:12Z,226
SES0012623,U01015,2023-12-13 19:42:55,2023-12-13T19:46:43Z,228
SES0012624,U01015,2024-01-05T00:49:19Z,2024-01-05 00:51:14,115
SES0012625,U01015,26/12/2023 15:04,26/12/2023 15:08,236
SES0012626,U01015,19/12/2023 15:49,2023-12-19T16:06:18Z,1017
SES0012627,U01015,18/12/2023 12:06,18/12/2023 12:09,213
SES0012628,U01015,04/01/2024 17:21,2024-01-04 17:24:11,159
SES0012629,U01015,2023-12-23 12:00:26,2023-12-23 12:14:41,855
SES0012630,U01015,2023-12-13 10:08:22,13/12/2023 10:08,0
SES0012631,U01015,2023-12-28T21:40:39Z,2023-12-28 21:41:12,33
SES0012632,U01015,24/12/2023 09:05,2023-12-24T09:06:48Z,107
SES0012633,U01015,2023-12-18T08:50:59Z,18/12/2023 08:53,149
SES0012634,U01015,2023-12-14 21:43:20,2023-12-14T21:52:45Z,565
SES0012635,U01015,26/12/2023 02:49,26/12/2023 03:11,1313
SES0012636,U01015,27/12/2023 09:58,2023-12-27 10:09:01,651
SES0012637,U01015,2023-12-14 17:44:38,2023-12-14T17:48:50Z,252
SES0012637,U01015,2023-12-14 17:44:38,2023-12-14T17:48:50Z,252
SES0012638,U01016,2023-11-07T14:09:43Z,2023-11-07 14:10:06,23
SES0012639,U01016,30/07/2023 18:53,2023-07-30T18:54:10Z,39
SES0012640,U01016,13/08/2023 18:37,2023-08-13T18:39:45Z,163
SES0012641,U01016,2023-10-25 21:34:22,2023-10-25T21:35:27Z,65
SES0012642,U01016,16/11/2023 05:19,16/11/2023 05:22,166
SES0012643,U01016,25/11/2023 18:19,25/11/2023 18:26,425
SES0012644,U01016,2023-11-13 06:08:10,2023-11-13 06:15:41,451
SES0012645,U01016,12/09/2023 08:20,12/09/2023 08:20,5
SES0012646,U01016,2023-10-01T05:59:28Z,2023-10-01T06:04:03Z,
SES0012647,U01016,27/10/2023 13:38,2023-10-27T13:39:03Z,29
SES0012648,U01016,2023-11-18 21:18:25,2023-11-18 21:20:38,133
SES0012649,U01016,16/07/2023 10:04,16/07/2023 10:10,
SES0012650,U01016,2023-09-07T07:02:07Z,07/09/2023 07:04,
SES0012651,U01016,2023-11-27 08:45:43,2023-11-27 08:59:15,812
SES0012652,U01016,2023-09-21 05:40:16,21/09/2023 05:40,29
SES0012653,U01016,2023-06-16 12:32:20,2023-06-16T12:34:07Z,107
SES0012654,U01016,2023-06-06 16:45:07,2023-06-06 16:45:44,37
SES0012655,U01016,2023-08-16 12:25:26,16/08/2023 12:27,106
SES0012656,U01016,2023-11-24 06:40:03,2023-11-24T06:41:21Z,78
SES0012657,U01016,30/09/2023 19:04,30/09/2023 19:14,612
SES0012658,U01016,2023-06-07 17:32:50,07/06/2023 17:33,30
SES0012659,U01016,2023-08-19 00:54:57,2023-08-19 00:57:29,152
SES0012660,U01016,2023-09-11 19:29:39,2023-09-11 19:33:32,233
SES0012661,U01016,21/08/2023 18:34,21/08/2023 18:42,474
SES0012662,U01016,20/06/2023 00:30,2023-06-20 00:31:48,
SES0012663,U01016,2023-08-17T04:21:01Z,17/08/2023 04:23,176
SES0012664,U01016,2023-10-12T19:10:37Z,12/10/2023 19:12,N/A
SES0012665,U01016,09/09/2023 05:27,2023-09-09 05:27:46,0
SES0012666,U01016,2023-11-17 23:20:32,2023-11-17 23:23:15,163
SES0012667,U01016,14/09/2023 05:19,14/09/2023 05:19,17
SES0012668,U01016,17/10/2023 01:21,2023-10-17 01:27:51,372
SES0012669,U01016,04/07/2023 17:40,04/07/2023 17:41,72
SES0012670,U01016,2023-08-29T10:40:42Z,2023-08-29 10:41:30,48
SES0012671,U01016,2023-06-29T19:37:54Z,2023-06-29 19:47:25,571
SES0012672,U01016,2023-11-05 08:17:41,2023-11-05 08:22:03,262
SES0012673,U01016,2023-10-17T18:32:20Z,2023-10-17 18:37:44,324
SES0012674,U01016,2023-06-04 05:37:41,2023-06-04T05:39:39Z,N/A
SES0012675,U01016,24/09/2023 18:52,24/09/2023 18:56,216
SES0012676,U01016,25/10/2023 01:13,2023-10-25 01:17:08,208
SES0012677,U01016,2023-09-24 03:21:56,2023-09-24T03:33:36Z,700
SES0012678,U01018,2023-08-01 01:08:50,01/08/2023 01:13,275
SES0012679,U01018,2023-07-15 05:50:19,2023-07-15 05:52:50,151
SES0012680,U01018,03/09/2023 11:26,2023-09-03T11:27:48Z,61
SES0012681,U01019,2024-02-28T20:46:49Z,2024-02-28 20:50:47,238
SES0012682,U01019,2024-01-03 18:40:18,2024-01-03 18:41:53,95
SES0012683,U01019,18/08/2023 22:21,18/08/2023 22:21,0
SES0012684,U01019,2024-02-24 07:55:42,2024-02-24 08:00:01,259
SES0012685,U01019,2023-09-30 16:55:47,30/09/2023 16:56,50
SES0012686,U01019,2023-12-02T21:09:03Z,2023-12-02 21:09:37,34
SES0012687,U01019,12/09/2023 13:30,2023-09-12T13:35:01Z,293
SES0012688,U01019,2024-03-10T04:34:02Z,2024-03-10 04:35:12,70
SES0012689,U01019,01/12/2023 10:51,2023-12-01T10:54:02Z,139
SES0012690,U01019,03/12/2023 08:53,2023-12-06T18:15:37Z,292915
SES0012691,U01020,2024-02-20T23:56:41Z,2024-02-20 23:58:00,79
SES0012692,U01020,2024-02-18T05:53:36Z,18/02/2024 05:56,186
SES0012693,U01020,14/02/2024 09:09,14/02/2024 09:11,166
SES0012694,U01022,13/01/2024 01:04,2024-01-13T01:27:26Z,1384
SES0012695,U01022,2024-03-09 23:07:41,2024-03-09T23:09:48Z,127
SES0012696,U01022,2024-01-18 12:35:58,18/01/2024 12:38,163
SES0012697,U01022,2024-05-03T10:32:26Z,2024-05-03T10:46:56Z,N/A
SES0012698,U01022,29/01/2024 23:11,29/01/2024 23:12,83
SES0012699,U01023,2023-06-03 10:39:29,2023-06-03 10:41:06,97
SES0012700,U01023,24/05/2023 17:00,2023-05-24T17:00:29Z,17
SES0012701,U01023,05/06/2023 04:27,2023-06-05 04:30:04,135
SES0012702,U01023,2023-06-02T19:36:34Z,02/06/2023 19:37,41
SES0012703,U01023,2023-05-18T04:00:28Z,2023-05-18T04:01:34Z,66
SES0012704,U01023,22/05/2023 12:29,2023-05-22 12:34:05,284
SES0012705,U01023,2023-06-10 17:07:53,10/06/2023 17:12,281
SES0012706,U01023,2023-06-11T18:44:28Z,2023-06-11T18:44:46Z,18
SES0012707,U01023,2023-06-03T20:23:28Z,2023-06-03 20:23:39,11
SES0012708,U01023,2023-05-30 01:51:55,30/05/2023 01:57,330
SES0012709,U01025,10/05/2024 11:17,2024-05-10T11:24:05Z,409
SES0012710,U01025,2024-04-25T00:20:47Z,25/04/2024 00:30,609
SES0012711,U01026,2023-12-04 13:09:33,2023-12-04 13:11:45,132
SES0012712,U01026,30/12/2023 10:00,2023-12-30 10:04:43,281
SES0012713,U01026,30/10/2023 03:14,2023-10-30T03:15:18Z,72
SES0012714,U01026,2023-11-13T07:13:53Z,13/11/2023 07:14,65
SES0012715,U01026,2024-01-12T12:17:22Z,12/01/2024 12:18,66
SES0012716,U01026,2023-11-04 19:12:47,2023-11-04T19:16:37Z,230
SES0012717,U01026,2023-12-28T05:12:08Z,2023-12-30 03:16:28,
SES0012718,U01026,2023-11-07T07:33:56Z,2023-11-07 07:34:18,22
SES0012719,U01026,24/10/2023 23:59,2023-10-25 00:04:55,348
SES0012720,U01026,12/12/2023 12:02,2023-12-12T12:06:04Z,187
SES0012721,U01026,2023-12-22 12:23:18,2023-12-22T12:23:36Z,
SES0012722,U01026,2023-11-17 15:16:05,2023-11-17 15:17:21,76
SES0012723,U01026,2023-11-06T12:50:40Z,2023-11-06T12:52:25Z,105
SES0012724,U01026,2023-10-24 15:15:20,2023-10-24T15:15:55Z,35
SES0012725,U01026,2024-01-13T09:30:51Z,2024-01-13 09:45:25,874
SES0012726,U01026,2024-01-01 22:44:56,01/01/2024 22:46,76
SES0012727,U01026,2023-10-24 02:53:45,2023-10-24 02:55:47,122
SES0012728,U01026,13/01/2024 08:29,13/01/2024 08:31,96
SES0012729,U01026,2023-12-31 20:40:01,2023-12-31 20:40:28,27
SES0012730,U01026,08/12/2023 07:52,2023-12-08T07:54:42Z,127
SES0012731,U01027,2023-09-23T10:32:10Z,2023-09-23T10:33:07Z,57
SES0012732,U01027,2023-09-28 01:44:09,2023-09-28T01:48:43Z,274
SES0012733,U01028,31/01/2024 16:18,31/01/2024 16:23,276
SES0012734,U01028,2024-01-15T06:40:14Z,15/01/2024 06:50,638
SES0012735,U01028,07/02/2024 12:11,2024-02-07T12:13:39Z,150
SES0012736,U01028,2024-02-03 18:58:23,2024-02-03 19:10:26,723
SES0012737,U01028,02/02/2024 01:18,02/02/2024 01:27,558
SES0012738,U01028,12/01/2024 20:34,2024-01-12 20:39:12,275
SES0012739,U01028,2024-01-31T15:29:11Z,31/01/2024 15:36,425
SES0012740,U01028,2024-02-03 09:35:59,2024-02-03T09:36:21Z,22
SES0012741,U01028,2024-01-12T22:07:00Z,12/01/2024 22:08,76
SES0012742,U01028,13/01/2024 02:01,2024-01-13T02:01:50Z,0
SES0012743,U01028,2024-02-08 19:54:49,2024-02-08 19:56:19,90
SES0012744,U01028,07/02/2024 12:32,2024-02-07T12:33:09Z,37
SES0012745,U01028,03/02/2024 01:05,03/02/2024 01:13,484
SES0012746,U01028,22/01/2024 23:00,22/01/2024 23:05,273
SES0012747,U01028,2024-01-14T10:19:08Z,2024-01-14 10:20:42,94
SES0012748,U01028,2024-01-21T05:16:33Z,2024-01-21T05:25:58Z,565
SES0012749,U01028,18/01/2024 01:24,18/01/2024 01:25,54
SES0012750,U01028,12/01/2024 15:35,12/01/2024 15:37,82
SES0012751,U01028,2024-02-09T12:16:41Z,09/02/2024 12:16,18
SES0012752,U01028,2024-01-16 23:43:30,2024-01-16 23:46:29,179
SES0012753,U01029,18/05/2024 07:18,2024-05-18T07:18:53Z,0
SES0012754,U01029,2024-05-12 15:51:26,2024-05-12T16:00:47Z,561
SES0012755,U01029,2024-05-21 01:11:19,21/05/2024 01:16,318
SES0012756,U01029,2024-05-11 09:28:10,2024-05-11T09:30:27Z,137
SES0012757,U01029,2024-05-22 15:29:06,22/05/2024 15:29,20
SES0012758,U01029,2024-05-18T22:44:48Z,2024-05-18 22:45:39,51
SES0012759,U01029,2024-05-21T12:23:17Z,2024-05-21T12:31:29Z,492
SES0012760,U01029,2024-05-13 18:45:57,13/05/2024 18:52,380
SES0012761,U01029,2024-05-12 19:54:56,2024-05-12 19:56:12,76
SES0012762,U01029,2024-05-20 05:53:21,2024-05-20T05:58:53Z,332
SES0012763,U01029,2024-05-13T10:48:13Z,13/05/2024 10:49,62
SES0012764,U01029,2024-05-17T16:10:41Z,17/05/2024 16:11,34
SES0012765,U01029,20/05/2024 01:16,2024-05-20T01:18:08Z,112
SES0012766,U01029,2024-05-09 21:40:00,09/05/2024 21:44,N/A
SES0012767,U01029,2024-05-15T01:05:23Z,15/05/2024 01:09,228
SES0012768,U01029,15/05/2024 13:55,2024-05-15T14:02:48Z,428
SES0012769,U01029,2024-05-15 01:06:17,15/05/2024 01:08,111
SES0012770,U01029,2024-05-21 20:26:05,21/05/2024 20:28,159
SES0012771,U01029,2024-05-17 15:21:47,17/05/2024 15:28,383
SES0012772,U01029,2024-05-18 09:45:17,2024-05-18T09:48:57Z,220
SES0012773,U01029,2024-05-17T12:28:02Z,2024-05-17 12:38:24,622
SES0012774,U01029,2024-05-18T23:45:57Z,2024-05-18T23:49:00Z,183
SES0012775,U01029,2024-05-18 14:50:16,2024-05-18 14:59:38,562
SES0012776,U01029,2024-05-19 06:42:35,19/05/2024 06:42,15
SES0012777,U01029,09/05/2024 05:15,2024-05-09 05:16:05,8
SES0012778,U01029,09/05/2024 22:58,2024-05-09T23:01:23Z,179
SES0012779,U01029,10/05/2024 11:21,2024-05-10T11:25:43Z,258
SES0012780,U01029,14/05/2024 15:44,2024-05-14 15:47:05,168
SES0012781,U01029,2024-05-17T15:08:46Z,2024-05-17T15:55:16Z,2790
SES0012782,U01029,2024-05-19T09:18:46Z,19/05/2024 09:20,123
SES0012783,U01029,2024-05-21T16:03:40Z,21/05/2024 16:06,163
SES0012784,U01029,12/05/2024 14:26,2024-05-12 14:45:53,1192
SES0012785,U01029,2024-05-21 07:52:29,2024-05-21T07:52:48Z,N/A
SES0012786,U01029,2024-05-09T02:20:23Z,2024-05-09 02:20:56,33
SES0012787,U01029,2024-05-19T14:36:49Z,2024-05-19 14:42:56,367
SES0012788,U01029,2024-05-14T10:12:05Z,14/05/2024 10:12,N/A
SES0012789,U01029,2024-05-13 00:25:14,13/05/2024 00:41,978
SES0012790,U01029,2024-05-09T04:30:19Z,2024-05-09T04:34:37Z,258
SES0012791,U01029,13/05/2024 08:31,13/05/2024 08:37,356
SES0012792,U01029,2024-05-12T13:11:18Z,2024-05-12T13:24:21Z,783
SES0012793,U01029,2024-05-09 10:10:23,09/05/2024 10:10,7
SES0012794,U01029,2024-05-17 16:08:55,2024-05-17 16:09:30,35
SES0012795,U01029,2024-05-21T22:11:07Z,21/05/2024 22:18,466
SES0012796,U01029,2024-05-18 12:51:22,2024-05-18T13:37:40Z,2778
SES0012797,U01029,21/05/2024 02:24,2024-05-21 02:48:13,1448
SES0012798,U01029,20/05/2024 18:35,2024-05-20T18:38:01Z,134
SES0012799,U01029,2024-05-21 13:32:09,2024-05-21T13:35:50Z,221
SES0012800,U01029,14/05/2024 22:37,14/05/2024 22:39,121
SES0012801,U01029,10/05/2024 21:45,10/05/2024 21:46,57
SES0012802,U01029,11/05/2024 04:39,11/05/2024 04:42,169
SES0012803,U01029,20/05/2024 06:05,20/05/2024 06:26,1306
SES0012804,U01029,21/05/2024 23:57,2024-05-21T23:59:28Z,103
SES0012805,U01029,2024-05-16T17:50:13Z,2024-05-16 17:53:41,208
SES0012806,U01029,2024-05-09T00:38:58Z,2024-05-09 00:47:08,N/A
SES0012807,U01029,15/05/2024 19:34,2024-05-15 19:38:13,210
SES0012808,U01029,2024-05-18T22:53:41Z,2024-05-18T22:54:02Z,21
SES0012809,U01029,2024-05-22T08:23:09Z,2024-05-22T08:28:07Z,298
SES0012810,U01029,20/05/2024 11:29,2024-05-20 11:36:15,397
SES0012811,U01029,16/05/2024 18:55,2024-05-16T18:57:10Z,121
SES0012812,U01029,2024-05-13 14:28:33,2024-05-13 14:28:45,12
SES0012813,U01029,17/05/2024 16:56,17/05/2024 16:58,71
SES0012814,U01029,2024-05-11 09:20:19,2024-05-11T09:21:05Z,46
SES0012815,U01029,2024-05-14T09:35:44Z,14/05/2024 09:45,588
SES0012816,U01029,2024-05-13 12:33:23,2024-05-13T12:43:32Z,609
SES0012817,U01029,2024-05-20 22:01:13,20/05/2024 22:14,824
SES0012818,U01029,2024-05-11 10:26:50,11/05/2024 10:33,N/A
SES0012819,U01029,09/05/2024 08:56,2024-05-09T09:00:52Z,278
SES0012820,U01029,2024-05-18T23:40:09Z,18/05/2024 23:42,150
SES0012821,U01029,21/05/2024 05:04,2024-05-21 05:05:02,43
SES0012822,U01029,13/05/2024 03:03,2024-05-13 03:14:19,N/A
SES0012823,U01029,14/05/2024 05:05,14/05/2024 05:06,61
SES0012824,U01029,09/05/2024 12:01,09/05/2024 12:02,22
SES0012825,U01029,2024-05-11T05:26:51Z,2024-05-11T05:46:22Z,1171
SES0012826,U01029,16/05/2024 18:02,2024-05-16 18:06:29,259
SES0012827,U01029,18/05/2024 20:01,2024-05-18 20:02:26,30
SES0012828,U01029,2024-05-22 15:51:42,2024-05-22 15:54:03,141
SES0012829,U01029,17/05/2024 01:12,2024-05-17T01:14:14Z,120
SES0012830,U01029,2024-05-12 01:31:02,12/05/2024 01:31,34
SES0012831,U01029,12/05/2024 22:59,2024-05-12 22:59:52,27
SES0012832,U01029,2024-05-18T10:34:14Z,2024-05-18 10:36:10,116
SES0012833,U01030,19/01/2024 07:31,2024-01-19T07:31:56Z,52
SES0012834,U01030,10/01/2024 22:55,2024-01-10T22:55:44Z,N/A
SES0012835,U01030,2023-10-20 18:05:34,2023-10-20 18:22:04,990
SES0012836,U01030,2023-10-27T06:36:12Z,2023-10-27 06:36:46,34
SES0012837,U01030,2024-03-03 05:29:09,2024-03-03 05:31:40,151
SES0012838,U01030,21/01/2024 07:40,2024-01-21 08:11:04,N/A
SES0012839,U01030,25/02/2024 20:10,2024-02-25T20:10:59Z,49
SES0012840,U01030,2024-01-16 00:26:53,16/01/2024 00:27,51
SES0012841,U01030,2023-12-25 00:56:59,2023-12-25 00:57:31,32
SES0012842,U01030,2023-11-26T19:11:44Z,2023-11-26T19:11:44Z,0
SES0012843,U01030,06/12/2023 11:26,06/12/2023 11:28,127
SES0012844,U01030,2023-12-06T10:49:00Z,2023-12-06T10:53:05Z,245
SES0012845,U01030,2023-11-07 15:11:03,2023-11-07T15:11:53Z,
SES0012846,U01030,31/10/2023 09:44,2023-10-31T09:47:29Z,184
SES0012847,U01030,2023-12-06 20:57:37,2023-12-06T20:58:17Z,40
SES0012848,U01030,05/02/2024 11:05,2024-02-05T11:06:30Z,82
SES0012849,U01030,2023-11-08 18:29:39,2023-11-08T18:30:50Z,71
SES0012850,U01030,21/10/2023 04:02,2023-10-21 04:04:33,151
SES0012851,U01030,2023-12-29T13:44:04Z,29/12/2023 13:46,121
SES0012852,U01030,2024-01-02 14:46:25,02/01/2024 15:11,1477
SES0012853,U01031,03/08/2023 03:31,03/08/2023 03:33,83
SES0012854,U01031,2023-12-15 16:51:24,2023-12-15 16:51:59,35
SES0012855,U01031,2023-09-03T23:51:21Z,2023-09-03T23:51:21Z,0
SES0012856,U01032,02/03/2023 16:36,2023-03-02T16:37:48Z,108
SES0012857,U01032,12/03/2023 12:12,12/03/2023 12:13,38
SES0012858,U01032,15/03/2023 12:05,15/03/2023 12:10,339
SES0012859,U01032,2023-03-03 10:03:02,2023-03-03 10:04:44,102
SES0012860,U01032,2023-03-12T11:01:38Z,2023-03-12 11:03:16,98
SES0012861,U01032,12/03/2023 07:35,2023-03-12 07:39:18,250
SES0012862,U01032,2023-03-09 05:46:23,09/03/2023 05:55,543
SES0012863,U01032,2023-03-09 15:26:05,09/03/2023 15:35,566
SES0012864,U01032,2023-03-05 00:52:11,2023-03-05T00:54:01Z,110
SES0012865,U01032,2023-03-15T18:07:49Z,15/03/2023 18:08,42
SES0012866,U01033,2023-10-12 02:24:06,12/10/2023 02:24,27
SES0012867,U01033,09/10/2023 06:15,2023-10-09 06:20:28,307
SES0012868,U01033,02/10/2023 16:02,2023-10-02T16:08:28Z,337
SES0012869,U01034,2024-06-19 13:33:35,19/06/2024 13:39,368
SES0012870,U01034,18/06/2024 16:25,2024-06-18T16:26:26Z,69
SES0012871,U01034,2024-06-20T10:33:14Z,2024-06-20T10:36:08Z,174
SES0012872,U01034,2024-06-16T16:25:49Z,2024-06-16T16:26:45Z,56
SES0012873,U01034,16/06/2024 11:35,16/06/2024 11:36,72
SES0012874,U01034,2024-06-21 08:03:40,21/06/2024 08:05,119
SES0012875,U01034,2024-06-21 11:04:24,21/06/2024 11:04,35
SES0012876,U01034,2024-06-19 05:30:49,2024-06-19 05:37:02,373
SES0012877,U01034,2024-06-18 11:26:01,18/06/2024 11:28,N/A
SES0012878,U01034,2024-06-19T19:10:22Z,19/06/2024 19:11,80
SES0012879,U01035,2023-07-30 00:52:11,30/07/2023 01:07,890
SES0012880,U01035,19/09/2023 22:11,2023-09-19T22:13:09Z,82
SES0012881,U01035,2023-08-18T13:04:07Z,2023-08-18 13:06:42,155
SES0012882,U01035,31/08/2023 16:16,2023-08-31T16:19:30Z,193
SES0012883,U01035,2023-11-01 16:32:38,2023-11-01T16:33:11Z,33
SES0012884,U01035,2023-09-27 00:29:04,2023-09-27 00:31:49,165
SES0012885,U01035,15/08/2023 15:04,2023-08-16 19:19:28,101714
SES0012886,U01035,2024-01-22 22:16:52,22/01/2024 22:29,743
SES0012887,U01035,21/09/2023 08:41,21/09/2023 08:45,243
SES0012888,U01035,2024-01-16T10:01:34Z,2024-01-16 10:48:40,2826
SES0012889,U01035,13/12/2023 14:24,2023-12-13T14:26:27Z,110
SES0012890,U01035,2023-10-01T08:56:48Z,2023-10-01 08:58:30,
SES0012891,U01035,25/10/2023 00:12,2023-10-25T00:19:34Z,436
SES0012892,U01035,2023-08-09T23:12:35Z,09/08/2023 23:24,706
SES0012893,U01035,2023-12-27 11:53:17,2023-12-27T11:57:54Z,N/A
SES0012894,U01035,2023-08-29 12:01:38,2023-08-29T12:05:53Z,255
SES0012895,U01035,01/12/2023 01:41,2023-12-01T01:43:29Z,101
SES0012896,U01035,2023-08-19 12:18:57,2023-08-19 12:19:09,12
SES0012897,U01035,2023-12-29 05:38:31,29/12/2023 05:39,79
SES0012898,U01035,2024-01-02T11:36:08Z,2024-01-02T11:38:54Z,166
SES0012899,U01036,02/06/2024 12:18,2024-06-02T12:18:40Z,30
SES0012900,U01036,08/06/2024 22:10,11/06/2024 03:55,193487
SES0012901,U01036,2024-05-28T07:23:22Z,2024-05-28T07:26:02Z,160
SES0012902,U01036,13/06/2024 00:25,2024-06-13 00:30:23,283
SES0012903,U01036,2024-05-19T18:58:39Z,2024-05-19 19:00:06,
SES0012904,U01036,20/06/2024 11:00,2024-06-20 11:04:06,238
SES0012905,U01036,2024-04-30 20:13:57,03/05/2024 02:56,N/A
SES0012906,U01036,2024-05-19T15:01:51Z,2024-05-19T15:03:41Z,110
SES0012907,U01036,2024-05-06T00:25:35Z,2024-05-06 00:26:21,46
SES0012908,U01036,07/06/2024 23:41,07/06/2024 23:44,171
SES0012909,U01036,28/05/2024 17:29,2024-05-28 17:36:17,405
SES0012910,U01036,2024-05-28T23:18:07Z,28/05/2024 23:22,243
SES0012911,U01036,2024-06-15 02:23:19,15/06/2024 02:23,26
SES0012912,U01036,2024-05-12T02:00:35Z,2024-05-12 02:04:17,222
SES0012913,U01036,09/06/2024 02:07,09/06/2024 02:07,27
SES0012914,U01036,2024-04-28T17:23:02Z,28/04/2024 17:31,533
SES0012915,U01036,2024-05-13T12:13:13Z,13/05/2024 12:30,1016
SES0012916,U01036,2024-06-10 16:21:52,2024-06-10T16:22:36Z,44
SES0012917,U01036,14/06/2024 00:50,2024-06-14 01:14:14,1447
SES0012918,U01036,13/05/2024 19:27,2024-05-13 19:28:10,43
SES0012919,U01037,08/04/2023 11:25,2023-04-08 11:29:00,210
SES0012920,U01037,09/04/2023 22:13,2023-04-09T22:18:31Z,273
SES0012921,U01037,2023-04-11T07:07:27Z,2023-04-11T07:10:58Z,211
SES0012922,U01037,06/04/2023 09:17,06/04/2023 10:16,3519
SES0012923,U01037,2023-04-12T21:03:09Z,2023-04-12 21:03:09,0
SES0012924,U01037,2023-04-12T07:43:47Z,2023-04-12 07:51:15,448
SES0012925,U01037,2023-04-06 04:18:16,06/04/2023 04:21,175
SES0012926,U01037,2023-04-12T20:35:42Z,12/04/2023 20:39,239
SES0012927,U01037,2023-04-08 17:51:18,2023-04-08T17:53:34Z,136
SES0012928,U01037,2023-04-07T05:20:08Z,07/04/2023 05:25,350
SES0012929,U01037,2023-04-09T21:50:17Z,2023-04-09T21:51:37Z,80
SES0012930,U01037,2023-04-09 09:27:31,2023-04-09 09:32:50,319
SES0012931,U01037,11/04/2023 02:18,2023-04-11 02:18:36,1
SES0012932,U01037,12/04/2023 17:05,2023-04-12 17:05:22,0
SES0012933,U01037,2023-04-07T06:26:37Z,07/04/2023 06:35,517
SES0012934,U01037,2023-04-12T00:46:04Z,2023-04-12 00:46:04,0
SES0012935,U01037,2023-04-08 01:32:46,2023-04-08T01:35:10Z,144
SES0012936,U01037,09/04/2023 07:26,09/04/2023 07:39,811
SES0012937,U01037,10/04/2023 15:05,2023-04-10T15:09:41Z,270
SES0012938,U01037,2023-04-08T03:15:56Z,2023-04-08T03:17:23Z,87
SES0012939,U01037,2023-04-10 11:27:57,2023-04-10T11:30:00Z,123
SES0012940,U01037,2023-04-06 21:49:23,2023-04-06 21:50:58,95
SES0012941,U01037,06/04/2023 18:14,06/04/2023 18:15,53
SES0012942,U01037,2023-04-06 10:17:36,06/04/2023 10:18,44
SES0012943,U01037,07/04/2023 06:24,2023-04-07 06:45:51,1298
SES0012944,U01037,11/04/2023 00:09,2023-04-11T00:10:22Z,49
SES0012945,U01037,2023-04-12T04:22:09Z,2023-04-12 04:23:45,96
SES0012946,U01037,2023-04-11T08:25:22Z,2023-04-11 08:26:48,86
SES0012947,U01037,2023-04-11T00:09:34Z,11/04/2023 00:09,8
SES0012948,U01037,2023-04-08T07:24:18Z,08/04/2023 07:27,170
SES0012949,U01037,2023-04-10T22:44:24Z,2023-04-10 22:47:34,190
SES0012950,U01037,2023-04-08T18:13:16Z,2023-04-10T00:59:06Z,110750
SES0012951,U01037,2023-04-12T15:51:29Z,2023-04-12 15:52:11,42
SES0012952,U01037,2023-04-06 04:59:02,2023-04-06T04:59:50Z,48
SES0012953,U01037,2023-04-11T13:57:32Z,2023-04-11T13:59:45Z,133
SES0012954,U01037,2023-04-08 12:49:34,08/04/2023 12:51,100
SES0012955,U01037,07/04/2023 23:57,2023-04-08T00:00:35Z,197
SES0012956,U01037,2023-04-12T13:14:27Z,12/04/2023 13:16,145
SES0012957,U01037,2023-04-12T15:14:19Z,2023-04-12 15:16:30,131
SES0012958,U01037,12/04/2023 15:26,12/04/2023 15:27,45
SES0012959,U01037,07/04/2023 15:37,07/04/2023 15:38,50
SES0012960,U01037,10/04/2023 16:20,2023-04-10 16:20:22,9
SES0012961,U01037,2023-04-09T03:08:05Z,09/04/2023 03:09,75
SES0012962,U01037,2023-04-07T06:08:38Z,2023-04-07 06:16:56,498
SES0012963,U01037,07/04/2023 08:07,2023-04-07T08:09:31Z,114
SES0012964,U01037,09/04/2023 10:17,09/04/2023 10:18,48
SES0012965,U01037,2023-04-06T06:07:24Z,06/04/2023 06:09,
SES0012966,U01037,2023-04-10T08:14:14Z,2023-04-10T08:18:35Z,261
SES0012967,U01037,06/04/2023 01:09,2023-04-06 01:09:13,0
SES0012968,U01037,2023-04-12 03:45:18,12/04/2023 03:55,
SES0012969,U01037,2023-04-10T19:45:48Z,10/04/2023 19:48,188
SES0012970,U01037,2023-04-07T18:40:09Z,2023-04-07T18:42:05Z,116
SES0012971,U01037,08/04/2023 05:20,08/04/2023 05:28,526
SES0012972,U01037,2023-04-06T11:21:13Z,06/04/2023 11:25,231
SES0012973,U01037,2023-04-10T16:28:28Z,2023-04-10 16:28:45,17
SES0012974,U01037,2023-04-07T12:42:07Z,2023-04-07 12:49:41,454
SES0012975,U01037,2023-04-12 09:05:12,2023-04-12 09:09:48,276
SES0012976,U01037,2023-04-10 15:45:30,2023-04-10T15:49:59Z,269
SES0012977,U01037,2023-04-10 17:13:34,2023-04-10 17:14:24,50
SES0012978,U01037,12/04/2023 23:15,2023-04-12 23:33:44,1071
SES0012979,U01037,2023-04-06T18:26:13Z,2023-04-06 18:27:20,67
SES0012980,U01037,09/04/2023 05:43,2023-04-09 05:51:06,436
SES0012981,U01037,2023-04-10T13:51:19Z,2023-04-10T13:54:13Z,174
SES0012982,U01037,11/04/2023 20:46,2023-04-11 20:48:21,82
SES0012983,U01037,2023-04-07 07:02:55,07/04/2023 07:05,172
SES0012984,U01037,2023-04-09 00:49:11,2023-04-09 01:04:57,946
SES0012985,U01037,2023-04-09 20:47:13,09/04/2023 20:51,243
SES0012986,U01037,11/04/2023 16:27,11/04/2023 16:30,179
SES0012987,U01037,2023-04-11 22:16:24,2023-04-11T22:17:44Z,80
SES0012988,U01037,2023-04-07 15:02:36,2023-04-07T15:05:11Z,155
SES0012989,U01037,07/04/2023 03:51,2023-04-07 03:54:26,161
SES0012990,U01037,10/04/2023 17:47,2023-04-10T17:48:10Z,52
SES0012991,U01037,2023-04-12T14:18:44Z,2023-04-12T14:24:44Z,360
SES0012992,U01037,11/04/2023 04:39,11/04/2023 04:41,114
SES0012993,U01037,09/04/2023 11:08,2023-04-09 11:12:22,221
SES0012994,U01037,11/04/2023 08:36,2023-04-11 08:37:07,52
SES0012995,U01037,08/04/2023 08:48,08/04/2023 08:48,29
SES0012996,U01037,2023-04-12T04:58:57Z,2023-04-12T05:01:36Z,159
SES0012997,U01037,11/04/2023 18:05,11/04/2023 18:05,14
SES0012998,U01037,06/04/2023 23:44,2023-04-06 23:46:13,128
SES0012999,U01038,2024-04-29T04:57:52Z,29/04/2024 05:00,162
SES0013000,U01039,10/04/2024 02:55,10/04/2024 02:58,165
SES0013001,U01039,02/12/2023 07:43,2023-12-02 07:47:09,213
SES0013002,U01039,11/06/2024 20:12,11/06/2024 20:16,236
SES0013003,U01040,18/02/2024 08:00,18/02/2024 08:03,167
SES0013004,U01040,2024-02-04 02:53:08,2024-02-04T02:57:06Z,238
SES0013005,U01040,2024-02-01 04:09:11,01/02/2024 04:26,1022
SES0013006,U01040,2024-02-20 08:00:39,2024-02-20T08:02:47Z,128
SES0013007,U01040,2024-02-27 07:47:10,2024-02-27T07:49:26Z,136
SES0013008,U01041,18/11/2023 19:03,2023-11-18T19:04:42Z,63
SES0013009,U01041,2023-11-18 16:03:13,18/11/2023 16:13,594
SES0013010,U01041,2023-11-19 11:09:28,19/11/2023 11:10,50
SES0013011,U01041,2023-11-17 00:42:12,2023-11-17T00:44:40Z,148
SES0013012,U01041,2023-11-14 02:00:21,2023-11-14 02:07:02,401
SES0013013,U01041,2023-11-14 07:56:19,2023-11-14 07:58:59,160
SES0013014,U01041,2023-11-09 02:18:30,09/11/2023 02:29,642
SES0013015,U01041,2023-11-16 09:56:10,2023-11-16 09:56:46,36
SES0013016,U01041,2023-11-19 19:30:36,2023-11-19T19:34:07Z,211
SES0013017,U01041,2023-11-11 05:29:22,2023-11-11T05:31:53Z,151
SES0013018,U01041,20/11/2023 23:03,20/11/2023 23:06,141
SES0013019,U01041,2023-11-09T10:51:48Z,2023-11-09T10:52:42Z,54
SES0013020,U01041,19/11/2023 16:01,2023-11-19 16:01:41,35
SES0013021,U01041,11/11/2023 00:28,2023-11-11 00:31:12,189
SES0013022,U01041,2023-11-20T20:31:00Z,2023-11-20 20:35:37,277
SES0013023,U01041,2023-11-18 23:50:00,18/11/2023 23:51,80
SES0013024,U01041,2023-11-08 07:08:40,2023-11-08T07:13:42Z,302
SES0013025,U01041,2023-11-10 01:55:23,2023-11-10T02:18:21Z,1378
SES0013026,U01041,2023-11-14 03:38:08,2023-11-14 03:41:08,180
SES0013027,U01041,2023-11-13T01:09:23Z,2023-11-13 01:09:57,34
SES0013028,U01041,2023-11-18 17:23:43,2023-11-18T17:26:25Z,162
SES0013029,U01041,2023-11-16T19:14:42Z,2023-11-16T19:20:05Z,323
SES0013030,U01041,13/11/2023 23:31,2023-11-13 23:43:21,715
SES0013031,U01041,2023-11-10 11:08:12,10/11/2023 11:08,27
SES0013032,U01041,2023-11-15 12:24:34,2023-11-15T12:25:52Z,78
SES0013033,U01041,18/11/2023 20:54,2023-11-18 20:54:53,46
SES0013034,U01041,20/11/2023 12:42,20/11/2023 12:43,97
SES0013035,U01041,2023-11-17T21:41:50Z,2023-11-17 21:47:01,311
SES0013036,U01041,2023-11-14 18:47:29,2023-11-14T19:01:41Z,N/A
SES0013037,U01041,11/11/2023 12:44,2023-11-11 12:45:16,67
SES0013038,U01041,2023-11-08 17:23:51,2023-11-08 17:25:15,84
SES0013039,U01041,09/11/2023 22:45,2023-11-09T22:49:51Z,262
SES0013040,U01041,2023-11-08T23:35:16Z,2023-11-08 23:38:52,216
SES0013041,U01041,18/11/2023 11:46,18/11/2023 11:46,21
SES0013042,U01041,2023-11-09 20:40:17,2023-11-09T20:43:59Z,222
SES0013043,U01041,2023-11-08 08:04:42,08/11/2023 08:07,144
SES0013044,U01041,15/11/2023 01:32,15/11/2023 01:37,278
SES0013045,U01041,19/11/2023 21:51,19/11/2023 22:21,1765
SES0013046,U01041,2023-11-21T04:30:20Z,21/11/2023 04:31,65
SES0013047,U01041,2023-11-19 09:40:05,19/11/2023 09:41,
SES0013048,U01042,01/03/2024 07:39,2024-03-01T07:42:08Z,136
SES0013049,U01042,02/03/2024 12:44,2024-03-02 12:49:09,273
SES0013050,U01042,2024-02-29 03:06:36,2024-02-29 03:08:56,140
SES0013051,U01042,02/03/2024 14:35,2024-03-02 14:37:46,128
SES0013052,U01042,01/03/2024 17:12,2024-03-01T17:21:34Z,
SES0013053,U01042,29/02/2024 02:42,29/02/2024 02:50,510
SES0013054,U01042,28/02/2024 17:03,2024-02-28 17:08:29,311
SES0013055,U01042,2024-02-26T04:51:23Z,2024-02-26 04:52:18,55
SES0013056,U01042,2024-03-01 12:28:04,2024-03-01 12:29:43,99
SES0013057,U01042,28/02/2024 23:50,2024-02-28 23:51:42,78
SES0013058,U01042,2024-03-02 05:35:14,2024-03-02T05:38:19Z,185
SES0013059,U01042,2024-02-27 03:40:24,2024-02-27T03:41:07Z,N/A
SES0013060,U01042,2024-03-03T01:33:12Z,2024-03-03T01:38:53Z,341
SES0013061,U01042,29/02/2024 05:30,2024-02-29T05:31:16Z,75
SES0013062,U01042,2024-03-01T09:02:12Z,01/03/2024 09:21,1142
SES0013063,U01042,27/02/2024 22:23,2024-02-27T22:25:41Z,127
SES0013064,U01042,01/03/2024 03:21,2024-03-01T03:22:22Z,38
SES0013065,U01042,2024-03-01T00:55:28Z,01/03/2024 00:59,227
SES0013066,U01042,2024-02-29 04:25:31,29/02/2024 04:38,805
SES0013067,U01042,28/02/2024 19:21,2024-02-28T19:22:32Z,58
SES0013068,U01042,02/03/2024 04:57,02/03/2024 04:58,81
SES0013069,U01042,2024-02-29T07:17:47Z,2024-02-29T07:18:42Z,55
SES0013070,U01042,2024-03-01T04:17:22Z,2024-03-01T04:18:10Z,48
SES0013071,U01042,28/02/2024 17:30,28/02/2024 17:31,73
SES0013072,U01042,2024-03-02T00:34:22Z,2024-03-02T00:34:53Z,31
SES0013073,U01042,2024-02-28 17:23:59,28/02/2024 17:30,375
SES0013074,U01042,2024-02-26T22:45:16Z,2024-02-26 22:50:44,328
SES0013075,U01042,29/02/2024 20:04,29/02/2024 20:06,127
SES0013076,U01042,2024-03-03 01:05:48,03/03/2024 01:06,19
SES0013077,U01042,2024-02-29T18:51:40Z,2024-02-29 19:07:40,960
SES0013078,U01043,2024-06-17T15:28:35Z,2024-06-17T15:34:38Z,363
SES0013079,U01044,04/08/2023 17:30,2023-08-04 17:34:06,243
SES0013080,U01044,2023-10-09T20:36:11Z,2023-10-09 20:39:18,187
SES0013081,U01044,2024-01-03T18:37:12Z,2024-01-03T18:38:17Z,65
SES0013082,U01044,17/04/2023 03:39,2023-04-17 03:42:05,132
SES0013083,U01044,01/04/2023 00:36,2023-04-01T00:50:16Z,805
SES0013084,U01044,11/11/2023 13:23,2023-11-11T13:25:41Z,126
SES0013085,U01044,12/05/2023 06:32,12/05/2023 06:33,64
SES0013086,U01044,2023-01-22 06:15:40,22/01/2023 06:17,114
SES0013087,U01044,2023-01-30T20:33:10Z,2023-01-30T20:35:45Z,155
SES0013088,U01044,2023-10-10 14:36:41,2023-10-10 14:39:27,166
SES0013089,U01044,25/04/2023 09:08,25/04/2023 09:19,671
SES0013090,U01044,2023-08-29 00:38:50,2023-08-29T00:47:18Z,508
SES0013091,U01044,2023-09-11T21:39:06Z,11/09/2023 21:40,79
SES0013092,U01044,2023-06-08 21:32:41,08/06/2023 21:34,125
SES0013093,U01044,2023-01-22T01:16:29Z,2023-01-22T01:17:56Z,87
SES0013094,U01044,2023-07-25T01:07:05Z,2023-07-25 01:13:13,368
SES0013095,U01044,2023-07-25 20:46:20,25/07/2023 20:47,59
SES0013096,U01044,05/01/2024 06:59,05/01/2024 07:00,44
SES0013097,U01044,2023-11-05 07:46:51,2023-11-05T08:12:12Z,1521
SES0013098,U01044,21/01/2023 08:18,2023-01-21T08:19:05Z,41
SES0013099,U01044,2023-04-26 22:14:50,26/04/2023 22:38,1401
SES0013100,U01044,06/11/2023 00:04,06/11/2023 00:17,752
SES0013101,U01044,2023-10-24 03:55:56,2023-10-24 03:57:40,104
SES0013102,U01044,06/08/2023 01:53,2023-08-06T02:00:24Z,389
SES0013103,U01044,2023-07-28T02:27:38Z,2023-07-28T02:28:32Z,N/A
SES0013104,U01044,2023-06-09 10:30:57,2023-06-09 11:27:34,3397
SES0013105,U01044,2023-03-11 09:19:58,2023-03-11 09:19:58,0
SES0013106,U01044,2023-11-06T06:53:55Z,2023-11-06T06:54:52Z,57
SES0013107,U01044,2023-11-25T02:51:47Z,25/11/2023 02:52,16
SES0013108,U01044,13/01/2023 04:52,2023-01-13T04:53:23Z,34
SES0013109,U01044,17/01/2023 09:46,2023-01-17 09:46:10,0
SES0013110,U01044,2023-12-13 11:19:58,2023-12-13 11:20:21,23
SES0013111,U01044,2023-07-15 07:08:32,2023-07-15T07:11:26Z,174
SES0013112,U01044,2023-06-02T04:20:37Z,2023-06-02 04:21:52,75
SES0013113,U01044,2023-11-13 21:21:56,2023-11-13T21:27:20Z,324
SES0013114,U01044,05/09/2023 22:54,2023-09-05T23:02:16Z,469
SES0013115,U01044,2023-09-13T00:18:06Z,2023-09-13T00:18:23Z,17
SES0013116,U01044,2023-07-19 12:21:58,19/07/2023 12:27,358
SES0013117,U01044,2023-04-28 12:16:09,2023-04-28 12:16:09,0
SES0013118,U01044,28/06/2023 18:19,2023-06-28 18:20:29,64
SES0013119,U01046,2023-09-01T12:01:43Z,01/09/2023 12:02,34
SES0013120,U01046,14/10/2023 23:36,2023-10-14T23:42:04Z,320
SES0013121,U01046,2023-11-13 14:38:16,13/11/2023 14:39,84
SES0013122,U01046,2023-08-20T16:39:15Z,20/08/2023 16:41,116
SES0013123,U01046,2023-10-11T07:03:34Z,2023-10-11 07:04:25,51
SES0013124,U01046,2023-08-28 11:07:39,2023-08-28T11:08:42Z,63
SES0013125,U01046,2023-08-25 05:13:11,2023-08-25 05:17:38,267
SES0013126,U01046,2023-11-12 14:58:51,2023-11-12T14:59:11Z,20
SES0013127,U01046,2023-11-03T06:31:49Z,2023-11-03T06:31:49Z,0
SES0013128,U01046,06/06/2023 15:38,2023-06-06 15:55:50,1036
SES0013129,U01046,24/06/2023 05:42,2023-06-24 05:43:04,30
SES0013130,U01046,2023-06-14T02:16:21Z,2023-06-14 02:20:59,278
SES0013131,U01046,2023-10-13 04:42:06,2023-10-13T04:46:55Z,289
SES0013132,U01046,03/11/2023 22:16,2023-11-03T22:29:57Z,794
SES0013133,U01046,2023-09-27T20:26:48Z,27/09/2023 20:28,78
SES0013134,U01046,2023-09-14 13:37:30,2023-09-14T13:42:15Z,285
SES0013135,U01046,2023-10-24 09:34:43,2023-10-24 09:38:33,230
SES0013136,U01046,2023-09-12T00:58:04Z,2023-09-12 01:05:50,466
SES0013137,U01046,2023-07-14 23:42:29,14/07/2023 23:42,28
SES0013138,U01046,23/09/2023 20:02,23/09/2023 20:14,760
SES0013139,U01046,30/06/2023 23:52,30/06/2023 23:54,107
SES0013140,U01046,2023-06-21T10:57:30Z,21/06/2023 10:57,27
SES0013141,U01046,2023-10-03T16:28:15Z,2023-10-03T16:29:26Z,71
SES0013142,U01046,2023-09-09T11:12:14Z,2023-09-09T11:12:53Z,39
SES0013143,U01046,2023-05-31T05:26:17Z,2023-05-31T05:31:13Z,296
SES0013144,U01046,2023-10-05 19:43:33,05/10/2023 19:44,86
SES0013145,U01046,2023-09-27T07:01:13Z,2023-09-27T07:01:13Z,0
SES0013146,U01046,2023-08-23T17:14:16Z,2023-08-23 17:14:43,27
SES0013147,U01046,2023-06-05T05:04:19Z,05/06/2023 05:05,
SES0013148,U01046,26/05/2023 04:13,2023-05-26 04:15:43,134
SES0013149,U01046,2023-10-02T15:58:43Z,2023-10-02 16:04:47,364
SES0013150,U01046,2023-10-05 02:34:13,2023-10-06 03:40:30,90377
SES0013151,U01046,2023-11-03 17:01:08,03/11/2023 17:02,52
SES0013152,U01046,2023-11-14T06:24:00Z,2023-11-14 06:27:32,212
SES0013153,U01046,04/06/2023 09:35,2023-06-04 09:36:14,72
SES0013154,U01046,12/10/2023 00:48,2023-10-12T00:50:46Z,131
SES0013155,U01046,2023-08-10 16:05:17,2023-08-10 16:07:20,123
SES0013156,U01046,27/05/2023 04:43,27/05/2023 04:47,288
SES0013157,U01046,2023-09-05 12:24:46,05/09/2023 12:26,87
SES0013158,U01046,2023-09-27T02:49:56Z,2023-09-27T02:50:32Z,36
SES0013159,U01048,2024-03-25T23:18:17Z,2024-03-25T23:29:42Z,685
SES0013160,U01050,11/08/2023 08:18,2023-08-11 08:18:30,6
SES0013161,U01050,2023-10-10 02:06:57,10/10/2023 02:08,91
SES0013162,U01050,2023-05-12 23:03:42,2023-05-13 00:28:56,5114
SES0013163,U01050,2023-08-30T16:07:51Z,2023-08-30T16:09:36Z,105
SES0013164,U01050,13/06/2023 14:13,13/06/2023 14:13,22
SES0013165,U01050,2023-07-26T15:01:02Z,2023-07-26T15:01:13Z,11
SES0013166,U01050,27/05/2023 08:10,2023-05-27 08:14:56,261
SES0013167,U01050,2023-10-02T09:04:28Z,02/10/2023 09:10,389
SES0013168,U01050,2023-09-26 08:34:03,2023-09-26T08:34:03Z,0
SES0013169,U01050,17/10/2023 20:24,2023-10-17T20:25:29Z,70
SES0013169,U01050,17/10/2023 20:24,2023-10-17T20:25:29Z,70
SES0013170,U01052,18/03/2024 06:06,18/03/2024 06:10,244
SES0013171,U01052,21/03/2024 23:28,2024-03-21T23:31:37Z,174
SES0013172,U01052,23/03/2024 06:48,23/03/2024 06:53,342
SES0013173,U01052,2024-03-23T21:42:30Z,2024-03-23 21:43:33,63
SES0013174,U01052,27/03/2024 06:18,2024-03-27 06:20:02,94
SES0013175,U01052,2024-03-27 05:09:27,2024-03-27T05:13:56Z,269
SES0013176,U01052,12/04/2024 21:33,12/04/2024 21:36,
SES0013177,U01052,2024-03-16T13:17:45Z,2024-03-16 13:18:22,37
SES0013178,U01052,2024-04-09 22:58:57,2024-04-09T23:03:13Z,256
SES0013179,U01052,2024-03-14T09:53:57Z,2024-03-15T16:43:11Z,110954
SES0013180,U01052,21/03/2024 09:49,21/03/2024 09:49,0
SES0013181,U01052,12/04/2024 01:37,2024-04-12 01:37:42,32
SES0013182,U01052,22/03/2024 05:06,22/03/2024 05:09,147
SES0013183,U01052,2024-03-24T01:06:33Z,2024-03-24 01:13:18,405
SES0013184,U01052,29/03/2024 11:01,2024-03-29T11:04:06Z,153
SES0013185,U01052,2024-03-27 10:57:51,2024-03-27 10:58:22,31
SES0013186,U01052,23/03/2024 08:16,23/03/2024 08:17,68
SES0013187,U01052,01/04/2024 11:12,2024-04-01T11:16:55Z,263
SES0013188,U01052,2024-03-20T07:14:13Z,2024-03-20 07:27:48,815
SES0013189,U01052,19/03/2024 14:38,2024-03-19 14:38:56,13
SES0013190,U01052,2024-03-23T02:45:28Z,2024-03-23T02:46:35Z,67
SES0013191,U01052,24/03/2024 14:39,2024-03-24T14:42:00Z,144
SES0013192,U01052,2024-03-22T15:54:01Z,2024-03-22 15:54:11,
SES0013193,U01052,2024-03-18 09:38:18,2024-03-18 09:39:06,48
SES0013194,U01052,24/03/2024 21:29,2024-03-24 21:31:30,141
SES0013195,U01052,09/04/2024 04:32,2024-04-09T05:10:38Z,2306
SES0013196,U01052,2024-03-22T03:57:45Z,22/03/2024 03:59,118
SES0013197,U01052,2024-04-04T11:26:49Z,2024-04-04T11:29:17Z,148
SES0013198,U01052,2024-03-18 19:54:50,2024-03-18 20:00:06,316
SES0013199,U01052,2024-04-04T23:58:06Z,2024-04-05 00:00:50,164
SES0013200,U01052,2024-03-22T09:28:57Z,22/03/2024 09:33,279
SES0013201,U01052,2024-03-30 11:19:07,2024-03-30 11:19:29,22
SES0013202,U01052,04/04/2024 08:03,2024-04-04T08:04:53Z,98
SES0013203,U01052,17/03/2024 10:45,2024-03-17T11:10:19Z,1484
SES0013204,U01052,2024-03-18 21:44:53,18/03/2024 21:49,287
SES0013205,U01052,26/03/2024 12:35,2024-03-26T12:40:52Z,299
SES0013206,U01052,2024-04-04T20:47:05Z,2024-04-04 20:47:53,48
SES0013207,U01052,2024-04-11 02:45:42,11/04/2024 02:46,20
SES0013208,U01052,20/03/2024 21:24,2024-03-20 21:28:42,
SES0013209,U01052,15/03/2024 11:26,2024-03-15T11:26:09Z,0
SES0013210,U01054,28/12/2023 16:01,28/12/2023 16:03,92
SES0013211,U01055,2023-10-01 18:03:55,2023-10-01T18:06:20Z,145
SES0013212,U01055,2023-10-05T23:04:55Z,05/10/2023 23:05,47
SES0013213,U01055,27/09/2023 17:14,27/09/2023 17:17,155
SES0013214,U01055,2023-10-06 13:11:40,2023-10-06T13:14:40Z,180
SES0013215,U01055,01/10/2023 18:28,2023-10-01T18:33:01Z,257
SES0013216,U01055,2023-10-05 21:57:08,05/10/2023 21:58,83
SES0013217,U01055,2023-09-29 01:06:22,2023-09-29 01:07:33,71
SES0013218,U01055,2023-10-02T17:15:36Z,02/10/2023 17:17,106
SES0013219,U01055,2023-10-08T05:54:00Z,2023-10-08T05:56:06Z,126
SES0013220,U01055,2023-10-06 03:19:48,2023-10-06 03:20:54,66
SES0013221,U01056,2024-06-21T17:20:44Z,2024-06-21T17:25:52Z,308
SES0013222,U01057,17/11/2023 09:24,2023-11-17 09:28:40,249
SES0013223,U01057,2023-11-10 16:16:22,2023-11-10T16:20:24Z,242
SES0013224,U01057,09/09/2023 04:52,2023-09-09T04:53:21Z,52
SES0013225,U01057,02/10/2023 22:35,2023-10-02T22:54:44Z,1137
SES0013226,U01057,2024-02-05T19:15:32Z,2024-02-05T19:23:13Z,461
SES0013227,U01057,2023-09-28T11:49:39Z,28/09/2023 11:50,40
SES0013228,U01057,06/12/2023 09:34,2023-12-06T09:39:14Z,311
SES0013229,U01057,2023-11-12T07:16:02Z,12/11/2023 07:17,92
SES0013230,U01057,25/09/2023 13:07,2023-09-25T13:08:52Z,93
SES0013231,U01057,2023-11-08 00:30:28,2023-11-08T00:33:21Z,173
SES0013232,U01058,17/12/2023 21:47,2023-12-17 21:52:22,313
SES0013233,U01058,2023-12-22 22:37:14,2023-12-22T23:23:07Z,2753
SES0013234,U01059,04/01/2024 02:58,04/01/2024 02:58,4
SES0013235,U01061,2023-03-07 02:13:23,07/03/2023 02:14,52
SES0013236,U01061,05/03/2023 03:30,2023-03-05 03:34:34,N/A
SES0013237,U01061,2023-03-05T11:41:35Z,05/03/2023 11:45,249
SES0013238,U01061,28/03/2023 02:13,2023-03-28 02:14:39,68
SES0013239,U01061,2023-03-19 14:11:24,2023-03-19T14:12:08Z,44
SES0013240,U01061,2023-03-03 07:37:02,03/03/2023 07:38,83
SES0013241,U01061,2023-03-10T14:05:02Z,10/03/2023 14:06,105
SES0013242,U01061,28/02/2023 04:14,2023-02-28T04:16:47Z,143
SES0013243,U01061,2023-03-25T14:10:27Z,2023-03-25T14:11:02Z,35
SES0013244,U01061,2023-02-27T00:45:20Z,27/02/2023 00:46,92
SES0013245,U01061,2023-03-17T23:39:31Z,2023-03-17T23:42:49Z,198
SES0013246,U01061,16/03/2023 03:49,2023-03-16 03:49:55,45
SES0013247,U01061,2023-03-28T00:21:26Z,28/03/2023 00:22,41
SES0013248,U01061,2023-03-24 00:11:40,2023-03-24T00:16:24Z,284
SES0013249,U01061,2023-03-15T21:36:23Z,2023-03-15T21:36:53Z,30
SES0013250,U01061,2023-03-26T18:23:51Z,2023-03-26 18:32:15,504
SES0013251,U01061,24/03/2023 00:58,24/03/2023 01:02,256
SES0013252,U01061,2023-03-26 09:17:15,26/03/2023 09:22,340
SES0013253,U01061,2023-03-12 00:49:46,2023-03-12T00:51:16Z,90
SES0013254,U01061,2023-03-01 19:09:36,01/03/2023 19:12,146
SES0013255,U01061,2023-03-28 07:48:40,2023-03-28T07:50:58Z,138
SES0013256,U01061,2023-03-23T18:40:38Z,2023-03-23T18:45:38Z,300
SES0013257,U01061,2023-03-09T15:58:42Z,2023-03-09 16:00:44,122
SES0013258,U01061,2023-03-11T05:06:00Z,11/03/2023 05:15,584
SES0013259,U01061,13/03/2023 06:56,2023-03-13T06:57:51Z,53
SES0013260,U01061,2023-03-03 19:32:16,03/03/2023 19:39,427
SES0013261,U01061,2023-03-12T16:38:19Z,12/03/2023 16:40,135
SES0013262,U01061,2023-03-21 02:50:48,2023-03-21 02:57:38,410
SES0013263,U01061,2023-03-03 10:38:38,2023-03-03T10:42:34Z,236
SES0013264,U01061,2023-03-02T10:22:47Z,2023-03-02T10:23:04Z,17
SES0013265,U01062,2024-05-27T05:07:58Z,27/05/2024 05:11,N/A
SES0013266,U01062,2024-06-02T08:50:13Z,2024-06-02T08:51:04Z,51
SES0013267,U01063,08/12/2023 17:37,2023-12-08 17:46:49,571
SES0013268,U01063,2024-01-19T01:42:52Z,19/01/2024 01:46,213
SES0013269,U01063,2023-12-23T22:51:38Z,23/12/2023 22:55,233
SES0013270,U01063,06/12/2023 11:34,2023-12-06 11:36:07,87
SES0013271,U01063,2023-12-24T01:30:02Z,2023-12-24T01:40:49Z,647
SES0013272,U01063,14/12/2023 06:46,2023-12-14 06:52:20,368
SES0013273,U01063,2024-02-17T18:38:34Z,2024-02-17T18:39:41Z,67
SES0013274,U01063,2023-12-31T23:47:26Z,31/12/2023 23:49,150
SES0013275,U01063,17/10/2023 17:20,17/10/2023 17:29,544
SES0013276,U01063,2024-02-10 22:09:53,2024-02-10T22:16:12Z,379
SES0013277,U01064,17/02/2024 10:03,17/02/2024 10:07,252
SES0013278,U01064,2024-02-06 12:56:48,2024-02-06T12:59:39Z,171
SES0013279,U01064,2024-01-14T06:18:02Z,2024-01-14 06:24:56,414
SES0013280,U01064,07/02/2024 20:01,2024-02-07 20:02:06,29
SES0013281,U01064,27/11/2023 14:19,2023-11-27 14:21:38,113
SES0013282,U01064,19/01/2024 17:43,2024-01-19 17:48:28,289
SES0013283,U01064,2023-12-16T20:19:27Z,2023-12-16T20:20:39Z,72
SES0013284,U01064,2024-01-05T16:13:50Z,2024-01-05 16:15:42,112
SES0013285,U01064,2024-01-29T06:01:04Z,29/01/2024 06:09,522
SES0013286,U01064,2023-12-27 19:54:39,2023-12-27 19:58:24,225
SES0013287,U01065,15/06/2024 06:30,2024-06-15 06:31:35,80
SES0013288,U01065,28/06/2024 21:53,2024-06-28T21:53:59Z,7
SES0013289,U01065,2024-06-29T08:02:50Z,2024-06-29 08:03:04,14
SES0013290,U01065,2024-05-31T05:00:19Z,31/05/2024 05:00,32
SES0013291,U01065,11/06/2024 05:26,2024-06-11T05:27:46Z,105
SES0013292,U01065,2024-06-20T02:20:52Z,20/06/2024 02:22,126
SES0013293,U01065,2024-06-21 14:23:51,2024-06-21T14:27:24Z,N/A
SES0013294,U01065,24/06/2024 10:01,24/06/2024 10:09,469
SES0013295,U01065,08/06/2024 06:53,2024-06-08T06:58:25Z,314
SES0013296,U01065,22/06/2024 09:11,2024-06-22T09:13:41Z,109
SES0013297,U01065,01/06/2024 06:02,2024-06-01T06:04:56Z,137
SES0013298,U01065,2024-06-17 10:00:04,2024-06-17 10:00:04,0
SES0013299,U01065,2024-06-23 19:19:40,23/06/2024 19:21,139
SES0013300,U01065,2024-06-18 08:18:52,2024-06-18 08:19:30,38
SES0013301,U01065,2024-06-04T15:15:14Z,04/06/2024 15:16,103
SES0013302,U01065,2024-06-16 13:48:13,2024-06-16T13:48:13Z,0
SES0013303,U01065,20/06/2024 05:51,2024-06-20 05:52:50,N/A
SES0013304,U01065,2024-06-24 10:10:34,2024-06-24 10:15:16,282
SES0013305,U01065,19/06/2024 01:33,2024-06-19 01:39:08,349
SES0013306,U01065,2024-06-17 04:15:04,2024-06-17 04:15:04,0
SES0013307,U01065,2024-06-29T08:17:58Z,2024-06-29 08:22:17,259
SES0013308,U01065,2024-06-08T23:11:00Z,08/06/2024 23:12,98
SES0013309,U01065,2024-06-13 06:45:48,2024-06-13T06:45:48Z,0
SES0013310,U01065,21/06/2024 06:10,2024-06-21 06:15:10,261
SES0013311,U01065,22/06/2024 18:40,2024-06-22T18:44:41Z,260
SES0013312,U01065,2024-06-19T16:54:14Z,19/06/2024 16:54,24
SES0013313,U01065,2024-06-28T18:47:19Z,28/06/2024 18:48,81
SES0013314,U01065,2024-06-01 20:47:09,01/06/2024 20:49,141
SES0013315,U01065,2024-06-19 16:05:31,2024-06-19 16:19:10,819
SES0013316,U01065,2024-06-03T17:06:23Z,2024-06-03 17:31:04,N/A
SES0013317,U01066,2023-06-15T23:57:34Z,2023-06-15T23:58:04Z,30
SES0013318,U01066,15/06/2023 04:23,2023-06-15 04:27:25,213
SES0013319,U01066,2023-06-15T21:05:58Z,2023-06-15T21:07:01Z,63
SES0013320,U01066,2023-06-15 06:48:17,2023-06-15 06:49:27,70
SES0013321,U01066,15/06/2023 09:22,15/06/2023 09:28,390
SES0013322,U01066,2023-06-15 02:19:11,15/06/2023 02:20,69
SES0013323,U01066,15/06/2023 18:26,2023-06-15T18:29:08Z,163
SES0013324,U01066,2023-06-15 22:36:35,2023-06-15 22:44:59,504
SES0013325,U01066,2023-06-15 09:54:46,2023-06-15 09:56:07,81
SES0013326,U01066,2023-06-15T21:10:34Z,2023-06-15T21:12:01Z,87
SES0013327,U01066,2023-06-15T05:43:41Z,15/06/2023 06:13,1802
SES0013328,U01066,15/06/2023 21:50,2023-06-15 21:51:30,59
SES0013329,U01066,2023-06-15T19:32:51Z,2023-06-15T19:43:57Z,666
SES0013330,U01066,2023-06-15 00:08:43,2023-06-15 00:10:20,97
SES0013331,U01066,15/06/2023 14:19,2023-06-15T14:21:38Z,109
SES0013332,U01066,15/06/2023 08:22,15/06/2023 08:25,222
SES0013333,U01066,15/06/2023 11:30,2023-06-15T11:30:56Z,46
SES0013334,U01066,2023-06-15 08:30:40,15/06/2023 08:33,161
SES0013335,U01066,2023-06-15T12:31:58Z,15/06/2023 12:32,56
SES0013336,U01066,15/06/2023 15:25,2023-06-15 15:25:23,0
SES0013337,U01066,2023-06-15T21:41:42Z,2023-06-15T21:42:42Z,60
SES0013338,U01066,2023-06-15 07:54:16,2023-06-15T07:56:07Z,111
SES0013339,U01066,2023-06-15T01:59:40Z,15/06/2023 02:00,75
SES0013340,U01066,2023-06-15T01:06:33Z,2023-06-15 01:22:24,951
SES0013341,U01066,2023-06-15 06:13:19,2023-06-15T06:16:09Z,170
SES0013342,U01066,2023-06-15T09:46:00Z,2023-06-15T09:46:00Z,0
SES0013343,U01066,2023-06-15T02:46:10Z,2023-06-15T02:48:32Z,142
SES0013344,U01066,2023-06-15T06:38:49Z,15/06/2023 06:43,291
SES0013345,U01066,2023-06-15T05:28:24Z,2023-06-15 05:30:25,121
SES0013346,U01066,2023-06-15 03:26:10,2023-06-15T03:26:44Z,34
SES0013347,U01067,2024-01-12 10:11:54,2024-01-12 10:15:22,N/A
SES0013348,U01067,10/01/2024 10:03,10/01/2024 10:04,35
SES0013349,U01067,2024-01-09 04:48:55,2024-01-09T04:50:18Z,N/A
SES0013350,U01067,2024-01-14 21:06:47,2024-01-14T21:06:56Z,9
SES0013351,U01067,16/01/2024 12:06,16/01/2024 12:14,460
SES0013352,U01067,12/01/2024 20:48,12/01/2024 20:49,24
SES0013353,U01067,2024-01-04T05:41:57Z,2024-01-04 05:42:35,38
SES0013354,U01067,2024-01-06T03:03:50Z,06/01/2024 03:05,77
SES0013355,U01067,2024-01-10T14:16:24Z,10/01/2024 14:17,72
SES0013356,U01067,2024-01-03 08:58:47,03/01/2024 08:59,70
SES0013357,U01068,2023-03-29 09:12:13,29/03/2023 09:30,1105
SES0013358,U01069,2023-03-07 07:13:25,07/03/2023 07:19,375
SES0013359,U01069,2023-03-07T01:37:03Z,07/03/2023 01:37,47
SES0013360,U01070,17/10/2023 18:24,17/10/2023 18:36,724
SES0013361,U01070,07/10/2023 14:21,2023-10-07T14:22:01Z,22
SES0013362,U01070,03/10/2023 16:18,03/10/2023 16:21,187
SES0013363,U01070,2023-07-17T00:21:18Z,17/07/2023 00:22,64
SES0013364,U01070,26/12/2023 22:49,2023-12-26 22:52:08,169
SES0013365,U01070,2023-11-30 15:34:44,30/11/2023 15:38,N/A
SES0013366,U01070,2023-11-06T16:10:38Z,2023-11-06T16:30:25Z,1187
SES0013367,U01070,02/01/2024 19:52,2024-01-02 19:52:36,17
SES0013368,U01070,2023-10-15 05:25:31,15/10/2023 05:28,149
SES0013369,U01070,2023-10-20T09:38:37Z,2023-10-20 09:40:46,129
SES0013370,U01070,26/07/2023 14:10,2023-07-26 14:13:49,224
SES0013371,U01070,2023-12-24 17:17:29,24/12/2023 17:23,390
SES0013372,U01070,19/09/2023 01:16,2023-09-19T01:18:54Z,126
SES0013373,U01070,21/12/2023 10:50,2023-12-21 10:50:29,24
SES0013374,U01070,2023-12-31 18:56:53,2023-12-31T19:01:05Z,252
SES0013375,U01070,2023-07-28T15:52:19Z,2023-07-28 15:52:21,2
SES0013376,U01070,2023-09-10 23:08:34,10/09/2023 23:13,298
SES0013377,U01070,19/09/2023 17:53,19/09/2023 17:59,338
SES0013378,U01070,2023-09-11 00:47:58,2023-09-11 00:51:20,202
SES0013379,U01070,2023-12-16 07:30:08,16/12/2023 07:30,50
SES0013380,U01071,2023-05-10 01:02:44,2023-05-10 01:05:44,180
SES0013381,U01071,2023-06-06 06:44:27,06/06/2023 06:51,
SES0013382,U01072,2024-05-31T07:23:18Z,2024-05-31 07:23:28,10
SES0013383,U01072,04/06/2024 05:37,04/06/2024 05:40,188
SES0013384,U01072,2024-06-01 11:41:56,01/06/2024 12:00,1100
SES0013385,U01072,01/06/2024 20:33,01/06/2024 20:33,0
SES0013386,U01072,31/05/2024 18:13,2024-06-03T13:29:37Z,242160
SES0013387,U01072,2024-05-31T14:51:03Z,31/05/2024 14:51,47
SES0013388,U01072,03/06/2024 23:05,03/06/2024 23:08,
SES0013389,U01072,31/05/2024 17:55,2024-05-31T17:56:41Z,61
SES0013390,U01072,01/06/2024 21:21,01/06/2024 21:24,162
SES0013391,U01072,2024-06-01 01:07:47,2024-06-01T01:11:41Z,234
SES0013392,U01072,2024-05-31T14:19:20Z,2024-05-31 14:21:57,157
SES0013393,U01072,04/06/2024 13:36,2024-06-04T13:40:07Z,234
SES0013394,U01072,2024-06-01 07:31:07,2024-06-01T07:32:36Z,89
SES0013395,U01072,2024-06-06 21:03:25,06/06/2024 21:03,10
SES0013396,U01072,31/05/2024 02:28,2024-05-31T02:29:22Z,29
SES0013397,U01072,2024-06-04T16:39:34Z,2024-06-04 16:45:04,330
SES0013398,U01072,2024-06-04 02:52:18,04/06/2024 02:56,256
SES0013399,U01072,02/06/2024 02:02,02/06/2024 02:06,241
SES0013400,U01072,2024-05-31 10:28:32,31/05/2024 10:29,78
SES0013401,U01072,31/05/2024 12:19,2024-05-31T12:23:20Z,211
SES0013402,U01072,2024-06-01 08:57:26,01/06/2024 08:57,3
SES0013403,U01072,2024-06-05 23:40:32,2024-06-05 23:40:49,17
SES0013404,U01072,2024-05-31 14:53:46,31/05/2024 14:54,39
SES0013405,U01072,2024-05-31 02:37:23,2024-05-31 02:43:25,362
SES0013406,U01072,04/06/2024 07:13,2024-06-04 07:14:18,68
SES0013407,U01072,06/06/2024 02:00,2024-06-06 02:05:13,300
SES0013408,U01072,2024-05-31 18:46:47,31/05/2024 18:47,32
SES0013409,U01072,2024-05-31T13:52:18Z,2024-05-31T13:55:56Z,218
SES0013410,U01072,06/06/2024 23:16,06/06/2024 23:17,48
SES0013411,U01072,2024-06-06T03:17:26Z,2024-06-06 03:19:25,119
SES0013412,U01073,2024-06-28T07:33:12Z,2024-06-28T07:33:43Z,31
SES0013413,U01073,2024-06-29 02:28:19,29/06/2024 02:34,400
SES0013414,U01074,2024-05-25T16:53:14Z,2024-05-25T16:54:09Z,55
SES0013415,U01074,2024-05-15 12:00:13,2024-05-15 12:01:03,50
SES0013416,U01074,2024-04-20 01:48:50,2024-04-20 01:52:42,232
SES0013417,U01075,2023-10-04T19:43:24Z,2023-10-04T19:45:49Z,145
SES0013418,U01075,04/10/2023 08:07,2023-10-04T08:09:35Z,134
SES0013419,U01076,2023-11-21T18:10:58Z,2023-11-21 18:11:11,13
SES0013420,U01077,25/06/2024 07:23,2024-06-25T07:25:21Z,111
SES0013421,U01077,2024-06-29T06:38:24Z,2024-06-29T06:41:03Z,159
SES0013422,U01077,28/06/2024 04:24,28/06/2024 04:26,100
SES0013423,U01078,07/09/2023 03:23,07/09/2023 03:23,0
SES0013424,U01079,02/05/2024 05:02,2024-05-02T05:06:34Z,219
SES0013425,U01079,2024-04-22T12:19:26Z,22/04/2024 12:19,17
SES0013426,U01079,2024-04-28 02:37:18,2024-04-28 02:38:59,101
SES0013427,U01079,2024-06-23T09:44:44Z,2024-06-23 09:47:52,N/A
SES0013428,U01079,2024-04-20 23:00:35,20/04/2024 23:19,1125
SES0013429,U01079,2024-03-13 17:43:31,13/03/2024 17:46,203
SES0013430,U01079,26/05/2024 15:44,26/05/2024 16:13,1733
SES0013431,U01079,2024-03-13 06:54:29,2024-03-13 06:55:22,53
SES0013432,U01079,25/04/2024 05:07,2024-04-25 05:09:29,115
SES0013433,U01079,20/04/2024 09:25,20/04/2024 09:27,168
SES0013434,U01079,13/03/2024 13:17,13/03/2024 13:19,N/A
SES0013435,U01079,2024-04-02 23:13:25,02/04/2024 23:15,125
SES0013436,U01079,2024-03-19T09:25:38Z,2024-03-19T09:26:31Z,53
SES0013437,U01079,2024-05-18 17:17:48,2024-05-18 17:18:19,31
SES0013438,U01079,2024-06-27T02:10:30Z,27/06/2024 02:11,73
SES0013439,U01079,2024-06-16T16:46:19Z,16/06/2024 16:47,53
SES0013440,U01079,2024-05-10T20:24:03Z,10/05/2024 20:25,98
SES0013441,U01079,2024-04-29T20:13:32Z,2024-04-29 20:17:13,221
SES0013442,U01079,2024-03-25 08:33:44,2024-03-25T08:43:24Z,580
SES0013443,U01079,2024-06-26T13:53:29Z,2024-06-26 14:04:16,647
SES0013444,U01079,15/04/2024 18:23,2024-04-15T18:23:01Z,0
SES0013445,U01079,2024-04-22 13:26:44,22/04/2024 13:28,135
SES0013446,U01079,21/04/2024 20:27,2024-04-21T20:29:26Z,101
SES0013447,U01079,19/05/2024 09:19,2024-05-19T09:20:21Z,70
SES0013448,U01079,2024-04-11 01:04:16,2024-04-11T01:04:33Z,17
SES0013449,U01079,10/06/2024 15:33,2024-06-10T15:43:13Z,611
SES0013450,U01079,2024-04-07 05:37:18,2024-04-07 05:44:36,438
SES0013451,U01079,2024-06-16 00:37:26,2024-06-16T00:50:42Z,796
SES0013452,U01079,2024-05-21T03:38:43Z,21/05/2024 03:41,159
SES0013453,U01079,26/03/2024 13:59,2024-03-26T14:00:06Z,55
SES0013454,U01079,2024-06-28T18:12:08Z,2024-06-28 18:16:16,248
SES0013455,U01079,2024-03-21 20:03:06,21/03/2024 21:37,5667
SES0013456,U01079,2024-04-09T16:22:00Z,2024-04-09 16:25:19,199
SES0013457,U01079,2024-04-16 12:30:57,2024-04-16T12:30:57Z,0
SES0013458,U01079,2024-04-13 04:53:50,13/04/2024 04:54,62
SES0013459,U01079,2024-04-06T06:22:43Z,2024-04-06T06:25:21Z,158
SES0013460,U01079,2024-03-31 22:05:02,31/03/2024 22:06,63
SES0013461,U01079,26/05/2024 06:09,2024-05-26T06:12:02Z,123
SES0013462,U01079,2024-05-16 15:32:59,2024-05-16T15:38:35Z,336
SES0013463,U01079,2024-05-21 05:09:23,2024-05-21 05:10:41,78
SES0013464,U01080,30/05/2024 20:12,2024-05-30T20:15:50Z,185
SES0013465,U01080,12/06/2024 15:41,12/06/2024 15:51,633
SES0013466,U01080,2024-05-28T13:20:27Z,28/05/2024 13:22,99
SES0013467,U01080,2024-06-02 05:24:52,2024-06-02 05:26:56,124
SES0013468,U01080,2024-05-20T06:11:32Z,2024-05-20T06:15:34Z,242
SES0013469,U01080,2024-06-07 11:49:52,2024-06-07T11:53:22Z,210
SES0013470,U01080,07/06/2024 14:29,07/06/2024 14:32,134
SES0013471,U01080,2024-05-21 11:51:37,2024-05-21T11:58:26Z,409
SES0013472,U01080,2024-05-27T04:18:52Z,27/05/2024 04:22,191
SES0013473,U01080,21/05/2024 07:07,2024-05-21 07:13:18,356
SES0013474,U01081,08/06/2023 11:29,08/06/2023 11:34,298
SES0013475,U01081,22/04/2023 14:25,2023-04-22 14:25:56,0
SES0013476,U01081,2023-08-27 19:47:36,2023-08-27 19:48:38,62
SES0013477,U01081,13/03/2023 23:08,2023-03-13T23:16:40Z,478
SES0013478,U01081,2023-06-20T05:45:08Z,2023-06-20 05:50:34,326
SES0013479,U01081,24/08/2023 10:01,2023-08-24T10:04:44Z,220
SES0013480,U01081,06/06/2023 05:59,2023-06-06 06:10:30,
SES0013481,U01081,11/06/2023 18:19,11/06/2023 18:26,377
SES0013482,U01081,2023-04-30T17:19:54Z,2023-04-30 17:24:33,279
SES0013483,U01081,2023-03-24T01:34:16Z,2023-03-24 01:37:26,190
SES0013484,U01081,2023-07-06T06:41:16Z,2023-07-06T06:42:15Z,59
SES0013485,U01081,2023-03-05 02:05:18,2023-03-05 02:06:18,60
SES0013486,U01081,2023-06-28 08:43:00,2023-06-28T08:44:10Z,70
SES0013487,U01081,2023-03-18T03:00:31Z,2023-03-18 03:00:37,6
SES0013488,U01081,20/07/2023 17:17,20/07/2023 17:18,98
SES0013489,U01081,2023-08-13T00:36:52Z,2023-08-13T00:37:29Z,37
SES0013490,U01081,2023-06-09 18:17:54,2023-06-09 18:18:49,55
SES0013491,U01081,2023-03-23T15:26:13Z,23/03/2023 15:26,30
SES0013492,U01081,29/07/2023 00:15,2023-07-29T00:21:34Z,352
SES0013493,U01081,19/07/2023 15:05,2023-07-19T15:06:50Z,67
SES0013494,U01081,2023-08-03T11:50:56Z,03/08/2023 11:55,278
SES0013495,U01081,14/08/2023 04:43,2023-08-14T04:50:07Z,380
SES0013496,U01081,15/03/2023 18:53,2023-03-15 18:57:13,216
SES0013497,U01081,09/03/2023 09:13,2023-03-09T09:23:25Z,590
SES0013498,U01081,2023-08-07T21:57:21Z,2023-08-07 21:57:30,9
SES0013499,U01081,15/05/2023 07:23,2023-05-15T07:24:20Z,50
SES0013500,U01081,2023-03-07T14:14:21Z,2023-03-07T14:20:26Z,365
SES0013501,U01081,08/04/2023 22:17,2023-04-08T22:19:54Z,138
SES0013502,U01081,2023-06-16 05:42:22,2023-06-16T05:45:41Z,199
SES0013503,U01081,05/04/2023 05:03,2023-04-05T05:04:28Z,86
SES0013504,U01081,2023-04-11T15:03:05Z,2023-04-11T15:07:23Z,
SES0013505,U01081,14/07/2023 12:03,2023-07-14T12:08:03Z,257
SES0013506,U01081,2023-06-23 07:39:00,23/06/2023 07:40,100
SES0013507,U01081,2023-08-15T02:36:41Z,2023-08-15 02:36:55,14
SES0013508,U01081,2023-03-11T06:34:03Z,2023-03-11T06:34:55Z,52
SES0013509,U01081,18/08/2023 01:36,2023-08-18T01:36:54Z,50
SES0013510,U01081,2023-07-09 11:26:45,2023-07-09T11:36:58Z,613
SES0013511,U01081,2023-07-05T21:57:35Z,2023-07-05 22:05:22,467
SES0013512,U01081,2023-06-17T22:45:14Z,2023-06-17 22:47:55,161
SES0013513,U01081,10/05/2023 18:13,2023-05-10T18:14:35Z,88
SES0013514,U01081,22/05/2023 21:51,22/05/2023 21:53,135
SES0013515,U01081,2023-04-24 02:43:35,24/04/2023 02:43,24
SES0013516,U01081,2023-04-22T19:29:22Z,22/04/2023 19:32,162
SES0013517,U01081,2023-05-31T13:20:38Z,31/05/2023 13:20,21
SES0013518,U01081,2023-06-13T20:03:23Z,2023-06-13T20:18:11Z,N/A
SES0013519,U01081,2023-03-13 17:11:34,2023-03-13 17:14:52,198
SES0013520,U01081,2023-07-07T10:41:08Z,07/07/2023 10:44,N/A
SES0013521,U01081,18/06/2023 02:18,18/06/2023 02:20,150
SES0013522,U01081,2023-05-24 00:37:58,2023-05-24 00:40:22,144
SES0013523,U01081,2023-05-12 09:45:42,2023-05-12 09:57:19,697
SES0013524,U01081,2023-06-06T11:06:34Z,2023-06-06 11:07:35,61
SES0013525,U01081,17/06/2023 02:00,2023-06-17T02:01:08Z,13
SES0013526,U01081,2023-07-17 15:13:24,2023-07-17T15:21:58Z,514
SES0013527,U01081,2023-04-21 12:32:30,2023-04-21 12:47:43,913
SES0013528,U01081,08/03/2023 10:35,2023-03-08T10:40:42Z,322
SES0013529,U01081,2023-04-02T23:29:41Z,2023-04-02 23:31:24,103
SES0013530,U01081,2023-07-01 06:56:53,2023-07-01 06:57:45,52
SES0013531,U01081,2023-03-24T09:07:39Z,2023-03-24 09:08:00,21
SES0013532,U01081,2023-08-05T15:51:26Z,05/08/2023 15:59,497
SES0013533,U01081,29/07/2023 04:48,29/07/2023 05:05,1041
SES0013534,U01081,2023-07-24 10:59:13,2023-07-24T11:03:08Z,235
SES0013535,U01081,21/06/2023 18:00,21/06/2023 18:12,749
SES0013536,U01081,2023-04-07T01:54:53Z,2023-04-07T02:09:14Z,N/A
SES0013537,U01081,2023-07-23 19:07:16,23/07/2023 19:13,N/A
SES0013538,U01081,24/06/2023 22:50,2023-06-24T22:54:29Z,251
SES0013539,U01081,07/04/2023 15:24,2023-04-07T15:26:17Z,97
SES0013540,U01081,12/05/2023 05:45,2023-05-12 05:46:30,
SES0013541,U01081,2023-05-11T06:48:56Z,2023-05-11T06:49:23Z,27
SES0013542,U01081,2023-03-18T02:42:32Z,2023-03-18T03:01:47Z,1155
SES0013543,U01081,2023-08-30T01:36:04Z,30/08/2023 01:36,36
SES0013544,U01081,2023-06-29 04:25:43,2023-06-29T04:27:12Z,89
SES0013545,U01081,13/03/2023 05:25,2023-03-13 05:39:12,848
SES0013546,U01081,2023-04-14T11:41:47Z,14/04/2023 11:45,
SES0013547,U01081,05/04/2023 19:56,2023-04-05 20:08:47,722
SES0013548,U01081,2023-04-09 08:14:55,2023-04-09T08:22:49Z,474
SES0013549,U01081,2023-08-23 08:37:25,2023-08-23T08:40:40Z,195
SES0013550,U01081,2023-04-01 17:37:02,2023-04-01T17:38:52Z,N/A
SES0013551,U01081,02/07/2023 02:08,2023-07-02 02:22:21,838
SES0013552,U01081,2023-08-01T12:35:10Z,2023-08-01T12:43:13Z,483
SES0013553,U01081,2023-05-02T04:40:59Z,2023-05-04 04:29:29,172110
SES0013554,U01082,2023-12-30 03:53:38,30/12/2023 04:01,482
SES0013555,U01082,20/08/2023 19:59,2023-08-20T20:05:31Z,372
SES0013556,U01082,2023-12-15 06:30:33,15/12/2023 06:30,10
SES0013557,U01082,09/12/2023 19:13,2023-12-09 19:16:19,144
SES0013558,U01082,2023-11-17T23:31:13Z,2023-11-17T23:43:45Z,752
SES0013559,U01082,18/08/2023 08:38,2023-08-18T08:48:26Z,588
SES0013560,U01082,09/10/2023 18:49,09/10/2023 18:52,181
SES0013561,U01082,2024-01-09 05:25:44,09/01/2024 05:43,
SES0013562,U01082,2023-10-28T10:35:59Z,2023-10-28T10:41:51Z,352
SES0013563,U01082,2023-09-11 06:38:59,11/09/2023 06:46,425
SES0013564,U01083,2024-02-03 14:43:01,03/02/2024 14:45,164
SES0013565,U01083,06/06/2024 18:53,06/06/2024 18:55,149
SES0013566,U01083,2024-02-11 07:03:36,2024-02-11 07:26:07,1351
SES0013567,U01085,2024-06-29T22:05:05Z,2024-06-29 22:06:27,82
SES0013568,U01085,2024-06-28 04:31:31,2024-06-28T04:37:43Z,372
SES0013569,U01085,29/06/2024 21:59,2024-06-29T22:00:41Z,81
SES0013570,U01085,28/06/2024 00:44,2024-06-28T00:46:15Z,92
SES0013571,U01085,2024-06-29T21:08:05Z,2024-07-03 06:06:57,291532
SES0013572,U01086,2023-01-23 06:29:46,2023-01-23 06:37:15,449
SES0013573,U01086,21/01/2023 23:14,2023-01-21 23:21:15,385
SES0013574,U01087,2023-08-29 11:19:54,2023-08-29 11:21:18,84
SES0013575,U01087,2023-08-06T20:20:24Z,06/08/2023 20:20,29
SES0013576,U01088,04/01/2024 17:28,04/01/2024 17:28,0
SES0013577,U01088,2024-02-18T17:38:05Z,2024-02-18 17:39:43,98
SES0013578,U01088,16/02/2024 02:04,2024-02-16T02:10:13Z,349
SES0013579,U01088,28/01/2024 22:47,28/01/2024 22:50,157
SES0013580,U01088,12/02/2024 08:27,2024-02-12T08:31:14Z,248
SES0013581,U01090,2023-11-26 07:12:33,2023-11-26T07:13:28Z,55
SES0013582,U01090,2023-11-26 20:12:39,2023-11-26T20:15:12Z,153
SES0013583,U01091,2024-06-28 20:30:01,2024-06-28T20:32:18Z,137
SES0013584,U01091,29/06/2024 05:13,2024-06-29 05:14:24,73
SES0013585,U01091,2024-06-29 02:01:50,29/06/2024 02:03,121
SES0013586,U01091,29/06/2024 09:33,2024-06-29T09:33:40Z,17
SES0013587,U01091,2024-06-29T01:56:06Z,2024-06-29 01:59:16,190
SES0013588,U01091,29/06/2024 07:32,2024-06-29T07:33:34Z,
SES0013589,U01091,2024-06-29 12:02:31,29/06/2024 12:03,32
SES0013590,U01091,27/06/2024 22:50,27/06/2024 22:50,37
SES0013591,U01091,2024-06-28 19:35:16,2024-06-28T19:40:10Z,294
SES0013592,U01091,28/06/2024 01:32,2024-06-28T01:33:36Z,41
SES0013593,U01091,2024-06-29 17:39:48,2024-06-29 17:40:28,40
SES0013594,U01091,27/06/2024 21:12,2024-06-27T21:14:03Z,122
SES0013595,U01091,28/06/2024 22:24,2024-06-28T22:27:07Z,183
SES0013596,U01091,2024-06-28 16:43:56,2024-06-28 16:44:16,20
SES0013597,U01091,2024-06-28T23:29:32Z,28/06/2024 23:31,129
SES0013598,U01091,28/06/2024 13:06,2024-06-28T13:11:36Z,N/A
SES0013599,U01091,2024-06-29T18:07:58Z,2024-06-29T18:19:49Z,711
SES0013600,U01091,27/06/2024 22:42,27/06/2024 22:43,45
SES0013601,U01091,2024-06-28 02:13:48,2024-06-28 02:16:44,176
SES0013602,U01091,2024-06-27T18:39:16Z,27/06/2024 18:41,110
SES0013603,U01091,2024-06-28 15:58:26,2024-06-28T16:02:23Z,237
SES0013604,U01091,2024-06-29 12:16:07,29/06/2024 12:23,423
SES0013605,U01091,29/06/2024 07:48,2024-06-29 07:53:56,324
SES0013606,U01091,2024-06-27 16:08:18,2024-06-27T16:14:06Z,348
SES0013607,U01091,2024-06-28T02:02:58Z,2024-06-29 19:23:33,148835
SES0013608,U01091,29/06/2024 08:18,2024-06-29T08:25:19Z,432
SES0013609,U01091,2024-06-28 05:42:28,28/06/2024 05:43,N/A
SES0013610,U01091,2024-06-27 09:00:31,2024-06-27T09:02:22Z,111
SES0013611,U01091,2024-06-27 17:52:15,2024-06-27 17:52:46,31
SES0013612,U01091,2024-06-29 04:36:07,29/06/2024 04:51,927
SES0013613,U01093,2023-06-03T12:54:46Z,2023-06-03T12:56:37Z,111
SES0013614,U01093,2023-05-25T05:14:32Z,25/05/2023 05:17,192
SES0013615,U01093,2023-06-06T20:38:53Z,06/06/2023 20:41,174
SES0013616,U01093,2023-05-24 06:07:32,2023-05-24T06:10:48Z,196
SES0013617,U01093,29/05/2023 23:30,2023-05-29T23:31:03Z,42
SES0013618,U01093,31/05/2023 10:15,2023-05-31T10:19:18Z,236
SES0013619,U01093,01/06/2023 11:27,2023-06-01T11:28:25Z,80
SES0013620,U01093,2023-06-02T03:45:36Z,02/06/2023 03:46,62
SES0013621,U01093,01/06/2023 12:11,2023-06-01T12:18:26Z,392
SES0013622,U01093,02/06/2023 20:31,2023-06-02T20:37:23Z,358
SES0013623,U01093,2023-06-05T18:34:20Z,2023-06-05 19:05:13,1853
SES0013624,U01093,2023-06-06T09:35:05Z,06/06/2023 09:36,98
SES0013625,U01093,29/05/2023 10:21,29/05/2023 10:22,63
SES0013626,U01093,2023-06-02 12:14:24,02/06/2023 12:17,181
SES0013627,U01093,2023-06-04T10:40:45Z,2023-06-04 10:43:35,170
SES0013628,U01093,26/05/2023 07:32,2023-05-26 07:38:29,356
SES0013629,U01093,2023-05-29 21:00:42,29/05/2023 21:06,
SES0013630,U01093,2023-06-03T17:37:58Z,03/06/2023 17:51,814
SES0013631,U01093,2023-06-04T20:12:24Z,2023-06-04 20:14:24,120
SES0013632,U01093,2023-06-02 07:43:06,2023-06-02T07:45:58Z,172
SES0013633,U01093,2023-05-26T01:11:29Z,2023-05-26 01:20:55,566
SES0013634,U01093,28/05/2023 04:10,2023-05-28 04:12:54,166
SES0013635,U01093,2023-06-04T20:35:51Z,2023-06-04T20:52:08Z,977
SES0013636,U01093,2023-05-28T22:36:59Z,28/05/2023 22:37,46
SES0013637,U01093,2023-06-02T07:38:04Z,2023-06-02 07:40:34,150
SES0013638,U01093,05/06/2023 05:21,05/06/2023 05:23,105
SES0013639,U01093,2023-05-30T23:32:51Z,30/05/2023 23:35,171
SES0013640,U01093,2023-05-25 05:25:41,25/05/2023 05:29,240
SES0013641,U01093,2023-05-25 17:07:11,25/05/2023 17:08,74
SES0013642,U01093,2023-05-27T10:28:40Z,2023-05-27 10:31:22,162
SES0013643,U01095,2023-12-18 08:08:11,18/12/2023 08:09,90
SES0013644,U01095,2023-12-17T16:57:11Z,2023-12-17T16:59:15Z,124
SES0013645,U01095,2023-12-13T02:04:29Z,2023-12-13 02:08:33,244
SES0013646,U01095,13/12/2023 03:15,2023-12-13T03:17:44Z,130
SES0013647,U01095,13/12/2023 02:44,2023-12-13 02:47:49,213
SES0013648,U01095,2023-12-15 05:43:42,2023-12-15 05:45:22,100
SES0013649,U01095,2023-12-13 15:01:59,2023-12-13 15:03:01,N/A
SES0013650,U01095,2023-12-15 08:09:11,15/12/2023 08:15,397
SES0013651,U01095,2023-12-18T04:39:51Z,2023-12-18 04:56:46,1015
SES0013652,U01095,2023-12-17 16:57:27,2023-12-17 16:57:59,32
SES0013653,U01096,2023-03-21 18:06:37,2023-03-21 18:08:29,112
SES0013654,U01096,25/03/2023 08:46,2023-03-25T08:47:52Z,64
SES0013655,U01096,2023-03-27 07:08:36,27/03/2023 07:09,32
SES0013656,U01096,24/03/2023 17:23,2023-03-24T17:23:32Z,27
SES0013657,U01096,29/03/2023 07:22,2023-03-29T07:23:20Z,79
SES0013658,U01096,2023-03-26T14:14:13Z,2023-03-26 14:18:14,241
SES0013659,U01096,2023-03-21 19:39:07,2023-03-21 19:39:27,20
SES0013660,U01096,2023-03-24T18:39:45Z,2023-03-24T18:41:03Z,78
SES0013661,U01096,2023-03-29 17:00:22,2023-03-29T17:03:08Z,166
SES0013662,U01096,27/03/2023 06:13,2023-03-27 06:14:47,72
SES0013663,U01096,2023-03-21 10:45:13,2023-03-21T10:50:35Z,322
SES0013664,U01096,2023-03-23T19:43:43Z,23/03/2023 19:44,34
SES0013665,U01096,2023-03-23 06:12:30,23/03/2023 06:16,221
SES0013666,U01096,2023-03-28T16:36:05Z,28/03/2023 16:36,47
SES0013667,U01096,2023-03-28 12:17:22,2023-03-28 12:18:37,75
SES0013668,U01096,2023-03-27 17:05:32,27/03/2023 17:05,27
SES0013669,U01096,28/03/2023 02:51,2023-03-28T02:53:38Z,131
SES0013670,U01096,26/03/2023 08:51,2023-03-26 08:52:36,71
SES0013671,U01096,2023-03-19T22:23:20Z,2023-03-19T22:26:41Z,201
SES0013672,U01096,2023-03-24 17:18:03,24/03/2023 17:20,163
SES0013673,U01096,20/03/2023 04:12,20/03/2023 04:17,316
SES0013674,U01096,2023-03-19T16:40:36Z,2023-03-19 16:42:04,88
SES0013675,U01096,2023-03-18 11:14:45,2023-03-18 12:23:04,4099
SES0013676,U01096,2023-03-21 10:13:53,2023-03-21 10:13:53,0
SES0013677,U01096,2023-03-19T11:52:23Z,2023-03-19 11:52:23,0
SES0013678,U01096,2023-03-16 19:50:01,2023-03-16T19:52:43Z,162
SES0013679,U01096,2023-03-27 08:39:13,2023-03-27 08:41:53,160
SES0013680,U01096,2023-03-18T04:51:19Z,2023-03-18T04:51:46Z,27
SES0013681,U01096,16/03/2023 15:38,2023-03-16 15:43:00,253
SES0013682,U01096,2023-03-21T23:17:59Z,2023-03-21T23:27:06Z,547
SES0013683,U01097,2023-11-01 23:30:33,2023-11-01T23:32:46Z,133
SES0013684,U01097,02/11/2023 01:50,2023-11-02T01:53:46Z,185
SES0013685,U01098,2024-05-29T22:10:30Z,29/05/2024 22:10,18
SES0013686,U01098,2024-05-30 02:54:36,2024-05-30 02:55:04,28
SES0013687,U01098,30/05/2024 12:59,2024-05-30T13:00:27Z,80
SES0013688,U01098,2024-05-22T16:12:58Z,22/05/2024 16:15,173
SES0013689,U01098,2024-05-06T17:27:44Z,2024-05-06T17:28:06Z,22
SES0013690,U01098,2024-05-05 03:58:50,05/05/2024 03:59,48
SES0013691,U01098,2024-05-12 22:44:42,12/05/2024 22:56,735
SES0013692,U01098,05/05/2024 18:25,2024-05-05 18:27:17,88
SES0013693,U01098,01/06/2024 23:39,01/06/2024 23:46,415
SES0013694,U01098,2024-05-13T13:41:38Z,2024-05-13T13:43:22Z,104
SES0013695,U01098,2024-05-18T14:21:00Z,18/05/2024 14:33,762
SES0013696,U01098,14/05/2024 09:37,2024-05-14T09:43:57Z,409
SES0013697,U01098,2024-05-13T05:35:02Z,2024-05-13T05:36:43Z,101
SES0013698,U01098,25/05/2024 20:53,2024-05-25 20:54:22,26
SES0013699,U01098,2024-05-10T17:05:44Z,2024-05-10T17:08:26Z,162
SES0013700,U01098,2024-05-29T04:25:44Z,2024-05-29 04:26:09,25
SES0013701,U01098,19/05/2024 03:31,2024-05-19 03:34:37,213
SES0013702,U01098,2024-05-12T11:42:48Z,15/05/2024 17:16,279237
SES0013703,U01098,21/05/2024 09:47,21/05/2024 09:49,76
SES0013704,U01098,2024-05-05T14:29:58Z,2024-05-05 14:31:15,77
SES0013705,U01099,2023-10-21 14:03:45,2023-10-21T14:06:21Z,156
SES0013706,U01099,25/09/2023 12:54,2023-09-25 12:56:03,102
SES0013707,U01099,2023-09-27 12:45:06,2023-09-27 12:57:18,732
SES0013708,U01100,26/06/2023 20:36,2023-06-26 20:42:39,390
SES0013709,U01100,2023-05-17 21:10:23,17/05/2023 21:26,971
SES0013710,U01100,27/05/2023 09:35,2023-05-27 09:36:53,92
SES0013711,U01100,30/05/2023 21:25,2023-05-30T21:26:50Z,110
SES0013712,U01100,2023-04-24 02:39:54,2023-04-24 02:41:36,102
SES0013713,U01100,15/06/2023 17:12,15/06/2023 17:13,76
SES0013714,U01100,2023-05-15T07:38:52Z,2023-05-15T07:43:22Z,270
SES0013715,U01100,2023-06-14 02:29:52,2023-06-15T04:56:36Z,95204
SES0013716,U01100,14/05/2023 07:27,14/05/2023 07:27,22
SES0013717,U01100,2023-05-11T18:07:56Z,2023-05-11 18:08:13,17
SES0013718,U01101,2023-01-17 11:23:37,2023-01-17T11:27:15Z,218
SES0013719,U01102,2024-04-02 02:18:56,2024-04-02 02:19:10,14
SES0013720,U01102,2024-04-07 14:32:00,07/04/2024 14:32,N/A
SES0013721,U01102,2024-04-05 13:33:28,2024-04-05 14:14:48,2480
SES0013722,U01102,09/04/2024 19:35,2024-04-09T19:43:55Z,521
SES0013723,U01102,2024-03-29 20:55:52,2024-03-29 20:56:19,27
SES0013724,U01102,2024-03-28 18:26:13,2024-03-28T18:31:25Z,312
SES0013725,U01102,10/04/2024 03:07,2024-04-10T03:08:41Z,84
SES0013726,U01102,05/04/2024 18:20,2024-04-05T18:21:14Z,56
SES0013727,U01102,28/03/2024 08:48,2024-03-28T08:50:43Z,144
SES0013728,U01102,2024-04-06 12:53:46,2024-04-06 12:55:07,81
SES0013729,U01103,2023-12-28T16:47:10Z,2023-12-28 16:48:15,65
SES0013730,U01103,2023-12-10 12:49:18,10/12/2023 12:53,250
SES0013731,U01103,2024-01-07 09:54:21,2024-01-07T09:55:22Z,61
SES0013732,U01103,2023-11-10T10:34:15Z,10/11/2023 10:37,206
SES0013733,U01103,19/12/2023 14:14,2023-12-19T14:34:29Z,1191
SES0013734,U01103,10/01/2024 02:51,2024-01-10 02:59:14,469
SES0013735,U01103,2023-11-25 10:43:58,25/11/2023 10:45,73
SES0013736,U01103,2023-11-15T16:27:12Z,15/11/2023 16:34,428
SES0013737,U01103,2023-10-21T01:27:09Z,2023-10-21T01:27:54Z,45
SES0013738,U01103,2023-10-18T08:33:18Z,2023-10-18T08:37:09Z,231
SES0013739,U01104,13/02/2024 01:24,2024-02-13 01:29:30,274
SES0013740,U01104,01/04/2024 14:04,2024-04-01T14:07:22Z,145
SES0013741,U01104,2024-03-30T08:18:09Z,30/03/2024 08:48,1795
SES0013742,U01104,2024-02-10 21:42:48,2024-02-10T21:44:55Z,127
SES0013743,U01104,2024-04-24 20:20:24,24/04/2024 20:24,232
SES0013744,U01104,03/03/2024 00:16,2024-03-03 00:17:05,57
SES0013745,U01104,18/02/2024 09:52,2024-02-18T09:56:58Z,280
SES0013746,U01104,13/04/2024 03:57,2024-04-13 03:58:58,115
SES0013747,U01104,2024-03-29T06:11:49Z,29/03/2024 06:12,25
SES0013748,U01104,2024-03-01T07:00:48Z,2024-03-01 07:11:01,613
SES0013749,U01104,2024-02-18T03:54:03Z,2024-02-18T04:05:40Z,697
SES0013750,U01104,2024-03-07 04:12:24,2024-03-07T04:13:31Z,67
SES0013751,U01104,2024-02-11 21:10:51,11/02/2024 21:11,25
SES0013752,U01104,2024-02-08 14:31:01,2024-02-08 14:31:42,41
SES0013753,U01104,2024-04-13T09:54:13Z,13/04/2024 10:11,1051
SES0013754,U01104,13/03/2024 03:27,2024-03-13 03:30:15,155
SES0013755,U01104,2024-04-02T04:01:46Z,02/04/2024 04:03,N/A
SES0013756,U01104,2024-04-21T03:38:43Z,2024-04-21T03:41:01Z,138
SES0013757,U01104,2024-02-14 11:40:35,2024-02-14T11:40:53Z,18
SES0013758,U01104,2024-03-06 05:26:30,06/03/2024 05:47,1241
SES0013759,U01104,29/02/2024 00:23,2024-02-29 00:33:06,582
SES0013760,U01104,07/04/2024 07:05,2024-04-07T07:06:04Z,23
SES0013761,U01104,2024-02-01T02:25:02Z,2024-02-01 02:25:56,54
SES0013762,U01104,2024-04-05T09:27:35Z,2024-04-05T09:30:06Z,151
SES0013763,U01104,16/04/2024 02:07,2024-04-16 02:07:11,0
SES0013764,U01104,2024-02-16T13:32:17Z,2024-02-16T13:33:49Z,N/A
SES0013765,U01104,11/04/2024 13:50,2024-04-11T13:51:48Z,82
SES0013766,U01104,2024-02-25 22:59:25,2024-02-25T23:03:23Z,238
SES0013767,U01104,16/04/2024 13:41,2024-04-16T13:41:13Z,0
SES0013768,U01104,2024-04-06T02:55:13Z,2024-04-06 02:57:16,123
SES0013769,U01104,2024-02-29 23:39:13,2024-02-29T23:39:45Z,32
SES0013770,U01104,2024-02-06T15:03:19Z,2024-02-06T15:07:44Z,265
SES0013771,U01104,23/02/2024 15:47,2024-02-23 15:47:46,43
SES0013772,U01104,2024-04-04 05:33:52,2024-04-04T05:35:23Z,91
SES0013773,U01104,2024-03-01 11:15:16,2024-03-01 11:19:03,227
SES0013774,U01104,2024-02-09 07:27:07,09/02/2024 07:28,53
SES0013775,U01104,2024-03-07 17:56:20,2024-03-07T18:06:32Z,612
SES0013776,U01104,23/04/2024 01:50,2024-04-23T01:52:29Z,132
SES0013777,U01104,20/03/2024 14:02,2024-03-20 14:03:11,14
SES0013778,U01104,2024-04-11T18:03:26Z,2024-04-11T18:04:04Z,38
SES0013779,U01105,2024-06-25T09:49:42Z,2024-06-25T09:51:03Z,81
SES0013780,U01105,2024-06-24 14:38:38,24/06/2024 14:39,53
SES0013781,U01106,2024-06-29T22:54:32Z,2024-06-29 23:09:32,900
SES0013782,U01107,2023-11-02 17:52:38,2023-11-02 17:53:39,61
SES0013783,U01107,2023-11-23T00:21:32Z,23/11/2023 00:21,22
SES0013784,U01107,2023-08-31T11:38:42Z,2023-08-31T11:48:13Z,571
SES0013785,U01107,2023-08-21T03:26:06Z,2023-08-21 03:26:31,25
SES0013786,U01107,2023-07-23 03:38:52,2023-07-23 03:39:57,65
SES0013787,U01107,2023-11-06T13:12:16Z,06/11/2023 13:17,325
SES0013788,U01107,2023-07-14 11:32:38,14/07/2023 11:35,185
SES0013789,U01107,2023-12-08 23:43:27,2023-12-08 23:43:44,17
SES0013790,U01107,2023-12-21T23:03:32Z,2023-12-21T23:05:02Z,90
SES0013791,U01107,2023-08-20 02:55:17,2023-08-20T02:58:46Z,209
SES0013792,U01108,2024-01-06T15:34:14Z,06/01/2024 15:35,92
SES0013793,U01108,2023-12-20T18:41:35Z,2023-12-20 18:42:10,35
SES0013794,U01108,2023-12-09 02:04:20,2023-12-09 02:04:36,16
SES0013795,U01108,2023-12-10T16:46:13Z,10/12/2023 16:46,42
SES0013796,U01108,2023-12-25 11:07:50,2023-12-25T11:21:03Z,793
SES0013797,U01108,2024-01-03T19:33:50Z,03/01/2024 19:34,33
SES0013798,U01108,2023-12-20T10:02:09Z,2023-12-20 10:04:46,157
SES0013799,U01108,2024-01-02 02:41:50,2024-01-02T02:46:12Z,262
SES0013800,U01108,2023-12-11T10:18:41Z,2023-12-11T10:21:00Z,139
SES0013801,U01108,2023-12-17 22:35:26,2023-12-17T22:37:29Z,123
SES0013802,U01109,2023-12-15 02:38:37,2023-12-15 02:40:41,124
SES0013803,U01109,2023-11-17 12:41:34,2023-11-17 12:41:53,19
SES0013804,U01109,01/11/2023 08:18,2023-11-01T08:22:27Z,238
SES0013805,U01109,30/10/2023 14:21,30/10/2023 14:22,71
SES0013806,U01109,2023-12-28 01:29:05,2023-12-28 01:30:30,85
SES0013807,U01109,05/01/2024 00:10,2024-01-05 00:10:26,0
SES0013808,U01109,01/01/2024 09:39,2024-01-01T09:39:28Z,22
SES0013809,U01109,10/10/2023 23:47,11/10/2023 00:28,2407
SES0013810,U01109,2023-12-16T10:56:59Z,16/12/2023 11:01,292
SES0013811,U01109,2023-10-24 23:17:57,2023-10-24T23:22:38Z,281
SES0013812,U01109,2023-11-21T06:12:56Z,21/11/2023 06:13,16
SES0013813,U01109,2023-10-19 14:08:59,19/10/2023 14:10,97
SES0013814,U01109,10/12/2023 22:59,10/12/2023 23:00,66
SES0013815,U01109,2023-10-23 19:37:45,2023-10-23 19:43:53,368
SES0013816,U01109,2023-11-28T19:36:27Z,28/11/2023 19:41,290
SES0013817,U01109,2023-11-01T11:30:42Z,2023-11-01T11:32:02Z,80
SES0013818,U01109,2023-12-22T23:15:22Z,2023-12-22T23:22:51Z,449
SES0013819,U01109,2023-10-13 07:24:21,13/10/2023 07:28,242
SES0013820,U01109,09/11/2023 02:41,09/11/2023 02:42,24
SES0013821,U01109,2023-11-16T23:47:29Z,2023-11-16 23:52:31,
SES0013822,U01110,2024-02-25T14:39:13Z,2024-02-25 14:43:26,253
SES0013823,U01111,2024-03-04 13:36:04,04/03/2024 13:41,344
SES0013824,U01111,2024-03-03 11:42:39,2024-03-03 11:48:27,348
SES0013825,U01111,2024-03-04 15:10:11,2024-03-04 15:50:45,2434
SES0013826,U01111,2024-02-29 20:04:46,29/02/2024 20:05,70
SES0013827,U01111,2024-03-02 20:08:09,2024-03-02 20:08:43,34
SES0013828,U01111,2024-03-04 20:25:16,04/03/2024 20:31,355
SES0013829,U01111,2024-02-29T11:38:34Z,29/02/2024 11:41,158
SES0013830,U01111,2024-03-01 08:50:10,01/03/2024 08:50,22
SES0013831,U01111,29/02/2024 21:54,2024-02-29 22:15:47,1267
SES0013832,U01111,2024-02-29T16:46:26Z,29/02/2024 16:48,124
SES0013833,U01112,2024-05-12T20:48:53Z,12/05/2024 20:54,340
SES0013834,U01112,2024-04-12 15:15:37,12/04/2024 15:21,353
SES0013835,U01112,13/04/2024 01:28,2024-04-13T01:41:06Z,743
SES0013836,U01112,2024-06-09T22:34:16Z,2024-06-09 22:34:31,15
SES0013837,U01112,2024-06-07T22:57:08Z,07/06/2024 22:58,98
SES0013838,U01112,21/06/2024 11:21,2024-06-21T11:21:35Z,18
SES0013839,U01112,2024-04-02 11:38:58,2024-04-02T11:40:19Z,81
SES0013840,U01112,01/03/2024 23:16,2024-03-01 23:17:52,73
SES0013841,U01112,2024-04-05 19:17:51,09/04/2024 06:35,299839
SES0013842,U01112,02/05/2024 02:56,02/05/2024 02:56,25
SES0013843,U01112,2024-06-16 09:17:15,2024-06-16T09:19:20Z,125
SES0013844,U01112,2024-03-30 19:16:33,2024-03-30 19:18:00,87
SES0013845,U01112,29/06/2024 03:42,2024-06-29T03:50:21Z,497
SES0013846,U01112,2024-06-16T00:29:29Z,19/06/2024 10:47,296287
SES0013847,U01112,2024-02-28 18:44:22,2024-02-28 18:47:29,187
SES0013848,U01112,2024-03-02 01:21:42,02/03/2024 01:25,198
SES0013849,U01112,2024-04-01T10:54:46Z,2024-04-01 11:01:16,390
SES0013850,U01112,2024-06-08 23:24:40,08/06/2024 23:26,135
SES0013851,U01112,06/03/2024 14:16,2024-03-09 22:49:43,290019
SES0013852,U01112,29/02/2024 17:01,2024-02-29T17:04:15Z,187
SES0013853,U01112,24/06/2024 23:04,2024-06-24T23:09:05Z,272
SES0013854,U01112,2024-05-12 19:30:16,2024-05-12 19:31:32,76
SES0013855,U01112,29/02/2024 23:27,29/02/2024 23:28,57
SES0013856,U01112,2024-05-30T22:34:09Z,30/05/2024 22:35,54
SES0013857,U01112,2024-06-29 22:24:51,29/06/2024 22:26,
SES0013858,U01112,2024-04-27T19:40:19Z,27/04/2024 19:43,172
SES0013859,U01112,2024-04-01 07:25:17,01/04/2024 07:25,0
SES0013860,U01112,2024-03-17T14:15:29Z,2024-03-17 14:18:23,174
SES0013861,U01112,2024-03-23 20:30:50,2024-03-23T20:31:22Z,32
SES0013862,U01112,2024-06-27 15:54:35,27/06/2024 16:01,398
SES0013863,U01113,11/11/2023 01:28,11/11/2023 01:29,27
SES0013864,U01113,2023-09-13T02:46:33Z,2023-09-13T02:47:27Z,54
SES0013865,U01113,2023-08-18T14:08:27Z,2023-08-18 14:08:27,0
SES0013866,U01114,27/05/2023 18:32,27/05/2023 18:40,521
SES0013867,U01115,26/11/2023 15:26,26/11/2023 15:28,134
SES0013868,U01115,2023-09-10T10:29:10Z,2023-09-10T10:30:19Z,
SES0013869,U01115,2023-12-13T08:02:48Z,2023-12-13 08:18:02,914
SES0013870,U01115,12/10/2023 08:32,2023-10-12T08:34:17Z,91
SES0013871,U01115,25/09/2023 08:26,25/09/2023 08:29,172
SES0013872,U01116,2024-05-18 01:38:17,2024-05-18T01:38:17Z,0
SES0013873,U01116,27/05/2024 17:23,2024-05-27 18:34:25,4258
SES0013874,U01116,2024-06-06 03:10:36,06/06/2024 03:13,162
SES0013875,U01116,29/05/2024 22:09,29/05/2024 22:11,145
SES0013876,U01116,2024-05-28T07:49:21Z,2024-05-28 07:50:28,67
SES0013877,U01116,14/06/2024 15:53,14/06/2024 15:56,143
SES0013878,U01116,2024-06-18 07:35:07,18/06/2024 07:37,130
SES0013879,U01116,2024-05-27T01:03:11Z,27/05/2024 01:05,119
SES0013880,U01116,2024-06-13 19:22:39,2024-06-13 19:23:44,65
SES0013881,U01116,2024-05-14 08:56:17,14/05/2024 08:57,52
SES0013882,U01116,2024-06-12T12:53:09Z,2024-06-12 13:01:33,504
SES0013883,U01116,2024-05-21 22:09:17,2024-05-21T22:28:27Z,1150
SES0013884,U01116,2024-06-24T05:41:20Z,2024-06-24 05:42:45,85
SES0013885,U01116,17/06/2024 11:55,17/06/2024 11:57,142
SES0013886,U01116,2024-05-12T07:39:21Z,12/05/2024 07:44,314
SES0013887,U01116,12/06/2024 11:12,14/06/2024 03:13,144054
SES0013888,U01116,2024-05-16T09:44:13Z,2024-05-16 09:50:30,377
SES0013889,U01116,30/05/2024 11:21,30/05/2024 11:23,140
SES0013890,U01116,2024-05-15 19:49:48,2024-05-15 19:58:21,513
SES0013891,U01116,2024-06-15T05:48:45Z,2024-06-15T05:50:27Z,102
SES0013892,U01116,2024-06-05 11:35:45,05/06/2024 11:43,461
SES0013893,U01116,2024-05-12 20:14:20,12/05/2024 20:15,45
SES0013894,U01116,2024-05-22 19:59:20,22/05/2024 20:06,417
SES0013895,U01116,08/06/2024 23:28,2024-06-08T23:32:23Z,223
SES0013896,U01116,2024-05-26 06:34:33,2024-05-26 06:40:54,381
SES0013897,U01116,04/06/2024 15:46,04/06/2024 15:54,452
SES0013898,U01116,2024-06-20T15:48:56Z,20/06/2024 15:54,356
SES0013899,U01116,2024-06-27 10:28:21,2024-06-27T10:29:18Z,57
SES0013900,U01116,05/06/2024 06:05,05/06/2024 06:05,36
SES0013901,U01116,2024-05-23T09:17:23Z,23/05/2024 09:18,81
SES0013902,U01117,2023-11-03 10:40:06,2023-11-03T10:40:06Z,0
SES0013903,U01119,2024-03-07T11:21:04Z,2024-03-07 11:23:14,130
SES0013904,U01119,2024-03-06T19:07:35Z,06/03/2024 19:25,1103
SES0013905,U01121,2023-05-23T00:48:27Z,2023-05-23 00:50:04,97
SES0013906,U01121,2023-05-23 15:46:04,2023-05-23 15:47:26,82
SES0013907,U01122,2024-03-21 02:55:22,21/03/2024 02:56,73
SES0013908,U01122,21/01/2024 11:01,2024-01-21T11:03:30Z,142
SES0013909,U01122,2024-04-06 06:22:50,2024-04-06T06:23:13Z,23
SES0013910,U01122,2024-02-16 12:38:35,2024-02-16T12:39:42Z,67
SES0013911,U01122,2024-03-15 19:07:45,2024-03-15 19:11:51,246
SES0013912,U01122,2024-01-17 18:28:59,17/01/2024 18:29,24
SES0013913,U01122,2024-04-03 16:41:38,2024-04-03T16:47:07Z,329
SES0013914,U01122,2024-01-29 04:57:28,2024-01-29T04:58:40Z,72
SES0013915,U01122,2024-02-12T17:21:25Z,2024-02-12T17:22:11Z,46
SES0013916,U01122,03/04/2024 06:44,03/04/2024 06:47,137
SES0013917,U01122,2024-03-04T15:41:22Z,04/03/2024 15:42,56
SES0013918,U01122,2024-03-22T04:20:32Z,2024-03-22 04:23:03,151
SES0013919,U01122,2024-01-24T10:35:11Z,24/01/2024 10:37,159
SES0013920,U01122,2024-02-04T22:52:25Z,2024-02-04T22:53:50Z,85
SES0013921,U01122,2024-03-23 19:17:52,2024-03-23T19:23:46Z,354
SES0013922,U01122,19/01/2024 16:06,19/01/2024 16:07,98
SES0013923,U01122,06/03/2024 22:07,2024-03-06T22:08:14Z,58
SES0013924,U01122,09/04/2024 01:20,09/04/2024 01:32,740
SES0013925,U01122,27/01/2024 23:12,2024-01-27 23:13:36,92
SES0013926,U01122,2024-02-15T16:32:34Z,15/02/2024 16:33,72
SES0013927,U01122,23/01/2024 05:32,2024-01-23 05:34:34,108
SES0013928,U01122,2024-01-30 11:19:44,30/01/2024 11:23,221
SES0013929,U01122,2024-03-05T15:05:58Z,2024-03-05T15:07:27Z,89
SES0013930,U01122,2024-02-25T00:00:03Z,2024-02-25 00:01:55,112
SES0013931,U01122,2024-02-09T08:54:44Z,09/02/2024 08:58,202
SES0013932,U01122,2024-03-03 10:30:54,03/03/2024 10:38,446
SES0013933,U01122,2024-01-22T16:08:30Z,2024-01-22T16:15:51Z,441
SES0013934,U01122,2024-03-20T06:55:14Z,20/03/2024 06:55,39
SES0013935,U01122,2024-01-23 00:20:58,2024-01-23 00:21:29,31
SES0013936,U01122,21/03/2024 23:18,2024-03-21T23:37:39Z,1141
SES0013937,U01123,2024-05-09T04:33:30Z,2024-05-09 04:34:19,49
SES0013938,U01123,21/05/2024 15:49,21/05/2024 15:49,17
SES0013939,U01123,2024-06-07 00:49:23,2024-06-07 00:49:32,9
SES0013940,U01123,2024-05-13T16:33:32Z,2024-05-13T16:35:57Z,145
SES0013941,U01123,29/05/2024 06:24,2024-05-29 06:33:28,551
SES0013942,U01123,23/06/2024 06:44,23/06/2024 06:49,326
SES0013943,U01123,2024-06-15T16:15:02Z,2024-06-15T16:23:43Z,521
SES0013944,U01123,2024-06-28 13:15:06,2024-06-28 13:16:52,106
SES0013945,U01123,2024-06-25T08:19:07Z,2024-06-25T08:23:14Z,247
SES0013946,U01123,2024-05-15 19:56:26,2024-05-15 19:57:32,66
SES0013947,U01123,2024-05-06 19:44:52,2024-05-06 19:45:40,48
SES0013948,U01123,2024-06-09 20:53:42,2024-06-09T20:57:50Z,248
SES0013949,U01123,2024-05-04T07:16:18Z,2024-05-04T07:17:40Z,82
SES0013950,U01123,2024-05-27T22:02:05Z,27/05/2024 22:08,408
SES0013951,U01123,31/05/2024 13:28,31/05/2024 13:31,182
SES0013952,U01123,2024-05-30 01:41:04,2024-05-30T01:43:28Z,144
SES0013953,U01123,2024-06-09 09:45:09,09/06/2024 09:47,134
SES0013954,U01123,03/06/2024 06:06,2024-06-03 06:15:13,521
SES0013955,U01123,2024-06-23T15:17:44Z,2024-06-23 15:23:10,N/A
SES0013956,U01123,2024-06-02 04:20:03,02/06/2024 04:21,103
SES0013957,U01124,2023-11-02T16:36:06Z,02/11/2023 16:38,149
SES0013958,U01124,17/11/2023 07:24,2023-11-17 07:27:01,132
SES0013959,U01125,20/01/2023 08:41,20/01/2023 08:47,
SES0013960,U01125,2023-01-18 19:13:45,2023-01-18T19:15:13Z,88
SES0013961,U01125,2023-04-07 06:31:13,07/04/2023 06:32,55
SES0013962,U01125,14/01/2023 21:49,2023-01-14 21:59:41,610
SES0013963,U01125,2023-04-10 16:26:53,10/04/2023 16:41,865
SES0013964,U01125,2023-02-03 15:16:39,03/02/2023 15:17,38
SES0013965,U01125,04/04/2023 19:58,2023-04-04 19:59:01,27
SES0013966,U01125,2023-03-21 17:30:34,2023-03-21 17:31:22,48
SES0013967,U01125,28/01/2023 18:54,2023-01-28T18:54:57Z,0
SES0013968,U01125,2023-01-19 14:14:56,19/01/2023 14:15,46
SES0013969,U01125,2023-02-16T22:16:09Z,2023-02-16T22:23:08Z,419
SES0013970,U01125,2023-01-22T11:13:33Z,22/01/2023 11:13,11
SES0013971,U01125,29/01/2023 21:18,2023-01-29T21:20:29Z,94
SES0013972,U01125,2023-03-17 11:35:00,2023-03-17T11:38:01Z,181
SES0013973,U01125,04/04/2023 07:20,2023-04-04T07:22:42Z,108
SES0013974,U01125,2023-02-04T11:03:13Z,2023-02-04 11:05:02,109
SES0013975,U01125,2023-02-21T16:03:19Z,2023-02-21 16:05:59,160
SES0013976,U01125,2023-02-25 01:53:22,25/02/2023 01:54,86
SES0013977,U01125,14/01/2023 11:46,14/01/2023 11:49,166
SES0013978,U01125,2023-01-27 11:00:40,27/01/2023 11:01,25
SES0013979,U01125,2023-03-08 05:41:01,2023-03-08T05:52:53Z,712
SES0013980,U01125,2023-02-22 06:25:06,2023-02-22 06:28:08,182
SES0013981,U01125,2023-02-25T17:49:21Z,2023-02-25 17:51:39,138
SES0013982,U01125,24/01/2023 19:02,2023-01-24T19:08:39Z,
SES0013983,U01125,2023-01-12T14:15:37Z,2023-01-12T14:16:34Z,57
SES0013984,U01125,2023-02-04T11:44:32Z,2023-02-04T11:44:48Z,16
SES0013985,U01125,2023-02-27 02:15:32,2023-02-27T02:20:03Z,271
SES0013986,U01125,2023-01-25 18:21:59,25/01/2023 18:25,210
SES0013987,U01125,10/03/2023 06:38,10/03/2023 06:46,479
SES0013988,U01125,2023-01-30 14:19:11,2023-01-30T14:32:38Z,807
SES0013989,U01125,2023-02-24 22:54:54,2023-02-24 22:56:02,68
SES0013990,U01125,01/02/2023 16:20,2023-02-01T16:22:20Z,87
SES0013991,U01125,18/02/2023 23:42,2023-02-18T23:45:24Z,171
SES0013992,U01125,31/01/2023 07:23,2023-01-31T07:35:17Z,716
SES0013993,U01125,2023-02-21 09:59:01,21/02/2023 09:59,44
SES0013994,U01125,2023-01-12 02:51:42,12/01/2023 02:58,391
SES0013995,U01125,2023-01-31T21:00:41Z,2023-01-31T21:05:47Z,306
SES0013996,U01125,2023-04-05 20:19:37,05/04/2023 20:21,105
SES0013997,U01125,16/02/2023 13:23,2023-02-16T13:40:54Z,1044
SES0013998,U01125,2023-01-27 02:40:37,27/01/2023 02:41,27
SES0013999,U01125,2023-01-20T05:20:03Z,2023-01-20 05:20:46,43
SES0014000,U01125,2023-01-12 09:00:09,2023-01-12 09:02:36,147
SES0014001,U01125,12/03/2023 16:59,2023-03-12 17:01:33,106
SES0014002,U01125,16/02/2023 14:47,2023-02-16 14:57:43,609
SES0014003,U01125,2023-02-20T06:04:39Z,2023-02-20 06:28:12,1413
SES0014004,U01125,20/03/2023 03:45,2023-03-20T03:48:06Z,138
SES0014005,U01125,2023-01-22T15:09:43Z,2023-01-22T15:12:06Z,143
SES0014006,U01125,2023-03-27 19:52:28,27/03/2023 19:53,70
SES0014007,U01125,2023-03-15 13:37:40,15/03/2023 13:54,1039
SES0014008,U01125,2023-03-25T03:21:28Z,2023-03-25 03:22:12,44
SES0014009,U01125,2023-03-13T02:39:55Z,2023-03-13 02:41:16,81
SES0014010,U01125,2023-03-27 23:55:38,2023-03-28T00:24:33Z,1735
SES0014011,U01125,28/03/2023 11:27,28/03/2023 11:29,115
SES0014012,U01125,22/03/2023 11:33,2023-03-22T11:36:49Z,225
SES0014013,U01125,24/02/2023 18:38,24/02/2023 18:42,231
SES0014014,U01125,2023-02-05T05:19:22Z,05/02/2023 05:19,0
SES0014015,U01125,2023-03-25 06:14:24,26/03/2023 11:20,104743
SES0014016,U01125,2023-01-21 07:12:17,2023-01-21 07:32:08,1191
SES0014017,U01125,2023-01-14T13:39:18Z,14/01/2023 13:40,53
SES0014018,U01125,12/03/2023 13:38,2023-03-15 00:00:36,210150
SES0014019,U01125,2023-02-23T01:28:07Z,2023-02-23T01:29:54Z,107
SES0014020,U01125,2023-02-11 06:54:13,2023-02-11 06:56:17,124
SES0014021,U01125,2023-03-08 11:01:36,2023-03-08 11:03:51,135
SES0014022,U01125,05/03/2023 11:25,2023-03-05T11:29:50Z,249
SES0014023,U01125,2023-02-01 08:45:21,01/02/2023 08:49,278
SES0014024,U01125,2023-04-06T14:27:55Z,06/04/2023 14:29,98
SES0014025,U01125,10/04/2023 02:51,2023-04-10 02:56:56,319
SES0014026,U01125,2023-03-01 01:06:01,2023-03-01 01:27:15,1274
SES0014027,U01125,28/01/2023 23:08,2023-01-28 23:11:09,
SES0014028,U01125,2023-02-25T22:49:58Z,2023-02-25 22:52:39,161
SES0014029,U01125,22/01/2023 17:50,2023-01-22 17:53:15,147
SES0014030,U01125,2023-04-06 23:17:06,06/04/2023 23:17,30
SES0014031,U01125,2023-02-19T21:10:42Z,2023-02-19T21:43:34Z,1972
SES0014032,U01125,2023-01-25T13:55:09Z,2023-01-25 13:57:37,148
SES0014033,U01125,2023-01-15T18:58:27Z,15/01/2023 18:59,80
SES0014034,U01125,2023-02-01T02:53:49Z,2023-02-01 02:55:17,88
SES0014035,U01125,2023-04-05T14:14:01Z,2023-04-05 14:16:05,124
SES0014036,U01125,19/02/2023 14:15,2023-02-19T14:35:26Z,1173
SES0014037,U01125,2023-01-14 01:33:22,2023-01-14T01:38:02Z,280
SES0014038,U01125,2023-03-25 03:13:53,25/03/2023 03:16,147
SES0014039,U01126,01/03/2023 08:54,2023-03-01T08:59:07Z,306
SES0014040,U01126,2023-03-12 08:09:44,12/03/2023 08:10,37
SES0014041,U01126,2023-03-20T07:25:30Z,2023-03-20T07:28:42Z,192
SES0014042,U01126,2023-02-24T20:19:15Z,24/02/2023 20:20,70
SES0014043,U01126,2023-03-05 11:13:40,2023-03-05 11:16:45,185
SES0014044,U01126,2023-03-05T00:41:27Z,05/03/2023 00:42,54
SES0014045,U01126,2023-03-15T07:47:12Z,2023-03-15T08:07:18Z,1206
SES0014046,U01126,23/02/2023 11:55,23/02/2023 11:55,22
SES0014047,U01126,04/03/2023 20:10,2023-03-04T20:33:39Z,1407
SES0014048,U01126,2023-03-19T03:41:18Z,2023-03-19 03:41:48,30
SES0014049,U01126,28/02/2023 14:47,2023-02-28T14:50:14Z,164
SES0014050,U01126,2023-03-01T20:29:36Z,01/03/2023 20:45,951
SES0014051,U01126,01/03/2023 07:21,2023-03-01T07:21:24Z,8
SES0014052,U01126,2023-02-22T01:29:58Z,2023-02-22 01:42:11,733
SES0014053,U01126,2023-03-10 10:25:58,10/03/2023 10:33,476
SES0014054,U01126,2023-03-14T22:08:51Z,2023-03-14 22:12:13,202
SES0014055,U01126,22/02/2023 11:46,22/02/2023 11:51,295
SES0014056,U01126,2023-02-22T09:38:56Z,22/02/2023 09:41,159
SES0014057,U01126,2023-03-15 00:36:55,15/03/2023 00:49,760
SES0014058,U01126,2023-03-14T00:14:33Z,2023-03-14 00:16:49,N/A
SES0014059,U01128,2023-05-21 14:17:59,2023-05-21 14:18:54,55
SES0014060,U01128,2023-05-09 19:09:19,2023-05-09T19:14:15Z,296
SES0014061,U01128,2023-02-25 12:32:08,2023-02-25 12:34:19,131
SES0014062,U01129,2024-05-06 15:24:40,2024-05-06T15:33:50Z,550
SES0014063,U01129,2024-02-15T17:36:55Z,15/02/2024 17:38,97
SES0014064,U01129,15/02/2024 01:38,2024-02-15T01:41:48Z,192
SES0014065,U01130,04/06/2023 17:25,04/06/2023 17:26,69
SES0014066,U01130,02/06/2023 18:59,02/06/2023 19:01,137
SES0014067,U01131,16/06/2024 00:34,2024-06-16T00:35:53Z,78
SES0014068,U01131,2024-06-17T01:55:20Z,2024-06-17T02:00:19Z,299
SES0014069,U01131,2024-06-22T18:37:25Z,22/06/2024 19:17,2432
SES0014070,U01133,2023-05-11 01:05:52,11/05/2023 01:06,21
SES0014071,U01133,06/05/2023 20:01,2023-05-06 20:06:11,309
SES0014072,U01133,09/05/2023 02:26,2023-05-09T02:27:10Z,21
SES0014073,U01133,08/05/2023 23:52,2023-05-09 00:00:15,442
SES0014074,U01133,2023-05-11 14:54:17,11/05/2023 14:56,132
SES0014075,U01134,2023-12-12T17:28:52Z,2023-12-12T17:31:04Z,132
SES0014076,U01134,2023-11-25T15:24:20Z,25/11/2023 15:24,39
SES0014077,U01134,01/01/2024 09:47,01/01/2024 09:59,N/A
SES0014078,U01134,2023-12-26T10:39:25Z,26/12/2023 10:47,478
SES0014079,U01134,2024-02-16 04:35:52,16/02/2024 04:48,760
SES0014080,U01134,2023-12-05T10:45:10Z,2023-12-05T10:50:40Z,330
SES0014081,U01134,2024-01-11 16:38:17,11/01/2024 16:53,921
SES0014082,U01134,02/02/2024 15:55,02/02/2024 15:57,138
SES0014083,U01134,2024-02-04T22:18:35Z,2024-02-04T22:18:56Z,21
SES0014084,U01134,2024-02-09T13:09:35Z,2024-02-09T13:18:03Z,508
SES0014085,U01135,22/06/2024 06:13,2024-06-24T17:31:32Z,213506
SES0014086,U01135,2024-05-11T01:45:53Z,2024-05-11 01:46:35,42
SES0014087,U01135,2024-05-23T12:52:48Z,2024-05-23 12:56:20,N/A
SES0014088,U01135,27/05/2024 03:55,2024-05-27 03:58:00,175
SES0014089,U01135,2024-04-30T07:35:40Z,2024-04-30 07:42:38,418
SES0014090,U01135,12/05/2024 18:07,12/05/2024 18:10,208
SES0014091,U01135,2024-05-20 13:10:43,20/05/2024 13:11,70
SES0014092,U01135,27/06/2024 04:26,2024-06-27T04:26:11Z,11
SES0014093,U01135,2024-06-15T01:06:06Z,2024-06-15T01:06:38Z,32
SES0014094,U01135,2024-06-29 02:18:07,2024-06-29 02:23:47,340
SES0014095,U01136,24/05/2024 20:56,24/05/2024 20:56,0
SES0014096,U01136,2023-11-16T15:25:26Z,16/11/2023 15:28,203
SES0014097,U01136,10/06/2024 08:19,2024-06-10 08:20:22,59
SES0014098,U01136,14/02/2024 00:42,2024-02-14 00:45:55,182
SES0014099,U01136,2024-05-12T10:14:54Z,2024-05-12 10:16:00,66
SES0014100,U01136,2024-05-20T08:17:57Z,2024-05-20T08:19:56Z,119
SES0014101,U01136,2024-05-22T01:32:44Z,22/05/2024 01:33,35
SES0014102,U01136,2024-03-04 12:18:01,2024-03-04T12:21:57Z,236
SES0014103,U01136,2024-04-01 14:51:44,2024-04-01T14:56:05Z,261
SES0014104,U01136,2024-01-03 12:19:20,2024-01-03T12:22:28Z,188
SES0014105,U01136,2024-05-15T16:20:43Z,15/05/2024 16:24,238
SES0014106,U01136,25/11/2023 22:14,2023-11-28T04:49:33Z,196486
SES0014107,U01136,06/01/2024 13:00,2024-01-06 13:00:41,35
SES0014108,U01136,17/05/2024 02:08,17/05/2024 02:09,58
SES0014109,U01136,12/11/2023 15:21,12/11/2023 15:22,79
SES0014110,U01136,26/11/2023 16:50,2023-11-26T16:58:44Z,519
SES0014111,U01136,02/02/2024 18:14,02/02/2024 18:16,112
SES0014112,U01136,2024-06-26T10:04:22Z,26/06/2024 10:05,71
SES0014113,U01136,06/02/2024 16:31,2024-02-06T16:54:44Z,1366
SES0014114,U01136,2024-06-24 21:23:43,2024-06-24T21:31:08Z,445
SES0014115,U01136,19/01/2024 11:21,19/01/2024 11:27,340
SES0014116,U01136,2024-02-28T04:06:50Z,2024-02-28 04:07:39,49
SES0014117,U01136,2024-02-08 12:31:29,08/02/2024 12:36,288
SES0014118,U01136,13/05/2024 16:48,13/05/2024 16:48,42
SES0014119,U01136,20/06/2024 15:04,2024-06-20T15:05:37Z,42
SES0014120,U01136,16/05/2024 04:53,2024-05-16T05:09:58Z,998
SES0014121,U01136,14/05/2024 09:14,2024-05-14T09:17:03Z,174
SES0014122,U01136,2024-01-22T04:49:37Z,2024-01-22T05:20:40Z,1863
SES0014123,U01136,2024-06-05T00:19:59Z,2024-06-05 00:25:38,339
SES0014124,U01136,2023-12-31 03:58:14,2023-12-31 04:00:13,119
SES0014125,U01137,2024-02-25 15:39:06,2024-02-25 15:39:39,N/A
SES0014126,U01137,2023-12-24 15:12:27,2023-12-24 15:13:38,71
SES0014127,U01137,2024-03-06T13:51:55Z,2024-03-06T14:09:42Z,1067
SES0014128,U01139,2023-10-09 01:25:44,2023-10-09 01:29:48,244
SES0014129,U01139,2023-11-18 02:12:38,2023-11-18 02:13:03,25
SES0014130,U01139,16/09/2023 04:39,16/09/2023 04:54,895
SES0014131,U01140,12/09/2023 05:34,2023-09-12 05:36:53,139
SES0014132,U01140,09/09/2023 04:13,2023-09-09 04:14:01,60
SES0014133,U01141,2023-05-21T15:42:58Z,21/05/2023 15:45,154
SES0014134,U01141,2023-06-03T00:05:24Z,03/06/2023 00:11,350
SES0014135,U01142,2023-04-22T01:20:35Z,22/04/2023 01:21,62
SES0014136,U01142,2023-04-21 19:35:16,2023-04-21T19:36:23Z,67
SES0014137,U01142,2023-04-24 13:21:46,2023-04-24T13:24:42Z,176
SES0014138,U01142,20/04/2023 13:46,2023-04-20 13:52:22,337
SES0014139,U01142,2023-04-23 03:21:40,2023-04-23T03:26:08Z,268
SES0014140,U01143,2023-12-19 15:44:33,2023-12-19T15:51:19Z,406
SES0014141,U01143,11/05/2024 01:32,11/05/2024 01:33,80
SES0014142,U01143,2024-02-02 18:53:08,2024-02-05T12:13:56Z,235248
SES0014143,U01143,10/03/2024 23:24,2024-03-10T23:34:55Z,628
SES0014144,U01143,2023-10-02 14:05:31,02/10/2023 14:06,74
SES0014145,U01143,17/12/2023 10:49,2023-12-17 10:53:07,215
SES0014146,U01143,2024-06-14T21:05:17Z,2024-06-14T21:25:45Z,1228
SES0014147,U01143,2023-09-20 11:16:55,20/09/2023 11:23,387
SES0014148,U01143,15/12/2023 09:44,2023-12-15T09:54:37Z,601
SES0014149,U01143,23/03/2024 09:37,2024-03-23T09:38:22Z,82
SES0014150,U01144,2024-03-19 02:41:42,19/03/2024 02:44,183
SES0014151,U01144,2024-03-25T04:24:33Z,25/03/2024 04:25,35
SES0014152,U01144,2024-03-24 12:18:40,2024-03-24 12:23:11,
SES0014153,U01144,2024-03-23 06:54:52,2024-03-23 06:55:47,55
SES0014154,U01144,2024-03-27 15:18:48,2024-03-27 15:32:17,809
SES0014155,U01144,19/03/2024 12:45,2024-03-19T12:48:51Z,227
SES0014156,U01144,2024-03-30T02:01:25Z,2024-03-30T02:01:38Z,13
SES0014157,U01144,2024-03-30 22:32:45,2024-03-30T22:38:42Z,357
SES0014158,U01144,2024-03-29 20:55:11,2024-03-29T20:55:22Z,11
SES0014159,U01144,2024-03-31 02:28:32,2024-03-31T02:29:01Z,29
SES0014160,U01144,24/03/2024 00:03,24/03/2024 00:14,614
SES0014161,U01144,01/04/2024 18:26,2024-04-01 18:43:53,1067
SES0014162,U01144,19/03/2024 06:18,2024-03-19 06:20:26,94
SES0014163,U01144,2024-03-26 23:31:43,26/03/2024 23:33,110
SES0014164,U01144,2024-03-19T17:00:48Z,19/03/2024 17:02,91
SES0014165,U01144,21/03/2024 22:50,2024-03-21 22:55:03,246
SES0014166,U01144,23/03/2024 04:38,23/03/2024 04:40,112
SES0014167,U01144,19/03/2024 23:28,2024-03-19 23:28:34,7
SES0014168,U01144,23/03/2024 00:00,2024-03-23T00:08:21Z,482
SES0014169,U01144,2024-03-22T17:07:06Z,2024-03-22T17:08:43Z,97
SES0014170,U01144,24/03/2024 20:49,2024-03-24T20:50:30Z,79
SES0014171,U01144,2024-03-21T21:58:45Z,2024-03-21 22:22:04,1399
SES0014172,U01144,2024-03-23T14:46:32Z,2024-03-23T14:46:32Z,0
SES0014173,U01144,2024-03-24T16:02:45Z,2024-03-24 16:03:54,69
SES0014174,U01144,2024-03-19 17:44:03,19/03/2024 17:45,61
SES0014175,U01144,2024-03-26 10:42:18,26/03/2024 10:48,377
SES0014176,U01144,01/04/2024 05:38,01/04/2024 05:38,20
SES0014177,U01144,2024-04-01 11:44:45,2024-04-01T11:51:09Z,384
SES0014178,U01144,2024-03-27T20:49:03Z,27/03/2024 20:50,85
SES0014179,U01144,24/03/2024 13:41,24/03/2024 13:42,87
SES0014180,U01145,2024-01-12T17:16:23Z,2024-01-15T11:37:58Z,238895
SES0014181,U01146,2023-09-19 18:24:12,19/09/2023 18:26,153
SES0014182,U01146,2023-06-15 13:51:50,15/06/2023 14:03,680
SES0014183,U01146,26/09/2023 08:12,26/09/2023 08:16,251
SES0014184,U01147,2023-05-14T21:45:41Z,2023-05-14 21:52:40,419
SES0014185,U01147,2023-05-08T00:48:42Z,2023-05-08 00:49:39,57
SES0014186,U01147,2023-07-17T16:20:00Z,17/07/2023 16:21,84
SES0014187,U01147,2023-07-12T16:54:46Z,2023-07-12 17:02:11,445
SES0014188,U01147,21/02/2023 05:00,2023-02-21 05:07:54,472
SES0014189,U01147,2023-03-27 05:38:35,2023-03-27T05:42:39Z,244
SES0014190,U01147,22/06/2023 02:24,2023-06-22T02:24:59Z,43
SES0014191,U01147,2023-06-03T00:36:25Z,2023-06-03 00:51:16,891
SES0014192,U01147,2023-05-29 15:23:45,2023-05-29T15:28:33Z,288
SES0014193,U01147,22/05/2023 16:10,22/05/2023 16:16,394
SES0014194,U01147,13/03/2023 10:29,2023-03-13 10:31:43,144
SES0014195,U01147,26/06/2023 16:14,2023-06-26T16:15:38Z,85
SES0014196,U01147,2023-04-12 07:35:07,12/04/2023 07:41,382
SES0014197,U01147,2023-06-01 21:36:48,01/06/2023 21:45,525
SES0014198,U01147,28/02/2023 02:34,2023-02-28 02:34:57,52
SES0014199,U01147,2023-08-11 18:48:48,2023-08-11 18:50:02,74
SES0014200,U01147,02/07/2023 11:40,2023-07-02 11:43:12,141
SES0014201,U01147,2023-07-27T14:06:58Z,27/07/2023 14:08,104
SES0014202,U01147,17/07/2023 00:53,17/07/2023 00:54,45
SES0014203,U01147,2023-03-25T15:14:23Z,2023-03-25T15:16:27Z,124
SES0014204,U01147,2023-06-20 16:10:52,2023-06-20 16:15:48,296
SES0014205,U01147,2023-05-24 12:19:00,2023-05-24T12:20:28Z,88
SES0014206,U01147,2023-02-13 11:56:10,13/02/2023 11:59,181
SES0014207,U01147,2023-03-20T02:58:04Z,20/03/2023 02:59,62
SES0014208,U01147,10/07/2023 10:21,10/07/2023 10:22,62
SES0014209,U01147,17/03/2023 07:13,17/03/2023 07:18,342
SES0014210,U01147,02/06/2023 04:09,02/06/2023 04:09,35
SES0014211,U01147,2023-05-07T00:28:03Z,07/05/2023 00:28,32
SES0014212,U01147,20/03/2023 03:57,2023-03-20T03:58:34Z,80
SES0014213,U01147,12/05/2023 04:28,12/05/2023 04:31,200
SES0014214,U01147,26/03/2023 13:12,2023-03-26 13:27:25,898
SES0014215,U01147,2023-05-21 21:14:42,2023-05-21 21:17:45,183
SES0014216,U01147,2023-05-24T20:42:30Z,2023-05-24 20:53:13,643
SES0014217,U01147,2023-08-09 23:40:33,09/08/2023 23:42,103
SES0014218,U01147,2023-06-13T14:35:44Z,13/06/2023 14:37,128
SES0014219,U01147,2023-04-21 15:03:58,2023-04-21T15:07:21Z,203
SES0014220,U01147,2023-06-05T01:15:47Z,2023-06-05 01:18:23,156
SES0014221,U01147,2023-04-17 05:39:38,2023-04-17T05:48:58Z,560
SES0014222,U01147,2023-03-18T11:34:06Z,2023-03-18T11:37:18Z,N/A
SES0014223,U01147,2023-02-13T04:24:25Z,2023-02-13T04:25:36Z,71
SES0014224,U01148,2023-11-27 06:46:04,2023-11-27T06:48:25Z,141
SES0014225,U01148,2023-11-25T15:44:22Z,25/11/2023 15:49,280
SES0014226,U01148,27/11/2023 10:33,2023-11-27 10:46:56,783
SES0014227,U01149,26/05/2024 11:11,26/05/2024 11:14,164
SES0014228,U01152,2023-02-19 09:14:44,2023-02-19T09:23:21Z,517
SES0014229,U01152,2023-02-22 12:26:06,22/02/2023 12:26,46
SES0014230,U01152,2023-02-18 20:34:25,2023-02-18T20:34:35Z,10
SES0014231,U01153,20/03/2023 19:17,20/03/2023 19:25,462
SES0014232,U01153,21/03/2023 14:38,2023-03-21 14:39:24,30
SES0014233,U01154,30/09/2023 21:17,30/09/2023 21:20,201
SES0014234,U01154,2023-09-20T14:25:43Z,2023-09-20 14:27:19,96
SES0014235,U01154,2023-09-23 08:24:02,2023-09-23 08:24:47,45
SES0014236,U01155,2024-03-06T00:22:48Z,2024-03-06 00:27:17,269
SES0014237,U01156,2024-06-20 18:37:09,2024-06-20T19:07:24Z,1815
SES0014238,U01156,16/04/2024 04:12,16/04/2024 04:14,167
SES0014239,U01156,26/02/2024 13:09,2024-02-26T13:10:08Z,33
SES0014240,U01156,2024-02-21 10:18:02,2024-02-21 10:18:53,51
SES0014241,U01156,2024-03-01T22:47:07Z,04/03/2024 23:09,260519
SES0014242,U01156,16/05/2024 05:36,16/05/2024 05:38,98
SES0014243,U01156,2024-05-03 18:00:07,03/05/2024 18:00,41
SES0014244,U01156,2024-06-02 02:49:40,2024-06-02 02:51:32,112
SES0014245,U01156,2024-01-28 01:48:22,28/01/2024 01:49,82
SES0014246,U01156,2024-04-10 06:08:42,10/04/2024 06:09,48
SES0014247,U01156,2024-05-27T12:09:50Z,27/05/2024 12:13,195
SES0014248,U01156,2024-05-13 14:20:37,2024-05-13 14:23:34,177
SES0014249,U01156,2024-06-15 21:55:47,15/06/2024 21:56,30
SES0014250,U01156,2024-02-14T19:04:53Z,2024-02-14 19:05:30,37
SES0014251,U01156,2024-04-23 14:57:32,2024-04-23T14:59:13Z,101
SES0014252,U01156,29/06/2024 21:54,2024-06-29T21:54:56Z,48
SES0014253,U01156,15/05/2024 06:59,2024-05-15 07:03:44,247
SES0014254,U01156,01/06/2024 16:51,2024-06-01T16:57:05Z,338
SES0014255,U01156,2024-04-29T14:17:29Z,2024-04-29T14:17:36Z,7
SES0014256,U01156,2024-04-15T03:41:02Z,2024-04-15T03:43:31Z,149
SES0014257,U01156,22/03/2024 16:27,2024-03-22 16:29:46,122
SES0014258,U01156,27/04/2024 21:45,2024-04-27T21:46:54Z,69
SES0014259,U01156,29/04/2024 15:24,29/04/2024 15:24,10
SES0014260,U01156,2024-04-27 15:27:10,2024-04-27 15:32:51,341
SES0014261,U01156,05/03/2024 11:27,2024-03-05 11:32:52,303
SES0014262,U01156,25/05/2024 10:47,2024-05-25 10:48:20,44
SES0014263,U01156,23/04/2024 01:12,2024-04-23T01:16:43Z,245
SES0014264,U01156,2024-04-18T06:15:15Z,18/04/2024 06:16,58
SES0014265,U01156,2024-04-10 06:39:26,2024-04-10 06:42:20,174
SES0014266,U01156,2024-05-21T09:06:40Z,2024-05-21 09:07:37,57
SES0014267,U01156,2024-02-17T04:27:06Z,2024-02-17T04:30:28Z,202
SES0014268,U01156,17/02/2024 07:00,2024-02-17T07:02:12Z,N/A
SES0014269,U01156,2024-06-01 06:58:19,01/06/2024 07:01,176
SES0014270,U01156,29/02/2024 04:35,2024-02-29 04:45:30,629
SES0014271,U01156,01/02/2024 19:54,2024-02-01T19:59:32Z,320
SES0014272,U01156,12/05/2024 00:57,2024-05-12 01:18:10,1221
SES0014273,U01156,2024-03-06T13:08:41Z,06/03/2024 13:11,185
SES0014274,U01156,07/02/2024 15:49,2024-02-07T15:53:16Z,202
SES0014275,U01156,2024-06-01 14:09:48,2024-06-01T14:12:27Z,159
SES0014276,U01156,2024-04-02 17:09:06,2024-04-02T17:10:39Z,93
SES0014277,U01156,2024-04-25 13:17:34,2024-04-25 13:24:57,443
SES0014278,U01156,26/05/2024 07:22,26/05/2024 07:24,N/A
SES0014279,U01156,16/04/2024 21:46,2024-04-16T22:23:56Z,2256
SES0014280,U01156,25/02/2024 11:21,2024-02-25T11:25:23Z,244
SES0014281,U01156,2024-03-25 08:31:56,25/03/2024 08:32,18
SES0014282,U01156,2024-02-20 19:13:08,2024-02-20 19:13:41,
SES0014283,U01156,14/04/2024 13:36,2024-04-14T13:37:34Z,67
SES0014284,U01156,25/03/2024 23:26,25/03/2024 23:37,659
SES0014285,U01156,2024-02-28 02:23:56,2024-02-28T02:24:50Z,54
SES0014286,U01156,2024-05-17 21:25:20,17/05/2024 21:26,98
SES0014287,U01156,2024-04-25T10:10:00Z,2024-04-25T10:10:05Z,5
SES0014288,U01156,2024-04-04 06:22:53,2024-04-04 06:25:11,138
SES0014289,U01156,2024-02-22 17:34:57,2024-02-22 17:37:34,157
SES0014290,U01156,29/04/2024 03:25,29/04/2024 03:26,37
SES0014291,U01156,29/05/2024 23:59,2024-05-31 13:39:50,135595
SES0014292,U01156,2024-05-30 11:07:32,2024-05-30 11:07:32,
SES0014293,U01156,2024-02-17 06:26:24,17/02/2024 06:32,346
SES0014294,U01156,2024-06-29T05:50:50Z,2024-06-29T05:55:46Z,296
SES0014295,U01156,2024-02-28 09:53:33,28/02/2024 09:59,374
SES0014296,U01156,2024-02-26T02:23:40Z,2024-02-26T02:24:59Z,79
SES0014297,U01156,2024-02-20 01:59:32,2024-02-20 02:00:14,42
SES0014298,U01156,2024-04-20T06:02:27Z,20/04/2024 06:06,243
SES0014299,U01156,02/05/2024 14:15,2024-05-02 14:16:02,19
SES0014300,U01156,2024-05-18 00:09:49,2024-05-18 00:12:35,166
SES0014301,U01156,27/03/2024 23:45,2024-03-27T23:47:11Z,78
SES0014302,U01156,2024-03-26 23:59:26,2024-03-27T00:00:33Z,
SES0014303,U01156,05/05/2024 06:45,2024-05-05T06:47:33Z,107
SES0014304,U01156,2024-03-19 14:25:37,19/03/2024 14:28,194
SES0014305,U01156,01/06/2024 00:25,01/06/2024 00:32,383
SES0014306,U01156,10/06/2024 05:15,2024-06-10 05:15:53,26
SES0014307,U01156,2024-03-02T17:53:05Z,2024-03-02 17:54:01,56
SES0014308,U01156,2024-05-08 17:44:20,08/05/2024 17:47,195
SES0014309,U01156,2024-02-06T23:00:24Z,06/02/2024 23:01,88
SES0014310,U01156,2024-04-13T16:43:45Z,2024-04-13T16:47:26Z,221
SES0014311,U01156,2024-04-19 04:09:14,2024-04-19 04:10:05,51
SES0014312,U01156,2024-03-24T22:56:23Z,2024-03-24 23:03:03,400
SES0014313,U01156,21/06/2024 16:54,2024-06-21 16:55:11,35
SES0014314,U01156,10/06/2024 22:31,10/06/2024 22:33,92
SES0014315,U01156,2024-05-03 03:56:13,2024-05-04T17:08:40Z,133947
SES0014316,U01156,2024-02-03T08:56:02Z,2024-02-03T08:58:26Z,144
SES0014317,U01158,2023-07-29T23:31:50Z,2023-07-29T23:43:05Z,675
SES0014318,U01158,2023-07-27T03:34:57Z,27/07/2023 03:36,73
SES0014319,U01158,2023-09-22 06:43:35,2023-09-22T06:43:54Z,19
SES0014320,U01158,2023-08-12T11:17:21Z,12/08/2023 11:17,15
SES0014321,U01158,2023-10-06T06:47:42Z,06/10/2023 06:53,330
SES0014322,U01159,2024-01-21 17:37:09,21/01/2024 17:40,184
SES0014323,U01159,15/02/2024 17:36,15/02/2024 17:36,24
SES0014324,U01159,20/04/2023 11:09,20/04/2023 11:21,747
SES0014325,U01159,2024-02-16T04:57:56Z,2024-02-16 04:59:45,109
SES0014326,U01159,2023-09-28 22:30:59,2023-09-28T22:31:51Z,52
SES0014327,U01160,29/11/2023 10:31,2023-11-29 10:34:47,188
SES0014328,U01160,2024-01-21 03:21:55,2024-01-21 03:22:28,33
SES0014329,U01160,2024-01-11 05:40:53,11/01/2024 05:43,133
SES0014330,U01160,2023-12-17 19:32:01,2023-12-17 19:33:26,85
SES0014331,U01160,2024-05-29T06:49:09Z,2024-05-29T06:50:09Z,60
SES0014332,U01160,2024-03-12T15:54:54Z,12/03/2024 15:55,60
SES0014333,U01160,21/02/2024 22:13,2024-02-21T22:14:11Z,39
SES0014334,U01160,2024-02-07T15:07:28Z,2024-02-07T15:10:29Z,181
SES0014335,U01160,2024-01-19T18:32:41Z,2024-01-19 18:46:01,800
SES0014336,U01160,2024-06-21T08:18:05Z,2024-06-21 08:20:30,145
SES0014337,U01160,09/03/2024 17:11,09/03/2024 17:13,89
SES0014338,U01160,2023-09-30 05:52:09,30/09/2023 05:52,38
SES0014339,U01160,2024-04-07 20:12:25,2024-04-07 20:12:49,24
SES0014340,U01160,2024-05-08 14:04:51,08/05/2024 14:12,444
SES0014341,U01160,01/02/2024 20:10,01/02/2024 20:14,267
SES0014342,U01160,2024-01-30T23:53:44Z,30/01/2024 23:53,0
SES0014343,U01160,05/11/2023 11:13,05/11/2023 11:13,57
SES0014344,U01160,19/05/2024 11:45,2024-05-19 11:46:25,55
SES0014345,U01160,2023-10-09T13:35:22Z,2023-10-09 13:44:58,576
SES0014346,U01160,2023-10-11T01:50:33Z,2023-10-11T01:51:26Z,53
SES0014347,U01161,2023-08-25T02:42:21Z,25/08/2023 02:44,141
SES0014348,U01161,2023-08-30 12:40:17,30/08/2023 12:40,16
SES0014349,U01161,2023-08-25 09:46:32,2023-08-25 09:54:27,475
SES0014350,U01161,30/08/2023 14:16,30/08/2023 14:17,102
SES0014351,U01161,2023-08-26 09:25:18,2023-08-26T09:26:17Z,59
SES0014352,U01161,2023-08-25T07:26:56Z,2023-08-25T07:32:16Z,320
SES0014353,U01161,2023-08-28T01:43:25Z,2023-08-28T01:48:24Z,299
SES0014354,U01161,2023-08-30T12:42:25Z,2023-08-30 12:47:45,320
SES0014355,U01161,26/08/2023 02:07,26/08/2023 02:14,414
SES0014356,U01161,27/08/2023 07:40,2023-08-27T07:42:48Z,122
SES0014357,U01162,2024-05-03T05:29:47Z,2024-05-03T05:31:06Z,79
SES0014358,U01162,2024-06-25T05:50:30Z,2024-06-25T05:54:12Z,222
SES0014359,U01162,2024-06-01T13:30:26Z,2024-06-01T13:31:17Z,51
SES0014360,U01162,20/05/2024 07:51,20/05/2024 07:53,118
SES0014361,U01162,2024-05-08T23:35:03Z,2024-05-08T23:36:23Z,80
SES0014362,U01162,2024-06-29 05:20:27,2024-06-29 05:20:55,28
SES0014363,U01162,2024-06-02 03:57:46,2024-06-02T03:59:36Z,110
SES0014364,U01162,22/06/2024 20:44,2024-06-22T20:49:59Z,332
SES0014365,U01162,02/06/2024 16:55,02/06/2024 16:55,6
SES0014366,U01162,17/06/2024 02:41,2024-06-17 02:44:07,157
SES0014367,U01162,2024-05-21 01:02:14,2024-05-21 01:02:54,40
SES0014368,U01162,13/06/2024 23:18,2024-06-13 23:25:51,418
SES0014369,U01162,2024-05-15 19:57:19,2024-05-15 19:59:30,
SES0014370,U01162,2024-06-05T09:56:04Z,2024-06-05 09:56:45,41
SES0014371,U01162,2024-06-13 01:43:44,2024-06-13T01:57:13Z,809
SES0014372,U01162,2024-05-08T09:47:26Z,08/05/2024 09:48,91
SES0014373,U01162,2024-05-21 02:05:50,2024-05-21T02:08:33Z,163
SES0014374,U01162,25/06/2024 18:33,25/06/2024 18:40,449
SES0014375,U01162,05/06/2024 03:32,05/06/2024 03:33,7
SES0014376,U01162,21/06/2024 20:38,2024-06-21 20:41:37,174
SES0014377,U01162,2024-05-07T10:26:50Z,2024-05-07 10:26:50,0
SES0014378,U01162,2024-06-10 17:22:26,2024-06-10T18:18:12Z,
SES0014379,U01162,2024-05-19T11:11:16Z,2024-05-19 11:15:22,246
SES0014380,U01162,2024-06-22T06:23:45Z,22/06/2024 06:25,130
SES0014381,U01162,2024-05-19 21:49:47,2024-05-19T21:53:00Z,193
SES0014382,U01162,2024-06-08 11:10:20,08/06/2024 11:11,62
SES0014383,U01162,2024-05-13T01:47:27Z,13/05/2024 01:47,31
SES0014384,U01162,15/06/2024 11:34,2024-06-15T11:37:45Z,207
SES0014385,U01162,17/05/2024 15:21,17/05/2024 15:21,22
SES0014386,U01162,2024-06-21T21:42:17Z,2024-06-21 21:48:23,366
SES0014387,U01162,2024-05-25T14:29:04Z,25/05/2024 14:32,222
SES0014388,U01162,08/05/2024 00:20,2024-05-08 00:20:48,7
SES0014389,U01162,2024-06-02 10:35:23,2024-06-02T10:37:21Z,N/A
SES0014390,U01162,2024-06-28 21:21:26,28/06/2024 21:23,122
SES0014391,U01162,2024-06-29T14:58:42Z,29/06/2024 15:03,312
SES0014392,U01162,2024-05-25T00:34:33Z,2024-05-25 00:36:37,
SES0014393,U01162,26/05/2024 02:37,2024-05-26 02:49:08,710
SES0014394,U01162,2024-06-06T20:15:47Z,2024-06-06T20:28:20Z,753
SES0014395,U01162,2024-05-04 05:28:31,2024-05-04 05:31:14,163
SES0014396,U01162,2024-05-17T20:57:30Z,17/05/2024 21:01,269
SES0014397,U01163,2024-04-09T21:33:50Z,2024-04-09 21:39:09,319
SES0014398,U01163,28/07/2023 11:30,28/07/2023 11:32,N/A
SES0014399,U01164,2024-01-11T00:11:44Z,2024-01-11 00:15:05,201
SES0014400,U01164,25/01/2024 04:21,2024-01-25T04:23:27Z,115
SES0014401,U01164,2023-12-28T01:35:08Z,28/12/2023 01:37,143
SES0014402,U01164,02/04/2023 23:07,2023-04-02 23:08:00,56
SES0014403,U01164,2024-01-04T09:52:23Z,2024-01-04T10:00:09Z,466
SES0014404,U01164,2023-11-14T00:57:56Z,2023-11-14 01:03:52,356
SES0014405,U01164,01/02/2024 14:03,01/02/2024 14:04,50
SES0014406,U01164,05/02/2024 17:47,05/02/2024 17:48,59
SES0014407,U01164,2024-01-06T17:07:18Z,2024-01-06 17:17:25,607
SES0014408,U01164,2024-01-21 18:08:11,2024-01-21 18:12:36,265
SES0014409,U01164,19/12/2023 22:24,19/12/2023 22:25,53
SES0014410,U01164,2023-07-17T22:57:06Z,17/07/2023 22:57,40
SES0014411,U01164,2024-01-15 04:56:34,2024-01-15T04:56:34Z,0
SES0014412,U01164,2023-12-28T20:41:59Z,2023-12-28T20:42:38Z,39
SES0014413,U01164,2024-02-06T23:35:13Z,2024-02-06 23:45:35,622
SES0014414,U01164,2023-09-07T17:55:49Z,07/09/2023 18:03,471
SES0014415,U01164,2023-08-02T00:56:53Z,2023-08-02 01:05:39,526
SES0014416,U01164,2024-01-07 18:45:56,2024-01-07T18:46:12Z,16
SES0014417,U01164,06/09/2023 09:34,2023-09-06T09:36:42Z,148
SES0014418,U01164,31/01/2024 21:57,2024-01-31 21:59:14,78
SES0014419,U01164,12/02/2024 15:47,2024-02-12T15:48:44Z,89
SES0014420,U01164,2023-05-09 13:57:51,2023-05-09 13:58:06,15
SES0014421,U01164,07/03/2024 05:49,2024-03-07T05:51:43Z,132
SES0014422,U01164,2023-06-05T06:29:24Z,2023-06-05T06:30:03Z,39
SES0014423,U01164,2023-07-27T08:32:51Z,27/07/2023 08:42,564
SES0014424,U01164,2023-06-28T21:23:18Z,2023-06-28T21:28:25Z,
SES0014425,U01164,2023-08-24T21:21:47Z,24/08/2023 21:25,225
SES0014426,U01164,2023-06-30 15:20:58,2023-06-30T15:34:21Z,803
SES0014427,U01164,2024-01-28 18:37:42,2024-01-28 19:07:38,
SES0014428,U01164,10/11/2023 11:50,2023-11-10 11:53:52,203
SES0014429,U01164,16/07/2023 18:43,16/07/2023 18:43,35
SES0014430,U01164,2023-09-03 09:53:09,03/09/2023 10:04,672
SES0014431,U01164,10/03/2024 21:16,2024-03-10T21:16:57Z,57
SES0014432,U01164,2023-12-12 08:57:32,2023-12-12T09:02:10Z,278
SES0014433,U01164,2023-09-05 15:57:00,05/09/2023 15:57,17
SES0014434,U01164,20/08/2023 10:00,2023-08-20 10:02:37,108
SES0014435,U01164,23/05/2023 13:03,2023-05-23T13:05:22Z,110
SES0014436,U01164,2024-02-20 18:01:20,2024-02-20 18:03:10,110
SES0014437,U01164,14/08/2023 09:58,2023-08-14T09:59:38Z,N/A
SES0014438,U01164,2023-05-23 12:55:36,23/05/2023 12:56,52
SES0014439,U01166,2024-01-01 15:57:39,2024-01-01T15:59:44Z,125
SES0014440,U01166,2024-01-01 13:15:07,01/01/2024 13:16,70
SES0014441,U01166,01/01/2024 11:51,01/01/2024 11:53,117
SES0014442,U01166,2024-01-01 04:35:50,01/01/2024 04:36,31
SES0014443,U01166,2024-01-01T06:35:53Z,2024-01-01T06:39:14Z,201
SES0014444,U01166,01/01/2024 12:19,2024-01-01T12:19:19Z,11
SES0014445,U01166,01/01/2024 03:49,01/01/2024 03:50,
SES0014446,U01166,01/01/2024 22:19,2024-01-01T22:21:12Z,82
SES0014447,U01166,01/01/2024 01:01,2024-01-01 01:01:00,0
SES0014448,U01166,2024-01-01T03:24:00Z,2024-01-01T03:24:26Z,26
SES0014449,U01166,2024-01-01 23:57:37,2024-01-02 00:01:02,205
SES0014450,U01166,01/01/2024 18:00,2024-01-01T18:00:16Z,15
SES0014451,U01166,2024-01-01T19:01:27Z,2024-01-01 19:02:34,67
SES0014452,U01166,2024-01-01T08:10:17Z,2024-01-01T08:11:55Z,98
SES0014453,U01166,2024-01-01 03:17:55,2024-01-01T03:18:18Z,23
SES0014454,U01166,2024-01-01T12:21:25Z,01/01/2024 12:23,132
SES0014455,U01166,01/01/2024 07:06,01/01/2024 07:16,581
SES0014456,U01166,2024-01-01T22:31:04Z,01/01/2024 22:39,498
SES0014457,U01166,2024-01-01T01:55:16Z,2024-01-01T01:56:41Z,85
SES0014458,U01166,01/01/2024 06:19,2024-01-01 06:21:42,124
SES0014459,U01167,2023-08-15T17:48:26Z,2023-08-15T17:55:02Z,396
SES0014460,U01167,13/08/2023 11:45,2023-08-13 11:48:28,158
SES0014461,U01167,31/07/2023 04:27,2023-07-31 04:30:28,208
SES0014462,U01167,2023-06-10T15:04:31Z,2023-06-10T15:09:43Z,312
SES0014463,U01167,2023-07-03 17:14:51,03/07/2023 17:16,122
SES0014464,U01167,2023-07-22T09:22:04Z,22/07/2023 09:25,204
SES0014465,U01167,2023-06-25 11:40:55,25/06/2023 11:43,
SES0014466,U01167,03/08/2023 11:46,2023-08-03T11:48:00Z,89
SES0014467,U01167,2023-06-29T23:45:16Z,2023-06-29T23:45:39Z,23
SES0014468,U01167,2023-08-23T00:57:26Z,23/08/2023 01:01,254
SES0014469,U01167,11/06/2023 16:00,2023-06-11 16:03:03,
SES0014470,U01167,2023-07-30 06:41:43,30/07/2023 06:42,55
SES0014471,U01167,03/08/2023 05:29,03/08/2023 05:31,103
SES0014472,U01167,05/08/2023 03:47,2023-08-05T03:51:13Z,209
SES0014473,U01167,16/07/2023 01:42,2023-07-16 01:42:02,0
SES0014474,U01167,2023-06-20 14:06:26,2023-06-20T14:09:18Z,172
SES0014475,U01167,08/08/2023 04:59,2023-08-08 05:01:08,76
SES0014476,U01167,2023-06-20 17:39:22,2023-06-20T17:54:11Z,889
SES0014477,U01167,09/07/2023 20:07,2023-07-09T20:08:03Z,19
SES0014478,U01167,2023-06-24 01:31:55,24/06/2023 01:32,32
SES0014479,U01167,2023-08-21T05:24:44Z,2023-08-21T05:28:52Z,248
SES0014480,U01167,22/08/2023 17:00,2023-08-22T17:00:01Z,0
SES0014481,U01167,05/09/2023 12:13,2023-09-05T12:15:07Z,73
SES0014482,U01167,2023-06-10T23:17:59Z,10/06/2023 23:18,60
SES0014483,U01167,2023-07-06 17:25:13,06/07/2023 17:26,77
SES0014484,U01167,2023-07-13 12:33:50,2023-07-13T12:35:31Z,101
SES0014485,U01167,2023-07-18 08:51:45,2023-07-18 08:58:09,384
SES0014486,U01167,22/07/2023 15:31,2023-07-22T15:32:21Z,38
SES0014487,U01167,2023-07-06 23:54:18,2023-07-06T23:58:38Z,260
SES0014488,U01167,2023-08-21T20:42:10Z,2023-08-21T20:48:33Z,383
SES0014489,U01167,2023-08-17 03:53:59,17/08/2023 03:56,148
SES0014490,U01167,2023-06-19T17:31:19Z,2023-06-19 17:33:26,N/A
SES0014491,U01167,2023-06-18 13:00:52,2023-06-18T13:01:54Z,62
SES0014492,U01167,17/07/2023 16:49,2023-07-17 16:51:30,115
SES0014493,U01167,2023-08-12 00:50:15,2023-08-12T01:04:31Z,856
SES0014494,U01167,2023-06-17T01:47:58Z,17/06/2023 01:49,111
SES0014495,U01167,2023-07-07T21:58:52Z,2023-07-07 22:01:48,176
SES0014496,U01167,2023-07-08T13:52:27Z,2023-07-08 13:53:52,85
SES0014497,U01167,08/07/2023 09:20,2023-07-08 09:24:17,242
SES0014498,U01167,2023-07-24T09:06:32Z,2023-07-24T09:08:26Z,114
SES0014499,U01167,2023-07-18 03:03:03,2023-07-18T03:13:17Z,614
SES0014500,U01167,2023-07-07 21:11:06,07/07/2023 21:13,119
SES0014501,U01167,2023-07-05 06:04:58,2023-07-05T06:05:23Z,25
SES0014502,U01167,16/08/2023 00:06,2023-08-16 00:09:57,182
SES0014503,U01167,2023-07-04 20:00:58,04/07/2023 20:01,28
SES0014504,U01167,26/06/2023 02:47,2023-06-26T02:48:40Z,44
SES0014505,U01167,2023-08-19T13:17:43Z,2023-08-19 13:30:10,747
SES0014506,U01167,2023-07-21 18:07:39,21/07/2023 18:08,24
SES0014507,U01167,2023-06-24 08:21:16,24/06/2023 08:26,334
SES0014508,U01167,14/08/2023 00:13,2023-08-14 00:14:50,53
SES0014509,U01167,2023-08-30 12:28:31,30/08/2023 12:41,793
SES0014510,U01167,2023-06-13 02:35:40,2023-06-13T02:39:04Z,204
SES0014511,U01167,2023-06-22T00:41:25Z,2023-06-22T00:49:34Z,489
SES0014512,U01167,23/07/2023 22:38,23/07/2023 22:39,31
SES0014513,U01167,2023-09-01 09:33:58,2023-09-01T09:37:56Z,238
SES0014514,U01167,16/06/2023 10:28,2023-06-16 11:01:36,1958
SES0014515,U01167,2023-06-16 11:07:09,2023-06-16 11:09:17,128
SES0014516,U01167,2023-06-22 02:30:19,2023-06-22T02:37:54Z,455
SES0014517,U01167,2023-06-25T03:32:19Z,2023-06-25T03:37:57Z,338
SES0014518,U01167,2023-06-12T20:52:56Z,12/06/2023 21:08,961
SES0014519,U01167,2023-07-28 10:26:50,28/07/2023 10:28,71
SES0014520,U01167,2023-07-20T01:44:50Z,2023-07-20T01:48:33Z,223
SES0014521,U01167,23/06/2023 13:59,2023-06-23 14:11:47,764
SES0014522,U01167,2023-08-27T00:56:09Z,27/08/2023 00:57,76
SES0014523,U01167,2023-07-22 08:58:35,2023-07-22T09:03:08Z,273
SES0014524,U01167,2023-07-24T06:58:41Z,24/07/2023 06:59,30
SES0014525,U01167,09/06/2023 12:44,09/06/2023 12:44,5
SES0014526,U01167,2023-06-19 14:12:11,2023-06-21T18:57:42Z,189931
SES0014527,U01167,2023-07-17 15:08:03,17/07/2023 15:12,243
SES0014528,U01167,08/07/2023 03:19,2023-07-08T03:21:37Z,113
SES0014529,U01167,2023-09-03T13:27:13Z,03/09/2023 13:50,1401
SES0014530,U01167,2023-07-02 16:12:05,02/07/2023 16:45,1995
SES0014531,U01167,2023-07-13 19:30:23,13/07/2023 19:32,132
SES0014532,U01167,25/08/2023 16:42,2023-08-25 16:44:36,135
SES0014533,U01167,2023-06-14T02:05:13Z,2023-06-14T02:17:20Z,727
SES0014534,U01167,20/07/2023 21:05,20/07/2023 21:06,97
SES0014535,U01167,2023-08-06 19:05:37,2023-08-06T19:06:31Z,54
SES0014536,U01167,2023-06-14 14:33:50,2023-06-14 14:35:04,74
SES0014537,U01167,2023-07-05T06:59:12Z,05/07/2023 07:00,106
SES0014538,U01167,2023-08-01 19:58:07,01/08/2023 20:06,508
SES0014539,U01168,2023-05-01T07:58:44Z,2023-05-01 08:00:21,97
SES0014540,U01168,2023-05-12T18:35:35Z,2023-05-12T18:37:20Z,105
SES0014541,U01168,2023-04-23 14:30:02,23/04/2023 14:39,570
SES0014542,U01168,2023-05-19 20:21:57,2023-05-19T21:14:23Z,3146
SES0014543,U01168,2023-05-13 03:16:14,2023-05-13 03:20:32,258
SES0014544,U01168,2023-05-01 00:01:55,2023-05-01T00:01:55Z,
SES0014545,U01168,2023-05-15T09:28:02Z,15/05/2023 09:28,49
SES0014546,U01168,2023-05-19T20:45:28Z,2023-05-19T20:48:20Z,172
SES0014547,U01168,03/05/2023 09:11,2023-05-03T09:14:10Z,132
SES0014548,U01168,24/04/2023 23:23,2023-04-24T23:25:51Z,125
SES0014549,U01169,19/02/2024 19:37,2024-02-19T19:43:30Z,352
SES0014550,U01169,2024-01-13T02:24:36Z,2024-01-13T02:39:43Z,907
SES0014551,U01169,30/12/2023 21:25,2023-12-30 21:25:43,
SES0014552,U01169,2023-12-20 06:58:50,20/12/2023 07:04,N/A
SES0014553,U01169,2024-04-10 16:28:56,2024-04-10 16:32:58,242
SES0014554,U01170,07/12/2023 19:17,2023-12-07T19:19:27Z,94
SES0014555,U01170,2023-12-26 21:30:56,2023-12-26T21:34:55Z,239
SES0014556,U01170,2023-09-18 10:59:44,18/09/2023 11:01,95
SES0014557,U01170,2023-10-11T11:29:28Z,2023-10-11 11:35:03,335
SES0014558,U01170,2023-07-27T13:16:04Z,27/07/2023 13:20,239
SES0014559,U01170,2023-11-17 06:55:07,2023-11-17 06:57:56,169
SES0014560,U01170,2023-12-03 19:55:42,2023-12-03T19:55:58Z,16
SES0014561,U01170,2023-08-08T03:01:24Z,08/08/2023 03:03,106
SES0014562,U01170,27/11/2023 22:09,2023-11-27T22:09:53Z,14
SES0014563,U01170,2023-10-11 05:05:30,2023-10-11T05:27:41Z,1331
SES0014564,U01170,2023-10-13T18:58:14Z,13/10/2023 19:03,300
SES0014565,U01170,30/12/2023 01:29,2023-12-30T01:31:13Z,116
SES0014566,U01170,2023-07-19T08:56:20Z,2023-07-19T08:56:54Z,34
SES0014567,U01170,19/11/2023 06:56,2023-11-19 06:57:39,78
SES0014568,U01170,2023-07-22T10:46:55Z,2023-07-22T10:47:00Z,5
SES0014569,U01170,01/09/2023 01:38,2023-09-01 01:40:31,135
SES0014570,U01170,2023-09-30T11:32:30Z,2023-09-30T11:45:10Z,760
SES0014571,U01170,2023-10-05 00:10:06,2023-10-05 00:15:25,
SES0014572,U01170,2023-07-27T21:04:35Z,2023-07-27 21:12:53,498
SES0014573,U01170,2023-09-11T02:50:55Z,11/09/2023 02:51,7
SES0014574,U01170,2023-12-06T06:10:12Z,2023-12-06T06:14:39Z,267
SES0014575,U01170,2023-11-10 07:53:18,2023-11-10T07:53:54Z,36
SES0014576,U01170,2023-12-16T22:04:14Z,2023-12-16 22:04:49,35
SES0014577,U01170,2023-11-23 10:37:12,2023-11-23T10:44:23Z,N/A
SES0014578,U01170,2023-08-21T16:05:28Z,21/08/2023 16:06,80
SES0014579,U01170,2023-11-15 23:51:20,2023-11-15 23:55:04,224
SES0014580,U01170,2023-10-13 02:14:42,2023-10-13 02:21:14,392
SES0014581,U01170,2023-11-18 22:34:53,2023-11-18 22:40:56,363
SES0014582,U01170,17/11/2023 02:49,2023-11-20 10:47:05,287826
SES0014583,U01170,2023-09-10T08:14:04Z,10/09/2023 08:17,208
SES0014584,U01170,2023-10-30T18:42:22Z,2023-10-30T18:58:35Z,973
SES0014585,U01170,14/09/2023 16:34,2023-09-14T16:35:28Z,68
SES0014586,U01170,18/10/2023 02:18,18/10/2023 02:21,218
SES0014587,U01170,16/11/2023 17:17,16/11/2023 17:23,383
SES0014588,U01170,23/11/2023 19:54,2023-11-23 19:56:06,97
SES0014589,U01170,2023-11-14T08:45:54Z,2023-11-14 08:57:50,716
SES0014590,U01170,21/09/2023 21:12,2023-09-21T21:16:22Z,229
SES0014591,U01170,2024-01-06 06:45:39,2024-01-06T06:51:44Z,365
SES0014592,U01170,2023-12-03 16:34:56,2023-12-03T16:51:13Z,
SES0014593,U01170,09/08/2023 00:41,2023-08-09T00:43:44Z,118
SES0014594,U01170,2023-12-13T00:25:15Z,13/12/2023 00:29,246
SES0014595,U01170,02/01/2024 19:14,2024-01-02T19:16:35Z,123
SES0014596,U01170,2023-12-13 15:42:05,13/12/2023 15:43,69
SES0014597,U01170,2023-09-30T06:54:21Z,30/09/2023 06:55,93
SES0014598,U01170,2023-12-22 01:25:20,2023-12-22 01:32:56,456
SES0014599,U01170,2023-11-13T20:22:06Z,13/11/2023 20:22,11
SES0014600,U01170,2023-11-29 05:18:27,2023-11-29 05:25:43,436
SES0014601,U01170,2024-01-02T08:06:10Z,02/01/2024 08:07,56
SES0014602,U01170,2023-12-14 14:59:38,14/12/2023 15:01,86
SES0014603,U01170,2023-08-01 12:13:58,01/08/2023 12:25,705
SES0014604,U01170,23/12/2023 04:58,23/12/2023 05:02,241
SES0014605,U01170,2023-12-29T14:34:12Z,29/12/2023 14:43,567
SES0014606,U01170,16/09/2023 18:21,2023-09-16 18:30:22,529
SES0014607,U01170,2023-08-11T06:40:33Z,2023-08-11T06:40:45Z,12
SES0014608,U01170,2023-09-27T18:15:22Z,2023-09-27 18:16:50,88
SES0014609,U01170,28/08/2023 10:00,2023-08-28 10:02:07,80
SES0014610,U01170,2023-12-20T14:45:38Z,2023-12-20 14:46:31,53
SES0014611,U01170,2023-08-25T22:19:39Z,2023-08-25 22:28:11,512
SES0014612,U01170,2023-10-21 18:44:03,2023-10-21 18:46:07,124
SES0014613,U01170,2023-08-31T11:10:05Z,2023-08-31 11:15:15,310
SES0014614,U01170,2023-10-05 02:29:26,05/10/2023 02:31,95
SES0014615,U01170,27/07/2023 10:39,27/07/2023 10:41,121
SES0014616,U01170,11/09/2023 11:25,2023-09-11T11:26:49Z,108
SES0014617,U01170,2023-11-19 17:41:50,19/11/2023 17:42,
SES0014618,U01170,2023-08-15T01:49:33Z,15/08/2023 01:51,90
SES0014619,U01170,2023-10-10T03:50:59Z,10/10/2023 03:54,226
SES0014620,U01170,2023-08-27 17:41:24,2023-08-27 17:42:37,73
SES0014621,U01170,2023-10-07 04:57:12,2023-10-07T05:00:20Z,188
SES0014622,U01170,03/09/2023 17:38,2023-09-03T17:39:03Z,51
SES0014623,U01170,2023-08-19 09:28:52,19/08/2023 09:34,320
SES0014624,U01170,19/11/2023 14:25,19/11/2023 14:29,195
SES0014625,U01170,16/10/2023 08:47,2023-10-16 09:05:45,1110
SES0014626,U01170,2023-12-10T17:23:15Z,10/12/2023 17:33,601
SES0014627,U01170,23/07/2023 08:46,23/07/2023 09:10,
SES0014628,U01170,06/11/2023 09:35,2023-11-06T09:37:13Z,86
SES0014629,U01170,2023-09-24T05:41:32Z,2023-09-24T05:44:36Z,184
SES0014630,U01170,26/08/2023 21:05,2023-08-26T21:07:18Z,83
SES0014631,U01170,2023-10-26T02:37:06Z,26/10/2023 02:37,0
SES0014632,U01170,2023-09-11T02:32:13Z,2023-09-11T02:37:54Z,341
SES0014633,U01170,2024-01-09 04:07:32,09/01/2024 04:14,395
SES0014634,U01171,25/06/2024 13:06,25/06/2024 13:09,146
SES0014635,U01171,26/06/2024 19:28,26/06/2024 19:28,49
SES0014636,U01171,2024-06-27T21:29:13Z,27/06/2024 21:29,6
SES0014637,U01171,2024-06-26 20:36:13,2024-06-26T20:51:08Z,895
SES0014638,U01171,29/06/2024 04:51,2024-06-29T04:52:19Z,41
SES0014639,U01171,29/06/2024 15:24,29/06/2024 15:27,193
SES0014640,U01171,25/06/2024 14:15,2024-06-25T14:18:48Z,209
SES0014641,U01171,2024-06-25T10:54:13Z,25/06/2024 10:54,0
SES0014642,U01171,26/06/2024 06:36,2024-06-26T06:39:11Z,163
SES0014643,U01171,2024-06-28 10:53:16,2024-06-28 10:55:29,133
SES0014644,U01172,2024-06-19 19:31:43,2024-06-19T19:45:02Z,N/A
SES0014645,U01172,27/06/2024 19:46,2024-06-27T19:52:13Z,360
SES0014646,U01172,2024-05-28T23:12:02Z,2024-05-28 23:13:51,109
SES0014647,U01172,2024-06-13 03:01:20,2024-06-13T03:04:15Z,175
SES0014648,U01172,15/06/2024 19:42,15/06/2024 19:44,101
SES0014649,U01173,2024-05-29T03:22:38Z,2024-05-29 03:24:58,140
SES0014650,U01173,2024-05-30 21:58:18,2024-05-30 21:58:50,32
SES0014651,U01174,2024-04-01 01:27:56,01/04/2024 01:28,16
SES0014652,U01174,2023-11-03 11:41:33,2023-11-03T11:42:35Z,
SES0014653,U01174,2024-05-20 04:11:44,2024-05-20T04:11:44Z,0
SES0014654,U01174,2024-02-06 13:34:18,2024-02-06 13:34:36,18
SES0014655,U01174,28/05/2024 01:57,2024-05-28T01:59:59Z,121
SES0014656,U01174,2024-01-27 07:03:15,2024-01-27 07:04:12,N/A
SES0014657,U01174,2024-02-25 06:33:37,2024-02-25 06:35:39,122
SES0014658,U01174,11/05/2024 21:40,2024-05-11T21:46:02Z,307
SES0014659,U01174,07/02/2024 05:36,2024-02-07 06:59:47,5014
SES0014660,U01174,2024-03-19 19:38:20,2024-03-19T19:39:03Z,43
SES0014661,U01174,15/04/2024 22:16,2024-04-15 22:22:18,349
SES0014662,U01174,16/04/2024 18:16,16/04/2024 18:20,202
SES0014663,U01174,2024-05-24 20:59:00,2024-05-24 20:59:15,15
SES0014664,U01174,2024-05-31 08:27:52,31/05/2024 08:27,0
SES0014665,U01174,2024-01-22T10:41:13Z,22/01/2024 10:41,34
SES0014666,U01174,2023-11-04T13:18:45Z,2023-11-04 13:19:46,61
SES0014667,U01174,06/05/2024 09:17,2024-05-06 09:18:39,79
SES0014668,U01174,2023-11-12T14:27:18Z,2023-11-12T15:02:03Z,2085
SES0014669,U01174,2024-02-28 04:57:39,28/02/2024 04:59,109
SES0014670,U01174,2024-05-01T23:27:02Z,2024-05-01T23:30:21Z,199
SES0014671,U01174,2024-02-21 05:55:25,21/02/2024 06:02,N/A
SES0014672,U01174,2023-12-02T10:12:36Z,2023-12-02 10:32:33,1197
SES0014673,U01174,2024-01-13 06:27:34,13/01/2024 06:30,203
SES0014674,U01174,2024-01-28T15:18:41Z,28/01/2024 15:27,506
SES0014675,U01174,19/05/2024 20:16,21/05/2024 06:47,124251
SES0014676,U01174,31/03/2024 05:14,31/03/2024 05:15,57
SES0014677,U01174,2024-01-11 15:46:54,11/01/2024 15:48,71
SES0014678,U01174,05/01/2024 05:34,05/01/2024 05:36,121
SES0014679,U01174,2024-02-22 14:19:58,2024-02-25 14:19:08,259150
SES0014680,U01174,11/05/2024 03:08,2024-05-11T03:14:06Z,332
SES0014681,U01174,2024-03-29T23:25:59Z,2024-03-29T23:26:38Z,39
SES0014682,U01174,12/11/2023 12:02,2023-11-12 12:03:44,60
SES0014683,U01174,2024-06-16 16:55:59,2024-06-16T16:57:31Z,92
SES0014684,U01174,17/11/2023 05:59,17/11/2023 06:02,221
SES0014685,U01174,2024-04-19T06:40:34Z,2024-04-19 06:52:42,728
SES0014686,U01174,2024-04-13 06:31:58,13/04/2024 06:35,206
SES0014687,U01174,21/11/2023 11:08,2023-11-21 11:08:57,0
SES0014688,U01174,2024-05-18T09:30:22Z,2024-05-18 09:30:30,8
SES0014689,U01174,2024-06-09T13:45:42Z,2024-06-09T13:46:43Z,61
SES0014690,U01174,24/05/2024 04:56,2024-05-24T04:58:01Z,74
SES0014691,U01175,21/04/2024 09:56,21/04/2024 09:56,16
SES0014692,U01175,2024-04-17T15:32:14Z,17/04/2024 16:08,2168
SES0014693,U01175,15/01/2024 16:04,2024-01-15 16:04:39,2
SES0014694,U01175,2024-06-04T10:55:18Z,2024-06-04T11:03:53Z,515
SES0014695,U01175,02/04/2024 16:56,2024-04-02T16:57:58Z,104
SES0014696,U01175,05/05/2024 23:08,2024-05-05T23:20:24Z,737
SES0014697,U01175,2024-04-20T09:47:24Z,2024-04-20T09:50:12Z,N/A
SES0014698,U01175,2024-06-12 15:40:06,2024-06-12 15:52:25,739
SES0014699,U01175,2024-03-09 21:50:34,2024-03-09 21:51:05,31
SES0014700,U01175,19/02/2024 17:01,2024-02-19T17:02:44Z,65
SES0014701,U01176,30/05/2023 07:04,2023-05-30T07:31:25Z,1626
SES0014702,U01176,2023-05-31 00:54:13,2023-05-31 00:59:55,342
SES0014703,U01176,2023-05-28T05:31:12Z,2023-05-28T05:40:15Z,543
SES0014704,U01176,2023-05-28T00:13:03Z,2023-05-28T00:26:27Z,804
SES0014705,U01176,31/05/2023 14:03,2023-05-31 14:03:32,13
SES0014706,U01177,2023-04-20T18:59:09Z,20/04/2023 18:59,31
SES0014707,U01177,2023-03-24T18:00:30Z,2023-03-24T18:01:13Z,43
SES0014708,U01177,2023-07-05 08:05:09,2023-07-05T08:09:22Z,253
SES0014709,U01177,07/07/2023 11:08,2023-07-07 11:16:49,518
SES0014710,U01177,2023-06-06T19:30:24Z,06/06/2023 19:31,39
SES0014711,U01177,2023-05-26T10:46:11Z,2023-05-26 10:49:45,214
SES0014712,U01177,2023-02-13T05:34:58Z,2023-02-13T05:35:42Z,44
SES0014713,U01177,20/05/2023 02:40,2023-05-20 02:46:32,N/A
SES0014714,U01177,28/02/2023 12:12,28/02/2023 12:12,18
SES0014715,U01177,11/04/2023 21:45,11/04/2023 21:45,0
SES0014716,U01177,2023-03-31 15:09:13,2023-03-31 15:09:51,38
SES0014717,U01177,2023-07-02T06:41:26Z,02/07/2023 06:43,115
SES0014718,U01177,2023-05-18 07:38:55,18/05/2023 07:44,314
SES0014719,U01177,20/04/2023 13:34,2023-04-20T13:35:07Z,52
SES0014720,U01177,17/02/2023 23:31,2023-02-17T23:32:52Z,63
SES0014721,U01177,16/03/2023 15:48,2023-03-16 15:52:05,211
SES0014722,U01177,2023-02-24T14:36:01Z,24/02/2023 14:36,33
SES0014723,U01177,2023-04-03 20:57:55,03/04/2023 20:58,14
SES0014724,U01177,2023-03-15 07:56:05,2023-03-15T08:07:05Z,660
SES0014725,U01177,2023-07-08 23:01:41,08/07/2023 23:05,212
SES0014726,U01178,2024-01-18 21:15:52,2024-01-18 21:16:12,20
SES0014727,U01178,20/01/2024 13:54,2024-01-20T13:57:08Z,188
SES0014728,U01178,2024-01-19T04:20:40Z,2024-01-19 04:21:45,
SES0014729,U01178,2024-01-19T08:13:27Z,19/01/2024 08:15,130
SES0014730,U01178,24/01/2024 20:23,2024-01-24T20:23:28Z,17
SES0014731,U01179,2023-10-26T10:55:17Z,2023-10-26T10:56:54Z,97
SES0014732,U01179,27/10/2023 23:48,27/10/2023 23:58,602
SES0014733,U01179,2023-10-04 15:42:16,04/10/2023 15:42,37
SES0014734,U01180,27/08/2023 08:02,2023-08-27 08:05:49,222
SES0014735,U01180,2023-07-04T12:25:37Z,2023-07-04 12:25:57,20
SES0014736,U01180,02/09/2023 11:24,2023-09-02 11:26:21,109
SES0014737,U01180,2023-08-23T05:46:40Z,23/08/2023 05:49,N/A
SES0014738,U01180,2023-07-14T15:14:06Z,14/07/2023 15:15,58
SES0014739,U01180,2023-09-08T21:14:48Z,2023-09-08 21:17:07,139
SES0014740,U01180,21/07/2023 23:41,21/07/2023 23:42,71
SES0014741,U01180,2023-07-30T22:08:09Z,30/07/2023 22:10,148
SES0014742,U01180,05/09/2023 23:43,05/09/2023 23:44,56
SES0014743,U01180,27/08/2023 19:37,27/08/2023 19:41,271
SES0014744,U01182,2024-06-07 07:02:33,2024-06-07 07:04:32,119
SES0014745,U01183,2023-12-28T06:06:08Z,2023-12-28 06:08:48,160
SES0014746,U01183,2024-01-12T21:06:29Z,2024-01-16 00:09:27,270178
SES0014747,U01183,2024-01-12 17:50:20,2024-01-12 17:53:40,200
SES0014748,U01183,2024-02-08T12:44:23Z,2024-02-08 12:44:58,35
SES0014749,U01183,2024-01-03T09:26:23Z,2024-01-03T09:32:44Z,381
SES0014750,U01183,2023-12-14T08:37:17Z,14/12/2023 08:40,
SES0014751,U01183,2023-12-18 14:43:06,2023-12-18T14:44:18Z,72
SES0014752,U01183,2024-02-09 18:48:19,2024-02-09T18:48:19Z,0
SES0014753,U01183,01/01/2024 01:15,01/01/2024 01:15,2
SES0014754,U01183,2023-12-13 10:07:46,2023-12-13T10:12:24Z,278
SES0014755,U01184,2023-09-27T06:41:53Z,27/09/2023 06:49,471
SES0014756,U01184,19/09/2023 20:59,2023-09-19 21:00:02,41
SES0014757,U01184,2023-09-19T12:07:19Z,2023-09-19 12:11:29,250
SES0014758,U01184,2023-09-18 00:34:32,2023-09-18T00:36:37Z,125
SES0014759,U01184,18/09/2023 20:39,18/09/2023 20:42,154
SES0014760,U01184,03/09/2023 09:44,2023-09-03 09:45:53,87
SES0014761,U01184,2023-09-07T06:53:11Z,2023-09-07 06:57:00,229
SES0014762,U01184,29/09/2023 08:15,2023-09-29 08:16:43,49
SES0014763,U01184,2023-09-26T02:50:55Z,26/09/2023 02:51,48
SES0014764,U01184,2023-10-01T07:33:46Z,2023-10-01T07:34:20Z,34
SES0014765,U01185,29/02/2024 21:08,2024-02-29T21:10:02Z,80
SES0014766,U01186,2024-03-30T02:57:23Z,2024-03-30T02:57:23Z,0
SES0014767,U01187,25/01/2024 04:34,2024-01-25 05:08:57,2078
SES0014768,U01187,2023-12-13 01:31:10,13/12/2023 01:33,
SES0014769,U01187,10/10/2023 23:05,10/10/2023 23:06,17
SES0014770,U01187,2024-01-02 23:19:02,02/01/2024 23:20,77
SES0014771,U01187,03/01/2024 12:12,2024-01-03T12:16:47Z,287
SES0014772,U01187,2024-02-24T20:16:44Z,2024-02-24T20:20:40Z,236
SES0014773,U01187,2023-12-30 04:04:27,30/12/2023 04:07,187
SES0014774,U01187,03/02/2024 08:50,2024-02-03T08:51:52Z,93
SES0014775,U01187,14/12/2023 07:22,14/12/2023 07:24,149
SES0014776,U01187,25/09/2023 00:08,2023-09-25 00:16:10,464
SES0014777,U01188,12/04/2024 13:20,2024-04-12T13:25:10Z,284
SES0014778,U01188,2024-04-02 19:21:49,02/04/2024 19:23,110
SES0014779,U01188,2024-02-13 03:29:49,2024-02-13 03:45:51,962
SES0014780,U01188,2024-01-07 04:55:35,2024-01-07T04:58:31Z,176
SES0014781,U01188,2024-05-13 12:59:17,13/05/2024 13:03,269
SES0014782,U01190,12/11/2023 02:07,12/11/2023 02:09,75
SES0014783,U01190,14/06/2023 01:21,2023-06-14 01:33:46,724
SES0014784,U01190,2024-05-04 15:26:36,2024-05-04T15:28:37Z,121
SES0014785,U01190,07/02/2024 16:09,07/02/2024 16:11,155
SES0014786,U01190,01/03/2024 21:26,01/03/2024 21:28,111
SES0014787,U01191,2023-09-11T14:20:44Z,11/09/2023 14:47,1591
SES0014788,U01191,14/09/2023 07:15,14/09/2023 07:18,164
SES0014789,U01191,2023-10-02T22:59:48Z,02/10/2023 23:00,68
SES0014790,U01191,2023-11-16 04:23:26,19/11/2023 01:57,250456
SES0014791,U01191,20/11/2023 17:41,2023-11-20 17:58:25,1017
SES0014792,U01192,2023-12-15 19:19:30,2023-12-15T19:19:30Z,0
SES0014793,U01192,2023-12-17T02:51:05Z,17/12/2023 02:55,286
SES0014794,U01192,2023-12-16 06:12:04,16/12/2023 06:21,583
SES0014795,U01192,2023-12-12T01:30:31Z,12/12/2023 01:31,40
SES0014796,U01192,17/12/2023 01:28,17/12/2023 01:30,127
SES0014797,U01192,17/12/2023 20:01,2023-12-17 20:04:29,164
SES0014798,U01192,2023-12-12T06:41:05Z,2023-12-12 07:03:50,1365
SES0014799,U01192,14/12/2023 07:17,2023-12-14 07:21:01,226
SES0014800,U01192,17/12/2023 23:23,2023-12-17T23:27:55Z,253
SES0014801,U01192,17/12/2023 01:53,17/12/2023 01:54,32
SES0014802,U01192,16/12/2023 00:37,2023-12-16T00:38:35Z,67
SES0014803,U01192,2023-12-12 20:12:23,2023-12-12 20:18:36,373
SES0014804,U01192,2023-12-17 14:32:28,17/12/2023 14:33,
SES0014805,U01192,2023-12-15 06:37:08,18/12/2023 02:31,N/A
SES0014806,U01192,2023-12-14T09:21:20Z,2023-12-14 09:22:57,97
SES0014807,U01192,17/12/2023 20:32,2023-12-17T20:34:35Z,N/A
SES0014808,U01192,12/12/2023 12:15,12/12/2023 12:15,31
SES0014809,U01192,14/12/2023 23:32,14/12/2023 23:38,348
SES0014810,U01192,2023-12-12 06:10:31,12/12/2023 06:11,63
SES0014811,U01192,2023-12-14T00:26:33Z,14/12/2023 00:27,75
SES0014812,U01192,16/12/2023 21:53,2023-12-16 21:57:18,225
SES0014813,U01192,14/12/2023 11:21,2023-12-14T11:22:15Z,50
SES0014814,U01192,2023-12-15 19:08:24,2023-12-15 19:19:10,646
SES0014815,U01192,14/12/2023 22:54,14/12/2023 22:55,68
SES0014816,U01192,18/12/2023 06:25,2023-12-18T06:26:31Z,39
SES0014817,U01192,2023-12-13T17:41:39Z,2023-12-13 17:45:12,213
SES0014818,U01192,2023-12-13 01:45:35,13/12/2023 01:48,146
SES0014819,U01192,2023-12-15 09:12:09,2023-12-15 09:13:52,103
SES0014820,U01192,2023-12-14 15:46:09,14/12/2023 15:46,27
SES0014821,U01192,2023-12-12T04:59:24Z,2023-12-12T05:01:01Z,97
SES0014822,U01195,01/09/2023 03:40,2023-09-01T03:41:13Z,33
SES0014823,U01195,16/08/2023 12:50,2023-08-16T12:50:28Z,0
SES0014824,U01195,19/11/2023 21:31,2023-11-19T21:34:02Z,155
SES0014825,U01195,01/07/2023 15:09,01/07/2023 15:18,504
SES0014826,U01195,2023-09-27T22:32:03Z,2023-09-27T22:33:58Z,115
SES0014827,U01195,2023-07-21T07:10:14Z,2023-07-21T07:12:04Z,110
SES0014828,U01195,2023-08-20 15:02:12,2023-08-20 15:03:08,56
SES0014829,U01195,2023-09-28 13:06:27,2023-09-28 13:06:27,0
SES0014830,U01195,2023-11-10 23:15:32,2023-11-10T23:19:38Z,246
SES0014831,U01195,2023-11-01T18:10:49Z,2023-11-01 18:12:06,77
SES0014832,U01195,2023-10-18T11:18:11Z,2023-10-18T11:23:08Z,297
SES0014833,U01195,2023-09-16 17:46:54,2023-09-16 17:50:08,194
SES0014834,U01195,2023-12-11T18:49:16Z,2023-12-11T18:54:32Z,316
SES0014835,U01195,12/07/2023 13:56,2023-07-12 14:13:03,967
SES0014836,U01195,2023-12-16T06:55:12Z,16/12/2023 06:58,195
SES0014837,U01195,2023-08-19T10:25:41Z,2023-08-19T10:27:53Z,132
SES0014838,U01195,2023-11-29T09:38:33Z,2023-11-29T09:40:17Z,104
SES0014839,U01195,13/10/2023 19:33,13/10/2023 19:41,472
SES0014840,U01195,2023-10-05T03:39:20Z,05/10/2023 03:46,457
SES0014841,U01195,26/12/2023 07:22,2023-12-26T07:29:09Z,370
SES0014842,U01195,18/10/2023 23:03,2023-10-18 23:04:31,
SES0014843,U01195,04/07/2023 10:43,2023-07-04T10:47:44Z,264
SES0014844,U01195,2023-10-17T02:13:09Z,17/10/2023 02:13,28
SES0014845,U01195,2023-12-05T22:52:14Z,2023-12-05T22:54:57Z,163
SES0014846,U01195,2023-10-18 15:35:22,2023-10-18 15:48:57,815
SES0014847,U01195,2023-12-12 05:13:07,12/12/2023 05:15,151
SES0014848,U01195,08/07/2023 15:51,2023-07-08T15:53:12Z,107
SES0014849,U01195,2023-10-10 07:40:20,2023-10-10 08:02:36,1336
SES0014850,U01195,2023-07-03T10:07:54Z,2023-07-03 10:23:25,931
SES0014851,U01195,09/08/2023 04:09,09/08/2023 04:12,179
SES0014852,U01195,2023-08-27T19:42:26Z,2023-08-27 19:54:21,715
SES0014853,U01195,2023-08-15 13:25:11,2023-08-15T13:33:09Z,478
SES0014854,U01195,10/08/2023 22:00,10/08/2023 22:02,86
SES0014855,U01195,01/10/2023 02:41,2023-10-01 02:42:07,43
SES0014856,U01195,2023-12-05 14:35:59,2023-12-05 14:37:22,83
SES0014857,U01195,2023-09-28T20:41:15Z,2023-09-28 21:00:16,1141
SES0014858,U01195,2023-09-18 10:45:41,18/09/2023 10:47,130
SES0014859,U01195,2023-08-29T09:50:54Z,2023-08-29 09:51:36,42
SES0014860,U01195,21/09/2023 20:50,2023-09-21 20:57:46,415
SES0014861,U01195,2023-07-20T07:34:35Z,2023-07-20 07:37:06,151
SES0014861,U01195,2023-07-20T07:34:35Z,2023-07-20 07:37:06,151
SES0014862,U01196,27/06/2024 22:38,27/06/2024 22:44,352
SES0014863,U01196,2024-06-25 01:49:36,2024-06-25T02:01:37Z,721
SES0014864,U01196,2024-06-27T05:04:09Z,2024-06-27T05:05:15Z,66
SES0014865,U01196,2024-06-23T20:23:51Z,2024-06-23T20:29:22Z,331
SES0014866,U01196,22/06/2024 17:18,2024-06-22T17:21:46Z,173
SES0014867,U01196,2024-06-19T21:36:11Z,2024-06-19T21:37:04Z,53
SES0014868,U01196,2024-06-25 15:23:43,2024-06-25T15:27:55Z,252
SES0014869,U01196,20/06/2024 23:34,2024-06-20 23:35:39,74
SES0014870,U01196,2024-06-28T05:30:35Z,28/06/2024 05:32,99
SES0014871,U01196,2024-06-26T10:31:06Z,2024-06-26 10:39:02,476
SES0014872,U01197,2023-05-31T17:31:43Z,31/05/2023 17:33,123
SES0014873,U01197,2023-05-12T10:45:29Z,2023-05-12T10:46:03Z,34
SES0014874,U01197,19/05/2023 04:30,2023-05-19 04:37:07,368
SES0014875,U01197,2023-04-26 13:44:23,26/04/2023 13:47,167
SES0014876,U01197,2023-04-25 17:39:47,2023-04-25 17:43:06,199
SES0014877,U01197,2023-06-03 18:17:09,2023-06-03 18:19:43,154
SES0014878,U01197,2023-06-25T03:09:33Z,25/06/2023 03:09,0
SES0014879,U01197,2023-06-29T18:50:23Z,29/06/2023 19:33,2562
SES0014880,U01197,02/07/2023 08:49,2023-07-02T08:52:46Z,181
SES0014881,U01197,28/04/2023 06:12,28/04/2023 06:15,174
SES0014882,U01197,2023-04-30 13:33:58,30/04/2023 13:35,103
SES0014883,U01197,2023-06-16 17:22:19,16/06/2023 17:44,1347
SES0014884,U01197,2023-05-09T11:55:35Z,09/05/2023 11:56,45
SES0014885,U01197,2023-05-23 08:39:11,2023-05-23T08:39:54Z,43
SES0014886,U01197,2023-07-14 23:25:14,2023-07-14T23:27:54Z,160
SES0014887,U01197,2023-05-30 20:40:23,2023-05-30 20:43:52,209
SES0014888,U01197,2023-05-13T01:42:17Z,2023-05-13 01:43:08,51
SES0014889,U01197,2023-04-21 09:00:19,21/04/2023 09:33,2003
SES0014890,U01197,22/04/2023 10:41,2023-04-22T10:43:51Z,134
SES0014891,U01197,2023-05-22T16:56:58Z,2023-05-22 17:02:43,345
SES0014892,U01198,2024-01-17 06:45:03,2024-01-18T10:48:09Z,100986
SES0014893,U01198,24/11/2023 10:11,2023-11-24T10:15:50Z,248
SES0014894,U01198,23/03/2024 07:27,23/03/2024 07:28,52
SES0014895,U01198,2024-02-02 01:38:24,02/02/2024 01:42,249
SES0014896,U01198,11/05/2024 22:01,2024-05-11 22:01:23,8
SES0014897,U01198,2024-05-04T04:41:48Z,2024-05-04T04:42:33Z,45
SES0014898,U01198,2024-01-07T22:53:01Z,2024-01-07T22:53:01Z,0
SES0014899,U01198,2024-02-04T01:13:29Z,04/02/2024 01:17,222
SES0014900,U01198,29/01/2024 19:49,29/01/2024 19:50,33
SES0014901,U01198,24/01/2024 09:54,2024-01-24T09:56:06Z,112
SES0014902,U01199,2023-06-26 11:20:15,2023-06-26 11:27:58,463
SES0014903,U01199,2023-06-26T17:47:19Z,26/06/2023 17:47,14
SES0014904,U01199,24/06/2023 05:51,24/06/2023 05:51,N/A
SES0014905,U01199,2023-07-02T17:18:01Z,2023-07-02T17:24:45Z,404
SES0014906,U01199,2023-06-28 11:55:30,28/06/2023 12:07,721
SES0014907,U01199,23/06/2023 16:32,23/06/2023 16:34,96
SES0014908,U01199,27/06/2023 18:06,2023-06-27 18:06:23,0
SES0014909,U01199,28/06/2023 20:59,2023-06-28T21:16:55Z,
SES0014910,U01199,2023-06-28 17:57:25,2023-06-28T18:08:36Z,671
SES0014911,U01199,30/06/2023 23:34,2023-06-30 23:59:53,1504
SES0014912,U01199,26/06/2023 12:31,2023-06-26T12:39:35Z,479
SES0014913,U01199,26/06/2023 23:55,26/06/2023 23:56,41
SES0014914,U01199,25/06/2023 00:36,2023-06-25T00:46:58Z,606
SES0014915,U01199,2023-06-29T07:22:11Z,29/06/2023 07:25,213
SES0014916,U01199,2023-06-23 11:48:54,23/06/2023 11:50,113
SES0014917,U01199,23/06/2023 20:04,2023-06-23T20:08:07Z,221
SES0014918,U01199,2023-06-30 06:35:11,2023-06-30 06:52:35,1044
SES0014919,U01199,02/07/2023 00:12,2023-07-02T00:15:03Z,125
SES0014920,U01199,2023-06-29T06:38:01Z,2023-06-29 06:40:24,143
SES0014921,U01199,2023-06-23 01:50:54,2023-06-23T01:53:33Z,159
SES0014922,U01200,2023-02-28T01:48:41Z,2023-02-28T01:55:51Z,430
SES0014923,U01200,13/04/2023 07:26,13/04/2023 07:36,618
SES0014924,U01200,2023-05-05T07:52:52Z,2023-05-05 07:56:40,228
